[2026-06-04T18:23:35.030+0000] {local_task_job_runner.py:123} INFO - ::group::Pre task execution logs
[2026-06-04T18:23:35.060+0000] {taskinstance.py:2614} INFO - Dependencies all met for dep_context=non-requeueable deps ti=<TaskInstance: olist_master_pipeline.run_olist_platform manual__2026-06-04T18:23:34.242414+00:00 [queued]>
[2026-06-04T18:23:35.071+0000] {taskinstance.py:2614} INFO - Dependencies all met for dep_context=requeueable deps ti=<TaskInstance: olist_master_pipeline.run_olist_platform manual__2026-06-04T18:23:34.242414+00:00 [queued]>
[2026-06-04T18:23:35.073+0000] {taskinstance.py:2867} INFO - Starting attempt 1 of 1
[2026-06-04T18:23:35.092+0000] {taskinstance.py:2890} INFO - Executing <Task(BashOperator): run_olist_platform> on 2026-06-04 18:23:34.242414+00:00
[2026-06-04T18:23:35.110+0000] {logging_mixin.py:190} WARNING - /home/airflow/.local/lib/python3.12/site-packages/airflow/task/task_runner/standard_task_runner.py:70 DeprecationWarning: This process (pid=172) is multi-threaded, use of fork() may lead to deadlocks in the child.
[2026-06-04T18:23:35.109+0000] {standard_task_runner.py:104} INFO - Running: ['airflow', 'tasks', 'run', 'olist_master_pipeline', 'run_olist_platform', 'manual__2026-06-04T18:23:34.242414+00:00', '--job-id', '11', '--raw', '--subdir', 'DAGS_FOLDER/olist_pipeline_dag.py', '--cfg-path', '/tmp/tmpwoiypdpe']
[2026-06-04T18:23:35.113+0000] {standard_task_runner.py:72} INFO - Started process 173 to run task
[2026-06-04T18:23:35.114+0000] {standard_task_runner.py:105} INFO - Job 11: Subtask run_olist_platform
[2026-06-04T18:23:35.187+0000] {task_command.py:467} INFO - Running <TaskInstance: olist_master_pipeline.run_olist_platform manual__2026-06-04T18:23:34.242414+00:00 [running]> on host ad09f06f41e3
[2026-06-04T18:23:35.287+0000] {taskinstance.py:3134} INFO - Exporting env vars: AIRFLOW_CTX_DAG_OWNER='airflow' AIRFLOW_CTX_DAG_ID='olist_master_pipeline' AIRFLOW_CTX_TASK_ID='run_olist_platform' AIRFLOW_CTX_EXECUTION_DATE='2026-06-04T18:23:34.242414+00:00' AIRFLOW_CTX_TRY_NUMBER='1' AIRFLOW_CTX_DAG_RUN_ID='manual__2026-06-04T18:23:34.242414+00:00'
[2026-06-04T18:23:35.291+0000] {taskinstance.py:732} INFO - ::endgroup::
[2026-06-04T18:23:35.332+0000] {subprocess.py:78} INFO - Tmp dir root location: /tmp
[2026-06-04T18:23:35.335+0000] {subprocess.py:88} INFO - Running command: ['/usr/bin/bash', '-c', '\n        docker exec spark-master         /opt/spark/bin/spark-submit         /workspace/project/pipelines/run_pipeline.py\n        ']
[2026-06-04T18:23:35.349+0000] {subprocess.py:99} INFO - Output:
[2026-06-04T18:23:37.759+0000] {subprocess.py:106} INFO - 
[2026-06-04T18:23:37.763+0000] {subprocess.py:106} INFO - 
[2026-06-04T18:23:37.764+0000] {subprocess.py:106} INFO - ================================================================================
[2026-06-04T18:23:37.765+0000] {subprocess.py:106} INFO - OLIST SELLER INTELLIGENCE PLATFORM
[2026-06-04T18:23:37.767+0000] {subprocess.py:106} INFO - MASTER PIPELINE STARTED
[2026-06-04T18:23:37.769+0000] {subprocess.py:106} INFO - ================================================================================
[2026-06-04T18:23:37.770+0000] {subprocess.py:106} INFO - 
[2026-06-04T18:23:37.772+0000] {subprocess.py:106} INFO - 
[2026-06-04T18:23:37.774+0000] {subprocess.py:106} INFO - ================================================================================
[2026-06-04T18:23:37.776+0000] {subprocess.py:106} INFO - STARTING BRONZE PIPELINE
[2026-06-04T18:23:37.778+0000] {subprocess.py:106} INFO - ================================================================================
[2026-06-04T18:23:42.303+0000] {subprocess.py:106} INFO - 26/06/04 18:23:42 INFO SparkContext: Running Spark version 3.5.3
[2026-06-04T18:23:42.308+0000] {subprocess.py:106} INFO - 26/06/04 18:23:42 INFO SparkContext: OS info Linux, 6.5.11-linuxkit, aarch64
[2026-06-04T18:23:42.310+0000] {subprocess.py:106} INFO - 26/06/04 18:23:42 INFO SparkContext: Java version 11.0.24
[2026-06-04T18:23:42.419+0000] {subprocess.py:106} INFO - 26/06/04 18:23:42 WARN NativeCodeLoader: Unable to load native-hadoop library for your platform... using builtin-java classes where applicable
[2026-06-04T18:23:42.548+0000] {subprocess.py:106} INFO - 26/06/04 18:23:42 INFO ResourceUtils: ==============================================================
[2026-06-04T18:23:42.550+0000] {subprocess.py:106} INFO - 26/06/04 18:23:42 INFO ResourceUtils: No custom resources configured for spark.driver.
[2026-06-04T18:23:42.553+0000] {subprocess.py:106} INFO - 26/06/04 18:23:42 INFO ResourceUtils: ==============================================================
[2026-06-04T18:23:42.554+0000] {subprocess.py:106} INFO - 26/06/04 18:23:42 INFO SparkContext: Submitted application: RunBronzePipeline
[2026-06-04T18:23:42.574+0000] {subprocess.py:106} INFO - 26/06/04 18:23:42 INFO ResourceProfile: Default ResourceProfile created, executor resources: Map(cores -> name: cores, amount: 1, script: , vendor: , memory -> name: memory, amount: 1024, script: , vendor: , offHeap -> name: offHeap, amount: 0, script: , vendor: ), task resources: Map(cpus -> name: cpus, amount: 1.0)
[2026-06-04T18:23:42.583+0000] {subprocess.py:106} INFO - 26/06/04 18:23:42 INFO ResourceProfile: Limiting resource is cpu
[2026-06-04T18:23:42.585+0000] {subprocess.py:106} INFO - 26/06/04 18:23:42 INFO ResourceProfileManager: Added ResourceProfile id: 0
[2026-06-04T18:23:42.648+0000] {subprocess.py:106} INFO - 26/06/04 18:23:42 INFO SecurityManager: Changing view acls to: spark
[2026-06-04T18:23:42.653+0000] {subprocess.py:106} INFO - 26/06/04 18:23:42 INFO SecurityManager: Changing modify acls to: spark
[2026-06-04T18:23:42.655+0000] {subprocess.py:106} INFO - 26/06/04 18:23:42 INFO SecurityManager: Changing view acls groups to:
[2026-06-04T18:23:42.660+0000] {subprocess.py:106} INFO - 26/06/04 18:23:42 INFO SecurityManager: Changing modify acls groups to:
[2026-06-04T18:23:42.670+0000] {subprocess.py:106} INFO - 26/06/04 18:23:42 INFO SecurityManager: SecurityManager: authentication disabled; ui acls disabled; users with view permissions: spark; groups with view permissions: EMPTY; users with modify permissions: spark; groups with modify permissions: EMPTY
[2026-06-04T18:23:42.911+0000] {subprocess.py:106} INFO - 26/06/04 18:23:42 INFO Utils: Successfully started service 'sparkDriver' on port 33885.
[2026-06-04T18:23:42.966+0000] {subprocess.py:106} INFO - 26/06/04 18:23:42 INFO SparkEnv: Registering MapOutputTracker
[2026-06-04T18:23:42.992+0000] {subprocess.py:106} INFO - 26/06/04 18:23:42 INFO SparkEnv: Registering BlockManagerMaster
[2026-06-04T18:23:43.010+0000] {subprocess.py:106} INFO - 26/06/04 18:23:43 INFO BlockManagerMasterEndpoint: Using org.apache.spark.storage.DefaultTopologyMapper for getting topology information
[2026-06-04T18:23:43.012+0000] {subprocess.py:106} INFO - 26/06/04 18:23:43 INFO BlockManagerMasterEndpoint: BlockManagerMasterEndpoint up
[2026-06-04T18:23:43.028+0000] {subprocess.py:106} INFO - 26/06/04 18:23:43 INFO SparkEnv: Registering BlockManagerMasterHeartbeat
[2026-06-04T18:23:43.048+0000] {subprocess.py:106} INFO - 26/06/04 18:23:43 INFO DiskBlockManager: Created local directory at /tmp/blockmgr-4a738bb9-b388-4ed1-94d7-31cd494ddf72
[2026-06-04T18:23:43.062+0000] {subprocess.py:106} INFO - 26/06/04 18:23:43 INFO MemoryStore: MemoryStore started with capacity 434.4 MiB
[2026-06-04T18:23:43.108+0000] {subprocess.py:106} INFO - 26/06/04 18:23:43 INFO SparkEnv: Registering OutputCommitCoordinator
[2026-06-04T18:23:43.267+0000] {subprocess.py:106} INFO - 26/06/04 18:23:43 INFO JettyUtils: Start Jetty 0.0.0.0:4040 for SparkUI
[2026-06-04T18:23:43.344+0000] {subprocess.py:106} INFO - 26/06/04 18:23:43 INFO Utils: Successfully started service 'SparkUI' on port 4040.
[2026-06-04T18:23:43.423+0000] {subprocess.py:106} INFO - 26/06/04 18:23:43 INFO Executor: Starting executor ID driver on host spark-master
[2026-06-04T18:23:43.425+0000] {subprocess.py:106} INFO - 26/06/04 18:23:43 INFO Executor: OS info Linux, 6.5.11-linuxkit, aarch64
[2026-06-04T18:23:43.426+0000] {subprocess.py:106} INFO - 26/06/04 18:23:43 INFO Executor: Java version 11.0.24
[2026-06-04T18:23:43.429+0000] {subprocess.py:106} INFO - 26/06/04 18:23:43 INFO Executor: Starting executor with user classpath (userClassPathFirst = false): ''
[2026-06-04T18:23:43.430+0000] {subprocess.py:106} INFO - 26/06/04 18:23:43 INFO Executor: Created or updated repl class loader org.apache.spark.util.MutableURLClassLoader@6f6b5faa for default.
[2026-06-04T18:23:43.448+0000] {subprocess.py:106} INFO - 26/06/04 18:23:43 INFO Utils: Successfully started service 'org.apache.spark.network.netty.NettyBlockTransferService' on port 34085.
[2026-06-04T18:23:43.451+0000] {subprocess.py:106} INFO - 26/06/04 18:23:43 INFO NettyBlockTransferService: Server created on spark-master:34085
[2026-06-04T18:23:43.453+0000] {subprocess.py:106} INFO - 26/06/04 18:23:43 INFO BlockManager: Using org.apache.spark.storage.RandomBlockReplicationPolicy for block replication policy
[2026-06-04T18:23:43.457+0000] {subprocess.py:106} INFO - 26/06/04 18:23:43 INFO BlockManagerMaster: Registering BlockManager BlockManagerId(driver, spark-master, 34085, None)
[2026-06-04T18:23:43.460+0000] {subprocess.py:106} INFO - 26/06/04 18:23:43 INFO BlockManagerMasterEndpoint: Registering block manager spark-master:34085 with 434.4 MiB RAM, BlockManagerId(driver, spark-master, 34085, None)
[2026-06-04T18:23:43.462+0000] {subprocess.py:106} INFO - 26/06/04 18:23:43 INFO BlockManagerMaster: Registered BlockManager BlockManagerId(driver, spark-master, 34085, None)
[2026-06-04T18:23:43.464+0000] {subprocess.py:106} INFO - 26/06/04 18:23:43 INFO BlockManager: Initialized BlockManager: BlockManagerId(driver, spark-master, 34085, None)
[2026-06-04T18:23:43.966+0000] {subprocess.py:106} INFO - 
[2026-06-04T18:23:43.969+0000] {subprocess.py:106} INFO - ============================================================
[2026-06-04T18:23:43.970+0000] {subprocess.py:106} INFO - INGESTING: orders
[2026-06-04T18:23:43.972+0000] {subprocess.py:106} INFO - ============================================================
[2026-06-04T18:23:48.408+0000] {subprocess.py:106} INFO - 26/06/04 18:23:48 WARN MetricsConfig: Cannot locate configuration: tried hadoop-metrics2-s3a-file-system.properties,hadoop-metrics2.properties
[2026-06-04T18:23:56.637+0000] {subprocess.py:106} INFO - Rows Written: 99441
[2026-06-04T18:23:56.677+0000] {subprocess.py:106} INFO - 
[2026-06-04T18:23:56.681+0000] {subprocess.py:106} INFO - ============================================================
[2026-06-04T18:23:56.684+0000] {subprocess.py:106} INFO - INGESTING: order_items
[2026-06-04T18:23:56.687+0000] {subprocess.py:106} INFO - ============================================================
[2026-06-04T18:24:01.415+0000] {subprocess.py:106} INFO - Rows Written: 112650
[2026-06-04T18:24:01.432+0000] {subprocess.py:106} INFO - 
[2026-06-04T18:24:01.433+0000] {subprocess.py:106} INFO - ============================================================
[2026-06-04T18:24:01.435+0000] {subprocess.py:106} INFO - INGESTING: customers
[2026-06-04T18:24:01.439+0000] {subprocess.py:106} INFO - ============================================================
[2026-06-04T18:24:04.852+0000] {subprocess.py:106} INFO - Rows Written: 99441
[2026-06-04T18:24:04.859+0000] {subprocess.py:106} INFO - 
[2026-06-04T18:24:04.862+0000] {subprocess.py:106} INFO - ============================================================
[2026-06-04T18:24:04.865+0000] {subprocess.py:106} INFO - INGESTING: sellers
[2026-06-04T18:24:04.868+0000] {subprocess.py:106} INFO - ============================================================
[2026-06-04T18:24:08.654+0000] {subprocess.py:106} INFO - Rows Written: 3095
[2026-06-04T18:24:08.804+0000] {subprocess.py:106} INFO - 
[2026-06-04T18:24:08.832+0000] {subprocess.py:106} INFO - ============================================================
[2026-06-04T18:24:08.851+0000] {subprocess.py:106} INFO - INGESTING: products
[2026-06-04T18:24:08.855+0000] {subprocess.py:106} INFO - ============================================================
[2026-06-04T18:24:17.642+0000] {subprocess.py:106} INFO - Rows Written: 32951
[2026-06-04T18:24:17.652+0000] {subprocess.py:106} INFO - 
[2026-06-04T18:24:17.654+0000] {subprocess.py:106} INFO - ============================================================
[2026-06-04T18:24:17.662+0000] {subprocess.py:106} INFO - INGESTING: payments
[2026-06-04T18:24:17.670+0000] {subprocess.py:106} INFO - ============================================================
[2026-06-04T18:24:23.973+0000] {subprocess.py:106} INFO - Rows Written: 103886
[2026-06-04T18:24:23.991+0000] {subprocess.py:106} INFO - 
[2026-06-04T18:24:24.003+0000] {subprocess.py:106} INFO - ============================================================
[2026-06-04T18:24:24.011+0000] {subprocess.py:106} INFO - INGESTING: reviews
[2026-06-04T18:24:24.017+0000] {subprocess.py:106} INFO - ============================================================
[2026-06-04T18:24:30.761+0000] {subprocess.py:106} INFO - Rows Written: 104162
[2026-06-04T18:24:30.790+0000] {subprocess.py:106} INFO - 
[2026-06-04T18:24:30.798+0000] {subprocess.py:106} INFO - ============================================================
[2026-06-04T18:24:30.802+0000] {subprocess.py:106} INFO - INGESTING: geolocation
[2026-06-04T18:24:30.809+0000] {subprocess.py:106} INFO - ============================================================
[2026-06-04T18:24:53.867+0000] {subprocess.py:106} INFO - Rows Written: 1000163
[2026-06-04T18:24:53.991+0000] {subprocess.py:106} INFO - 
[2026-06-04T18:24:54.002+0000] {subprocess.py:106} INFO - ============================================================
[2026-06-04T18:24:54.026+0000] {subprocess.py:106} INFO - INGESTING: category_translation
[2026-06-04T18:24:54.039+0000] {subprocess.py:106} INFO - ============================================================
[2026-06-04T18:24:59.221+0000] {subprocess.py:106} INFO - Rows Written: 71
[2026-06-04T18:24:59.260+0000] {subprocess.py:106} INFO - 
[2026-06-04T18:24:59.266+0000] {subprocess.py:106} INFO - ============================================================
[2026-06-04T18:24:59.270+0000] {subprocess.py:106} INFO - INGESTING: mql
[2026-06-04T18:24:59.275+0000] {subprocess.py:106} INFO - ============================================================
[2026-06-04T18:25:02.044+0000] {subprocess.py:106} INFO - Rows Written: 8000
[2026-06-04T18:25:02.049+0000] {subprocess.py:106} INFO - 
[2026-06-04T18:25:02.057+0000] {subprocess.py:106} INFO - ============================================================
[2026-06-04T18:25:02.059+0000] {subprocess.py:106} INFO - INGESTING: closed_deals
[2026-06-04T18:25:02.068+0000] {subprocess.py:106} INFO - ============================================================
[2026-06-04T18:25:04.469+0000] {subprocess.py:106} INFO - Rows Written: 842
[2026-06-04T18:25:05.229+0000] {subprocess.py:106} INFO - Bronze Pipeline completed successfully (87.47 sec)
[2026-06-04T18:25:05.233+0000] {subprocess.py:106} INFO - 
[2026-06-04T18:25:05.235+0000] {subprocess.py:106} INFO - 
[2026-06-04T18:25:05.237+0000] {subprocess.py:106} INFO - ================================================================================
[2026-06-04T18:25:05.239+0000] {subprocess.py:106} INFO - STARTING SILVER PIPELINE
[2026-06-04T18:25:05.241+0000] {subprocess.py:106} INFO - ================================================================================
[2026-06-04T18:25:08.728+0000] {subprocess.py:106} INFO - 
[2026-06-04T18:25:08.749+0000] {subprocess.py:106} INFO - 
[2026-06-04T18:25:08.753+0000] {subprocess.py:106} INFO - ======================================================================
[2026-06-04T18:25:08.757+0000] {subprocess.py:106} INFO - STARTING SILVER PIPELINE
[2026-06-04T18:25:08.760+0000] {subprocess.py:106} INFO - ======================================================================
[2026-06-04T18:25:08.763+0000] {subprocess.py:106} INFO - Environment: minio
[2026-06-04T18:25:08.768+0000] {subprocess.py:106} INFO - Project Root: /workspace/project
[2026-06-04T18:25:08.770+0000] {subprocess.py:106} INFO - 
[2026-06-04T18:25:08.773+0000] {subprocess.py:106} INFO - 
[2026-06-04T18:25:08.777+0000] {subprocess.py:106} INFO - ======================================================================
[2026-06-04T18:25:08.783+0000] {subprocess.py:106} INFO - STARTING MARKETING LAYER
[2026-06-04T18:25:08.784+0000] {subprocess.py:106} INFO - ======================================================================
[2026-06-04T18:25:08.786+0000] {subprocess.py:106} INFO - 
[2026-06-04T18:25:08.787+0000] {subprocess.py:106} INFO - ======================================================================
[2026-06-04T18:25:08.789+0000] {subprocess.py:106} INFO - RUNNING: transform_mql.py
[2026-06-04T18:25:08.791+0000] {subprocess.py:106} INFO - ======================================================================
[2026-06-04T18:25:08.810+0000] {subprocess.py:106} INFO - Project Root Added: /workspace/project
[2026-06-04T18:25:09.462+0000] {subprocess.py:106} INFO - 26/06/04 18:25:09 INFO SparkContext: Running Spark version 3.5.3
[2026-06-04T18:25:09.467+0000] {subprocess.py:106} INFO - 26/06/04 18:25:09 INFO SparkContext: OS info Linux, 6.5.11-linuxkit, aarch64
[2026-06-04T18:25:09.469+0000] {subprocess.py:106} INFO - 26/06/04 18:25:09 INFO SparkContext: Java version 11.0.24
[2026-06-04T18:25:09.585+0000] {subprocess.py:106} INFO - 26/06/04 18:25:09 WARN NativeCodeLoader: Unable to load native-hadoop library for your platform... using builtin-java classes where applicable
[2026-06-04T18:25:09.707+0000] {subprocess.py:106} INFO - 26/06/04 18:25:09 INFO ResourceUtils: ==============================================================
[2026-06-04T18:25:09.710+0000] {subprocess.py:106} INFO - 26/06/04 18:25:09 INFO ResourceUtils: No custom resources configured for spark.driver.
[2026-06-04T18:25:09.712+0000] {subprocess.py:106} INFO - 26/06/04 18:25:09 INFO ResourceUtils: ==============================================================
[2026-06-04T18:25:09.714+0000] {subprocess.py:106} INFO - 26/06/04 18:25:09 INFO SparkContext: Submitted application: TransformSilverMQL
[2026-06-04T18:25:09.735+0000] {subprocess.py:106} INFO - 26/06/04 18:25:09 INFO ResourceProfile: Default ResourceProfile created, executor resources: Map(cores -> name: cores, amount: 1, script: , vendor: , memory -> name: memory, amount: 1024, script: , vendor: , offHeap -> name: offHeap, amount: 0, script: , vendor: ), task resources: Map(cpus -> name: cpus, amount: 1.0)
[2026-06-04T18:25:09.753+0000] {subprocess.py:106} INFO - 26/06/04 18:25:09 INFO ResourceProfile: Limiting resource is cpu
[2026-06-04T18:25:09.755+0000] {subprocess.py:106} INFO - 26/06/04 18:25:09 INFO ResourceProfileManager: Added ResourceProfile id: 0
[2026-06-04T18:25:09.823+0000] {subprocess.py:106} INFO - 26/06/04 18:25:09 INFO SecurityManager: Changing view acls to: spark
[2026-06-04T18:25:09.827+0000] {subprocess.py:106} INFO - 26/06/04 18:25:09 INFO SecurityManager: Changing modify acls to: spark
[2026-06-04T18:25:09.830+0000] {subprocess.py:106} INFO - 26/06/04 18:25:09 INFO SecurityManager: Changing view acls groups to:
[2026-06-04T18:25:09.832+0000] {subprocess.py:106} INFO - 26/06/04 18:25:09 INFO SecurityManager: Changing modify acls groups to:
[2026-06-04T18:25:09.836+0000] {subprocess.py:106} INFO - 26/06/04 18:25:09 INFO SecurityManager: SecurityManager: authentication disabled; ui acls disabled; users with view permissions: spark; groups with view permissions: EMPTY; users with modify permissions: spark; groups with modify permissions: EMPTY
[2026-06-04T18:25:10.089+0000] {subprocess.py:106} INFO - 26/06/04 18:25:10 INFO Utils: Successfully started service 'sparkDriver' on port 39831.
[2026-06-04T18:25:10.152+0000] {subprocess.py:106} INFO - 26/06/04 18:25:10 INFO SparkEnv: Registering MapOutputTracker
[2026-06-04T18:25:10.185+0000] {subprocess.py:106} INFO - 26/06/04 18:25:10 INFO SparkEnv: Registering BlockManagerMaster
[2026-06-04T18:25:10.202+0000] {subprocess.py:106} INFO - 26/06/04 18:25:10 INFO BlockManagerMasterEndpoint: Using org.apache.spark.storage.DefaultTopologyMapper for getting topology information
[2026-06-04T18:25:10.204+0000] {subprocess.py:106} INFO - 26/06/04 18:25:10 INFO BlockManagerMasterEndpoint: BlockManagerMasterEndpoint up
[2026-06-04T18:25:10.208+0000] {subprocess.py:106} INFO - 26/06/04 18:25:10 INFO SparkEnv: Registering BlockManagerMasterHeartbeat
[2026-06-04T18:25:10.228+0000] {subprocess.py:106} INFO - 26/06/04 18:25:10 INFO DiskBlockManager: Created local directory at /tmp/blockmgr-42e35c1e-044e-4c2c-b263-0d564d8df410
[2026-06-04T18:25:10.241+0000] {subprocess.py:106} INFO - 26/06/04 18:25:10 INFO MemoryStore: MemoryStore started with capacity 434.4 MiB
[2026-06-04T18:25:10.257+0000] {subprocess.py:106} INFO - 26/06/04 18:25:10 INFO SparkEnv: Registering OutputCommitCoordinator
[2026-06-04T18:25:10.393+0000] {subprocess.py:106} INFO - 26/06/04 18:25:10 INFO JettyUtils: Start Jetty 0.0.0.0:4040 for SparkUI
[2026-06-04T18:25:10.462+0000] {subprocess.py:106} INFO - 26/06/04 18:25:10 INFO Utils: Successfully started service 'SparkUI' on port 4040.
[2026-06-04T18:25:10.611+0000] {subprocess.py:106} INFO - 26/06/04 18:25:10 INFO Executor: Starting executor ID driver on host spark-master
[2026-06-04T18:25:10.613+0000] {subprocess.py:106} INFO - 26/06/04 18:25:10 INFO Executor: OS info Linux, 6.5.11-linuxkit, aarch64
[2026-06-04T18:25:10.616+0000] {subprocess.py:106} INFO - 26/06/04 18:25:10 INFO Executor: Java version 11.0.24
[2026-06-04T18:25:10.619+0000] {subprocess.py:106} INFO - 26/06/04 18:25:10 INFO Executor: Starting executor with user classpath (userClassPathFirst = false): ''
[2026-06-04T18:25:10.622+0000] {subprocess.py:106} INFO - 26/06/04 18:25:10 INFO Executor: Created or updated repl class loader org.apache.spark.util.MutableURLClassLoader@5b0d2d5d for default.
[2026-06-04T18:25:10.643+0000] {subprocess.py:106} INFO - 26/06/04 18:25:10 INFO Utils: Successfully started service 'org.apache.spark.network.netty.NettyBlockTransferService' on port 40709.
[2026-06-04T18:25:10.645+0000] {subprocess.py:106} INFO - 26/06/04 18:25:10 INFO NettyBlockTransferService: Server created on spark-master:40709
[2026-06-04T18:25:10.647+0000] {subprocess.py:106} INFO - 26/06/04 18:25:10 INFO BlockManager: Using org.apache.spark.storage.RandomBlockReplicationPolicy for block replication policy
[2026-06-04T18:25:10.651+0000] {subprocess.py:106} INFO - 26/06/04 18:25:10 INFO BlockManagerMaster: Registering BlockManager BlockManagerId(driver, spark-master, 40709, None)
[2026-06-04T18:25:10.659+0000] {subprocess.py:106} INFO - 26/06/04 18:25:10 INFO BlockManagerMasterEndpoint: Registering block manager spark-master:40709 with 434.4 MiB RAM, BlockManagerId(driver, spark-master, 40709, None)
[2026-06-04T18:25:10.668+0000] {subprocess.py:106} INFO - 26/06/04 18:25:10 INFO BlockManagerMaster: Registered BlockManager BlockManagerId(driver, spark-master, 40709, None)
[2026-06-04T18:25:10.673+0000] {subprocess.py:106} INFO - 26/06/04 18:25:10 INFO BlockManager: Initialized BlockManager: BlockManagerId(driver, spark-master, 40709, None)
[2026-06-04T18:25:11.112+0000] {subprocess.py:106} INFO - 
[2026-06-04T18:25:11.114+0000] {subprocess.py:106} INFO - =================================================
[2026-06-04T18:25:11.115+0000] {subprocess.py:106} INFO - LOADING BRONZE MQL DATASET
[2026-06-04T18:25:11.117+0000] {subprocess.py:106} INFO - =================================================
[2026-06-04T18:25:12.351+0000] {subprocess.py:106} INFO - 26/06/04 18:25:12 WARN MetricsConfig: Cannot locate configuration: tried hadoop-metrics2-s3a-file-system.properties,hadoop-metrics2.properties
[2026-06-04T18:25:19.872+0000] {subprocess.py:106} INFO - Bronze MQL Count: 8000
[2026-06-04T18:25:19.889+0000] {subprocess.py:106} INFO - 
[2026-06-04T18:25:19.898+0000] {subprocess.py:106} INFO - =================================================
[2026-06-04T18:25:19.908+0000] {subprocess.py:106} INFO - BRONZE MQL SCHEMA
[2026-06-04T18:25:19.912+0000] {subprocess.py:106} INFO - =================================================
[2026-06-04T18:25:19.915+0000] {subprocess.py:106} INFO - root
[2026-06-04T18:25:19.916+0000] {subprocess.py:106} INFO -  |-- mql_id: string (nullable = true)
[2026-06-04T18:25:19.918+0000] {subprocess.py:106} INFO -  |-- first_contact_date: string (nullable = true)
[2026-06-04T18:25:19.920+0000] {subprocess.py:106} INFO -  |-- landing_page_id: string (nullable = true)
[2026-06-04T18:25:19.923+0000] {subprocess.py:106} INFO -  |-- origin: string (nullable = true)
[2026-06-04T18:25:19.925+0000] {subprocess.py:106} INFO -  |-- ingestion_timestamp: timestamp (nullable = true)
[2026-06-04T18:25:19.928+0000] {subprocess.py:106} INFO -  |-- ingestion_date: date (nullable = true)
[2026-06-04T18:25:19.931+0000] {subprocess.py:106} INFO -  |-- source_file: string (nullable = true)
[2026-06-04T18:25:19.933+0000] {subprocess.py:106} INFO - 
[2026-06-04T18:25:19.935+0000] {subprocess.py:106} INFO - 
[2026-06-04T18:25:19.936+0000] {subprocess.py:106} INFO - =================================================
[2026-06-04T18:25:19.937+0000] {subprocess.py:106} INFO - STARTING SILVER TRANSFORMATIONS
[2026-06-04T18:25:19.938+0000] {subprocess.py:106} INFO - =================================================
[2026-06-04T18:25:19.941+0000] {subprocess.py:106} INFO - 
[2026-06-04T18:25:19.944+0000] {subprocess.py:106} INFO - Applying MQL ID standardization...
[2026-06-04T18:25:20.006+0000] {subprocess.py:106} INFO - 
[2026-06-04T18:25:20.010+0000] {subprocess.py:106} INFO - Applying acquisition source normalization...
[2026-06-04T18:25:20.047+0000] {subprocess.py:106} INFO - 
[2026-06-04T18:25:20.048+0000] {subprocess.py:106} INFO - Applying landing page normalization...
[2026-06-04T18:25:20.086+0000] {subprocess.py:106} INFO - 
[2026-06-04T18:25:20.089+0000] {subprocess.py:106} INFO - Applying timestamp standardization...
[2026-06-04T18:25:20.103+0000] {subprocess.py:106} INFO - 
[2026-06-04T18:25:20.104+0000] {subprocess.py:106} INFO - Applying metadata enrichment...
[2026-06-04T18:25:20.132+0000] {subprocess.py:106} INFO - 
[2026-06-04T18:25:20.133+0000] {subprocess.py:106} INFO - Applying final schema ordering...
[2026-06-04T18:25:20.153+0000] {subprocess.py:106} INFO - 
[2026-06-04T18:25:20.155+0000] {subprocess.py:106} INFO - Materializing Silver MQL DataFrame...
[2026-06-04T18:25:21.827+0000] {subprocess.py:106} INFO - 
[2026-06-04T18:25:21.845+0000] {subprocess.py:106} INFO - =================================================
[2026-06-04T18:25:21.850+0000] {subprocess.py:106} INFO - RUNNING MQL VALIDATION
[2026-06-04T18:25:21.854+0000] {subprocess.py:106} INFO - =================================================
[2026-06-04T18:25:21.859+0000] {subprocess.py:106} INFO - 
[2026-06-04T18:25:21.863+0000] {subprocess.py:106} INFO - [1] ROW COUNT ANALYSIS
[2026-06-04T18:25:22.331+0000] {subprocess.py:106} INFO - Source MQL Count: 8000
[2026-06-04T18:25:22.334+0000] {subprocess.py:106} INFO - Silver MQL Count: 8000
[2026-06-04T18:25:22.337+0000] {subprocess.py:106} INFO - PASSED: Row count validation.
[2026-06-04T18:25:22.342+0000] {subprocess.py:106} INFO - 
[2026-06-04T18:25:22.346+0000] {subprocess.py:106} INFO - [2] GRAIN VALIDATION
[2026-06-04T18:25:23.840+0000] {subprocess.py:106} INFO - 
[2026-06-04T18:25:23.857+0000] {subprocess.py:106} INFO - [3] CRITICAL NULL VALIDATION
[2026-06-04T18:25:24.974+0000] {subprocess.py:106} INFO - 
[2026-06-04T18:25:24.986+0000] {subprocess.py:106} INFO - [4] MQL ID VALIDATION
[2026-06-04T18:25:25.246+0000] {subprocess.py:106} INFO - Invalid MQL ID Records: 0
[2026-06-04T18:25:25.249+0000] {subprocess.py:106} INFO - PASSED: MQL ID validation.
[2026-06-04T18:25:25.251+0000] {subprocess.py:106} INFO - 
[2026-06-04T18:25:25.254+0000] {subprocess.py:106} INFO - [5] ORIGIN NORMALIZATION VALIDATION
[2026-06-04T18:25:25.413+0000] {subprocess.py:106} INFO - Inconsistent Origin Records: 0
[2026-06-04T18:25:25.419+0000] {subprocess.py:106} INFO - PASSED: Origin normalization validation.
[2026-06-04T18:25:25.422+0000] {subprocess.py:106} INFO - 
[2026-06-04T18:25:25.425+0000] {subprocess.py:106} INFO - [6] LANDING PAGE VALIDATION
[2026-06-04T18:25:25.537+0000] {subprocess.py:106} INFO - Inconsistent Landing Page Records: 0
[2026-06-04T18:25:25.541+0000] {subprocess.py:106} INFO - PASSED: Landing page normalization validation.
[2026-06-04T18:25:25.551+0000] {subprocess.py:106} INFO - 
[2026-06-04T18:25:25.558+0000] {subprocess.py:106} INFO - [7] TIMESTAMP VALIDATION
[2026-06-04T18:25:25.668+0000] {subprocess.py:106} INFO - Invalid Timestamp Records: 8000
[2026-06-04T18:25:25.672+0000] {subprocess.py:106} INFO - 
[2026-06-04T18:25:25.676+0000] {subprocess.py:106} INFO - [8] FUTURE DATE VALIDATION
[2026-06-04T18:25:25.878+0000] {subprocess.py:106} INFO - Future Contact Date Records: 0
[2026-06-04T18:25:25.903+0000] {subprocess.py:106} INFO - PASSED: Future date validation.
[2026-06-04T18:25:25.917+0000] {subprocess.py:106} INFO - 
[2026-06-04T18:25:25.921+0000] {subprocess.py:106} INFO - [9] NULL LANDING PAGE ANALYSIS
[2026-06-04T18:25:26.114+0000] {subprocess.py:106} INFO - Null Landing Page Records: 0
[2026-06-04T18:25:26.116+0000] {subprocess.py:106} INFO - 
[2026-06-04T18:25:26.119+0000] {subprocess.py:106} INFO - INFO:
[2026-06-04T18:25:26.123+0000] {subprocess.py:106} INFO - Some leads may originate from:
[2026-06-04T18:25:26.125+0000] {subprocess.py:106} INFO - - offline acquisition
[2026-06-04T18:25:26.126+0000] {subprocess.py:106} INFO - - manual onboarding
[2026-06-04T18:25:26.127+0000] {subprocess.py:106} INFO - - direct CRM insertion
[2026-06-04T18:25:26.128+0000] {subprocess.py:106} INFO - - non-trackable channels
[2026-06-04T18:25:26.129+0000] {subprocess.py:106} INFO - 
[2026-06-04T18:25:26.130+0000] {subprocess.py:106} INFO - 
[2026-06-04T18:25:26.132+0000] {subprocess.py:106} INFO - [10] ATTRIBUTION DISTRIBUTION VALIDATION
[2026-06-04T18:25:26.213+0000] {subprocess.py:106} INFO - Null Origin Records: 60
[2026-06-04T18:25:26.214+0000] {subprocess.py:106} INFO - 
[2026-06-04T18:25:26.218+0000] {subprocess.py:106} INFO - WARNING:
[2026-06-04T18:25:26.222+0000] {subprocess.py:106} INFO - Some leads are missing acquisition-source attribution.
[2026-06-04T18:25:26.225+0000] {subprocess.py:106} INFO - 
[2026-06-04T18:25:26.226+0000] {subprocess.py:106} INFO - 
[2026-06-04T18:25:26.228+0000] {subprocess.py:106} INFO - =================================================
[2026-06-04T18:25:26.230+0000] {subprocess.py:106} INFO - ALL MQL VALIDATIONS COMPLETED
[2026-06-04T18:25:26.232+0000] {subprocess.py:106} INFO - =================================================
[2026-06-04T18:25:26.233+0000] {subprocess.py:106} INFO - 
[2026-06-04T18:25:26.236+0000] {subprocess.py:106} INFO - Validation Summary:
[2026-06-04T18:25:26.238+0000] {subprocess.py:106} INFO - - CRM acquisition integrity verified
[2026-06-04T18:25:26.240+0000] {subprocess.py:106} INFO - - Lead-grain consistency validated
[2026-06-04T18:25:26.242+0000] {subprocess.py:106} INFO - - Attribution normalization enforced
[2026-06-04T18:25:26.244+0000] {subprocess.py:106} INFO - - Funnel chronology protected
[2026-06-04T18:25:26.246+0000] {subprocess.py:106} INFO - - Marketing operational trust verified
[2026-06-04T18:25:26.249+0000] {subprocess.py:106} INFO - - Controlled acquisition governance applied
[2026-06-04T18:25:26.251+0000] {subprocess.py:106} INFO - 
[2026-06-04T18:25:26.252+0000] {subprocess.py:106} INFO - silver_mql is TRUSTED.
[2026-06-04T18:25:26.253+0000] {subprocess.py:106} INFO - 
[2026-06-04T18:25:26.255+0000] {subprocess.py:106} INFO - 
[2026-06-04T18:25:26.257+0000] {subprocess.py:106} INFO - =================================================
[2026-06-04T18:25:26.258+0000] {subprocess.py:106} INFO - SILVER MQL PREVIEW
[2026-06-04T18:25:26.260+0000] {subprocess.py:106} INFO - =================================================
[2026-06-04T18:25:27.258+0000] {subprocess.py:106} INFO - +--------------------------------+------------------+--------------------------------+--------------+--------------------------+-------------+----------------------+
[2026-06-04T18:25:27.263+0000] {subprocess.py:106} INFO - |mql_id                          |first_contact_date|landing_page_id                 |origin        |silver_loaded_at          |source_system|transformation_version|
[2026-06-04T18:25:27.265+0000] {subprocess.py:106} INFO - +--------------------------------+------------------+--------------------------------+--------------+--------------------------+-------------+----------------------+
[2026-06-04T18:25:27.268+0000] {subprocess.py:106} INFO - |dac32acd4db4c29c230538b72f8dd87d|NULL              |88740e65d5d6b056e0cda098e1ea6313|social        |2026-06-04 18:25:20.170749|olist        |v1                    |
[2026-06-04T18:25:27.269+0000] {subprocess.py:106} INFO - |8c18d1de7f67e60dbd64e3c07d7e9d5d|NULL              |007f9098284a86ee80ddeb25d53e0af8|paid_search   |2026-06-04 18:25:20.170749|olist        |v1                    |
[2026-06-04T18:25:27.271+0000] {subprocess.py:106} INFO - |b4bc852d233dfefc5131f593b538befa|NULL              |a7982125ff7aa3b2054c6e44f9d28522|organic_search|2026-06-04 18:25:20.170749|olist        |v1                    |
[2026-06-04T18:25:27.273+0000] {subprocess.py:106} INFO - |6be030b81c75970747525b843c1ef4f8|NULL              |d45d558f0daeecf3cccdffe3c59684aa|email         |2026-06-04 18:25:20.170749|olist        |v1                    |
[2026-06-04T18:25:27.274+0000] {subprocess.py:106} INFO - |5420aad7fec3549a85876ba1c529bd84|NULL              |b48ec5f3b04e9068441002a19df93c6c|organic_search|2026-06-04 18:25:20.170749|olist        |v1                    |
[2026-06-04T18:25:27.276+0000] {subprocess.py:106} INFO - |28bdfd5f057764b54c38770f95c69f2f|NULL              |22c29808c4f815213303f8933030604c|organic_search|2026-06-04 18:25:20.170749|olist        |v1                    |
[2026-06-04T18:25:27.277+0000] {subprocess.py:106} INFO - |126a0d10becbaafcb2e72ce6848cf32c|NULL              |6a110e795dd487f1cf8d7583671987af|email         |2026-06-04 18:25:20.170749|olist        |v1                    |
[2026-06-04T18:25:27.278+0000] {subprocess.py:106} INFO - |f76136f54d14a3345951f25b7932366b|NULL              |d51b0d02f063ba1d053db6d97226eec3|email         |2026-06-04 18:25:20.170749|olist        |v1                    |
[2026-06-04T18:25:27.279+0000] {subprocess.py:106} INFO - |2f838cade4a6012a6cb1016d1d8d95ed|NULL              |aeac92c0f5ae22a04ed3b746cce3a1b6|organic_search|2026-06-04 18:25:20.170749|olist        |v1                    |
[2026-06-04T18:25:27.280+0000] {subprocess.py:106} INFO - |7281942387a1a0c3f72a50a8b0bb0920|NULL              |88740e65d5d6b056e0cda098e1ea6313|social        |2026-06-04 18:25:20.170749|olist        |v1                    |
[2026-06-04T18:25:27.282+0000] {subprocess.py:106} INFO - +--------------------------------+------------------+--------------------------------+--------------+--------------------------+-------------+----------------------+
[2026-06-04T18:25:27.285+0000] {subprocess.py:106} INFO - only showing top 10 rows
[2026-06-04T18:25:27.288+0000] {subprocess.py:106} INFO - 
[2026-06-04T18:25:27.291+0000] {subprocess.py:106} INFO - 
[2026-06-04T18:25:27.294+0000] {subprocess.py:106} INFO - =================================================
[2026-06-04T18:25:27.297+0000] {subprocess.py:106} INFO - FINAL ROW COUNT
[2026-06-04T18:25:27.302+0000] {subprocess.py:106} INFO - =================================================
[2026-06-04T18:25:27.368+0000] {subprocess.py:106} INFO - Silver MQL Count: 8000
[2026-06-04T18:25:27.371+0000] {subprocess.py:106} INFO - 
[2026-06-04T18:25:27.372+0000] {subprocess.py:106} INFO - =================================================
[2026-06-04T18:25:27.377+0000] {subprocess.py:106} INFO - WRITING SILVER MQL DATASET
[2026-06-04T18:25:27.384+0000] {subprocess.py:106} INFO - =================================================
[2026-06-04T18:25:29.056+0000] {subprocess.py:106} INFO - Silver MQL Written To: s3a://silver/mql/
[2026-06-04T18:25:29.444+0000] {subprocess.py:106} INFO - 
[2026-06-04T18:25:29.445+0000] {subprocess.py:106} INFO - =================================================
[2026-06-04T18:25:29.451+0000] {subprocess.py:106} INFO - SILVER MQL TRANSFORMATION COMPLETED
[2026-06-04T18:25:29.455+0000] {subprocess.py:106} INFO - =================================================
[2026-06-04T18:25:29.523+0000] {subprocess.py:106} INFO - Execution Time: 20.8 seconds
[2026-06-04T18:25:29.528+0000] {subprocess.py:106} INFO - SUCCESS
[2026-06-04T18:25:29.531+0000] {subprocess.py:106} INFO - 
[2026-06-04T18:25:29.534+0000] {subprocess.py:106} INFO - ======================================================================
[2026-06-04T18:25:29.537+0000] {subprocess.py:106} INFO - RUNNING: transform_closed_deals.py
[2026-06-04T18:25:29.540+0000] {subprocess.py:106} INFO - ======================================================================
[2026-06-04T18:25:29.595+0000] {subprocess.py:106} INFO - Project Root Added: /workspace/project
[2026-06-04T18:25:30.259+0000] {subprocess.py:106} INFO - 
[2026-06-04T18:25:30.273+0000] {subprocess.py:106} INFO - =================================================
[2026-06-04T18:25:30.279+0000] {subprocess.py:106} INFO - LOADING BRONZE CLOSED DEALS DATASET
[2026-06-04T18:25:30.283+0000] {subprocess.py:106} INFO - =================================================
[2026-06-04T18:25:30.719+0000] {subprocess.py:106} INFO - Bronze Closed Deals Count: 842
[2026-06-04T18:25:30.722+0000] {subprocess.py:106} INFO - 
[2026-06-04T18:25:30.728+0000] {subprocess.py:106} INFO - =================================================
[2026-06-04T18:25:30.734+0000] {subprocess.py:106} INFO - BRONZE CLOSED DEALS SCHEMA
[2026-06-04T18:25:30.737+0000] {subprocess.py:106} INFO - =================================================
[2026-06-04T18:25:30.740+0000] {subprocess.py:106} INFO - root
[2026-06-04T18:25:30.744+0000] {subprocess.py:106} INFO -  |-- mql_id: string (nullable = true)
[2026-06-04T18:25:30.746+0000] {subprocess.py:106} INFO -  |-- seller_id: string (nullable = true)
[2026-06-04T18:25:30.751+0000] {subprocess.py:106} INFO -  |-- sdr_id: string (nullable = true)
[2026-06-04T18:25:30.752+0000] {subprocess.py:106} INFO -  |-- sr_id: string (nullable = true)
[2026-06-04T18:25:30.754+0000] {subprocess.py:106} INFO -  |-- won_date: string (nullable = true)
[2026-06-04T18:25:30.755+0000] {subprocess.py:106} INFO -  |-- business_segment: string (nullable = true)
[2026-06-04T18:25:30.756+0000] {subprocess.py:106} INFO -  |-- lead_type: string (nullable = true)
[2026-06-04T18:25:30.757+0000] {subprocess.py:106} INFO -  |-- lead_behaviour_profile: string (nullable = true)
[2026-06-04T18:25:30.759+0000] {subprocess.py:106} INFO -  |-- has_company: string (nullable = true)
[2026-06-04T18:25:30.760+0000] {subprocess.py:106} INFO -  |-- has_gtin: string (nullable = true)
[2026-06-04T18:25:30.779+0000] {subprocess.py:106} INFO -  |-- average_stock: string (nullable = true)
[2026-06-04T18:25:30.781+0000] {subprocess.py:106} INFO -  |-- business_type: string (nullable = true)
[2026-06-04T18:25:30.784+0000] {subprocess.py:106} INFO -  |-- declared_product_catalog_size: string (nullable = true)
[2026-06-04T18:25:30.786+0000] {subprocess.py:106} INFO -  |-- declared_monthly_revenue: string (nullable = true)
[2026-06-04T18:25:30.788+0000] {subprocess.py:106} INFO -  |-- ingestion_timestamp: timestamp (nullable = true)
[2026-06-04T18:25:30.789+0000] {subprocess.py:106} INFO -  |-- ingestion_date: date (nullable = true)
[2026-06-04T18:25:30.792+0000] {subprocess.py:106} INFO -  |-- source_file: string (nullable = true)
[2026-06-04T18:25:30.794+0000] {subprocess.py:106} INFO - 
[2026-06-04T18:25:30.797+0000] {subprocess.py:106} INFO - 
[2026-06-04T18:25:30.799+0000] {subprocess.py:106} INFO - =================================================
[2026-06-04T18:25:30.803+0000] {subprocess.py:106} INFO - STARTING SILVER TRANSFORMATIONS
[2026-06-04T18:25:30.804+0000] {subprocess.py:106} INFO - =================================================
[2026-06-04T18:25:30.807+0000] {subprocess.py:106} INFO - 
[2026-06-04T18:25:30.810+0000] {subprocess.py:106} INFO - Applying MQL ID standardization...
[2026-06-04T18:25:30.814+0000] {subprocess.py:106} INFO - 
[2026-06-04T18:25:30.818+0000] {subprocess.py:106} INFO - Applying business segment normalization...
[2026-06-04T18:25:30.822+0000] {subprocess.py:106} INFO - 
[2026-06-04T18:25:30.825+0000] {subprocess.py:106} INFO - Applying business type normalization...
[2026-06-04T18:25:30.830+0000] {subprocess.py:106} INFO - 
[2026-06-04T18:25:30.834+0000] {subprocess.py:106} INFO - Applying timestamp standardization...
[2026-06-04T18:25:30.837+0000] {subprocess.py:106} INFO - 
[2026-06-04T18:25:30.838+0000] {subprocess.py:106} INFO - Applying metadata enrichment...
[2026-06-04T18:25:30.852+0000] {subprocess.py:106} INFO - 
[2026-06-04T18:25:30.854+0000] {subprocess.py:106} INFO - Applying final schema ordering...
[2026-06-04T18:25:30.890+0000] {subprocess.py:106} INFO - 
[2026-06-04T18:25:30.892+0000] {subprocess.py:106} INFO - Materializing Silver Closed Deals DataFrame...
[2026-06-04T18:25:31.375+0000] {subprocess.py:106} INFO - 
[2026-06-04T18:25:31.386+0000] {subprocess.py:106} INFO - =================================================
[2026-06-04T18:25:31.391+0000] {subprocess.py:106} INFO - RUNNING CLOSED DEALS VALIDATION
[2026-06-04T18:25:31.394+0000] {subprocess.py:106} INFO - =================================================
[2026-06-04T18:25:31.395+0000] {subprocess.py:106} INFO - 
[2026-06-04T18:25:31.396+0000] {subprocess.py:106} INFO - [1] ROW COUNT ANALYSIS
[2026-06-04T18:25:31.643+0000] {subprocess.py:106} INFO - Source Closed Deals Count: 842
[2026-06-04T18:25:31.646+0000] {subprocess.py:106} INFO - Silver Closed Deals Count: 842
[2026-06-04T18:25:31.651+0000] {subprocess.py:106} INFO - PASSED: Row count validation.
[2026-06-04T18:25:31.653+0000] {subprocess.py:106} INFO - 
[2026-06-04T18:25:31.656+0000] {subprocess.py:106} INFO - [2] GRAIN VALIDATION
[2026-06-04T18:25:32.395+0000] {subprocess.py:106} INFO - 
[2026-06-04T18:25:32.408+0000] {subprocess.py:106} INFO - [3] CRITICAL NULL VALIDATION
[2026-06-04T18:25:34.807+0000] {subprocess.py:106} INFO - 
[2026-06-04T18:25:34.823+0000] {subprocess.py:106} INFO - [4] MQL ID VALIDATION
[2026-06-04T18:25:35.068+0000] {subprocess.py:106} INFO - Invalid MQL ID Records: 0
[2026-06-04T18:25:35.072+0000] {subprocess.py:106} INFO - PASSED: MQL ID validation.
[2026-06-04T18:25:35.075+0000] {subprocess.py:106} INFO - 
[2026-06-04T18:25:35.076+0000] {subprocess.py:106} INFO - [5] BUSINESS SEGMENT VALIDATION
[2026-06-04T18:25:35.219+0000] {subprocess.py:106} INFO - Inconsistent Business Segments: 0
[2026-06-04T18:25:35.226+0000] {subprocess.py:106} INFO - PASSED: Business segment normalization validation.
[2026-06-04T18:25:35.231+0000] {subprocess.py:106} INFO - 
[2026-06-04T18:25:35.235+0000] {subprocess.py:106} INFO - [7] TIMESTAMP VALIDATION
[2026-06-04T18:25:35.406+0000] {subprocess.py:106} INFO - Invalid Won Date Records: 0
[2026-06-04T18:25:35.411+0000] {subprocess.py:106} INFO - PASSED: Timestamp validation.
[2026-06-04T18:25:35.417+0000] {subprocess.py:106} INFO - 
[2026-06-04T18:25:35.420+0000] {subprocess.py:106} INFO - [9] REVENUE VALIDATION
[2026-06-04T18:25:35.422+0000] {subprocess.py:106} INFO - 
[2026-06-04T18:25:35.425+0000] {subprocess.py:106} INFO - Validating positive values for: declared_monthly_revenue
[2026-06-04T18:25:35.529+0000] {subprocess.py:106} INFO - Negative declared_monthly_revenue Records: 0
[2026-06-04T18:25:35.535+0000] {subprocess.py:106} INFO - PASSED: declared_monthly_revenue positive value validation.
[2026-06-04T18:25:35.538+0000] {subprocess.py:106} INFO - 
[2026-06-04T18:25:35.542+0000] {subprocess.py:106} INFO - [10] FUTURE DATE VALIDATION
[2026-06-04T18:25:35.770+0000] {subprocess.py:106} INFO - Future Won Date Records: 0
[2026-06-04T18:25:35.773+0000] {subprocess.py:106} INFO - PASSED: Future date validation.
[2026-06-04T18:25:35.775+0000] {subprocess.py:106} INFO - 
[2026-06-04T18:25:35.777+0000] {subprocess.py:106} INFO - =================================================
[2026-06-04T18:25:35.778+0000] {subprocess.py:106} INFO - ALL CLOSED DEALS VALIDATIONS COMPLETED
[2026-06-04T18:25:35.782+0000] {subprocess.py:106} INFO - =================================================
[2026-06-04T18:25:35.785+0000] {subprocess.py:106} INFO - 
[2026-06-04T18:25:35.788+0000] {subprocess.py:106} INFO - Validation Summary:
[2026-06-04T18:25:35.790+0000] {subprocess.py:106} INFO - - Commercial conversion integrity verified
[2026-06-04T18:25:35.794+0000] {subprocess.py:106} INFO - - Sales-funnel chronology validated
[2026-06-04T18:25:35.797+0000] {subprocess.py:106} INFO - - CRM operational consistency protected
[2026-06-04T18:25:35.799+0000] {subprocess.py:106} INFO - - Business segmentation normalization enforced
[2026-06-04T18:25:35.804+0000] {subprocess.py:106} INFO - - Commercial revenue realism validated
[2026-06-04T18:25:35.806+0000] {subprocess.py:106} INFO - - Controlled acquisition governance applied
[2026-06-04T18:25:35.808+0000] {subprocess.py:106} INFO - 
[2026-06-04T18:25:35.811+0000] {subprocess.py:106} INFO - silver_closed_deals is TRUSTED.
[2026-06-04T18:25:35.813+0000] {subprocess.py:106} INFO - 
[2026-06-04T18:25:35.816+0000] {subprocess.py:106} INFO - 
[2026-06-04T18:25:35.820+0000] {subprocess.py:106} INFO - =================================================
[2026-06-04T18:25:35.822+0000] {subprocess.py:106} INFO - SILVER CLOSED DEALS PREVIEW
[2026-06-04T18:25:35.827+0000] {subprocess.py:106} INFO - =================================================
[2026-06-04T18:25:35.967+0000] {subprocess.py:106} INFO - +--------------------------------+--------------------------------+--------------------------------+--------------------------------+-------------------+-------------------+-------------+----------------------+-----------+--------+-------------+-------------+-----------------------------+------------------------+--------------------------+-------------+----------------------+
[2026-06-04T18:25:35.969+0000] {subprocess.py:106} INFO - |mql_id                          |seller_id                       |sdr_id                          |sr_id                           |won_date           |business_segment   |lead_type    |lead_behaviour_profile|has_company|has_gtin|average_stock|business_type|declared_product_catalog_size|declared_monthly_revenue|silver_loaded_at          |source_system|transformation_version|
[2026-06-04T18:25:35.971+0000] {subprocess.py:106} INFO - +--------------------------------+--------------------------------+--------------------------------+--------------------------------+-------------------+-------------------+-------------+----------------------+-----------+--------+-------------+-------------+-----------------------------+------------------------+--------------------------+-------------+----------------------+
[2026-06-04T18:25:35.975+0000] {subprocess.py:106} INFO - |5420aad7fec3549a85876ba1c529bd84|2c43fb513632d29b3b58df74816f1b06|a8387c01a09e99ce014107505b92388c|4ef15afb4b2723d8f3d81e51ec7afefe|2018-02-26 19:58:54|pet                |online_medium|cat                   |NULL       |NULL    |NULL         |reseller     |NULL                         |0.0                     |2026-06-04 18:25:30.895566|olist        |v1                    |
[2026-06-04T18:25:35.978+0000] {subprocess.py:106} INFO - |a555fb36b9368110ede0f043dfc3b9a0|bbb7d7893a450660432ea6652310ebb7|09285259593c61296eef10c734121d5b|d3d1e91a157ea7f90548eef82f1955e3|2018-05-08 20:17:59|car_accessories    |industry     |eagle                 |NULL       |NULL    |NULL         |reseller     |NULL                         |0.0                     |2026-06-04 18:25:30.895566|olist        |v1                    |
[2026-06-04T18:25:35.986+0000] {subprocess.py:106} INFO - |327174d3648a2d047e8940d7d15204ca|612170e34b97004b3ba37eae81836b4c|b90f87164b5f8c2cfa5c8572834dbe3f|6565aa9ce3178a5caf6171827af3a9ba|2018-06-05 17:27:23|home_appliances    |online_big   |cat                   |NULL       |NULL    |NULL         |reseller     |NULL                         |0.0                     |2026-06-04 18:25:30.895566|olist        |v1                    |
[2026-06-04T18:25:35.987+0000] {subprocess.py:106} INFO - |f5fee8f7da74f4887f5bcae2bafb6dd6|21e1781e36faf92725dde4730a88ca0f|56bf83c4bb35763a51c2baab501b4c67|d3d1e91a157ea7f90548eef82f1955e3|2018-01-17 13:51:03|food_drink         |online_small |NULL                  |NULL       |NULL    |NULL         |reseller     |NULL                         |0.0                     |2026-06-04 18:25:30.895566|olist        |v1                    |
[2026-06-04T18:25:35.991+0000] {subprocess.py:106} INFO - |ffe640179b554e295c167a2f6be528e0|ed8cb7b190ceb6067227478e48cf8dde|4b339f9567d060bcea4f5136b9f5949e|d3d1e91a157ea7f90548eef82f1955e3|2018-07-03 20:17:45|home_appliances    |industry     |wolf                  |NULL       |NULL    |NULL         |manufacturer |NULL                         |0.0                     |2026-06-04 18:25:30.895566|olist        |v1                    |
[2026-06-04T18:25:35.993+0000] {subprocess.py:106} INFO - |b94fba7670eeb44dce2a0d8eb790e9f5|1c742ac33582852aaf3bcfbf5893abcf|fdb16d3cbbeb5798f2f66c4096be026d|495d4e95a8cf8bbf8b432b612a2aa328|2018-02-07 18:04:05|health_beauty      |online_medium|NULL                  |NULL       |NULL    |NULL         |manufacturer |NULL                         |0.0                     |2026-06-04 18:25:30.895566|olist        |v1                    |
[2026-06-04T18:25:35.996+0000] {subprocess.py:106} INFO - |c3e30ed7ac989117c7e1e719b4ac128f|92d7568ad0c5c76fd7d341b2d46f24d6|4b339f9567d060bcea4f5136b9f5949e|85fc447d336637ba1df43e793199fbc8|2018-04-16 18:18:22|computers          |online_medium|wolf                  |NULL       |NULL    |NULL         |reseller     |NULL                         |0.0                     |2026-06-04 18:25:30.895566|olist        |v1                    |
[2026-06-04T18:25:35.999+0000] {subprocess.py:106} INFO - |b02c89251106e1fdd9d92744be9f94f2|44ed138eca6214d572ce1d813fb0049b|34d40cdaf94010a1d05b0d6212f9e909|4ef15afb4b2723d8f3d81e51ec7afefe|2018-04-17 17:01:57|health_beauty      |offline      |cat                   |NULL       |NULL    |NULL         |manufacturer |NULL                         |0.0                     |2026-06-04 18:25:30.895566|olist        |v1                    |
[2026-06-04T18:25:36.002+0000] {subprocess.py:106} INFO - |a90a37898cc5f2718385a2fb981caaff|0b28859cd04d23edefee9c591fb03cd8|f42a2bd194f7802ab052a815c8de65b7|6565aa9ce3178a5caf6171827af3a9ba|2018-05-14 18:37:15|household_utilities|offline      |eagle                 |NULL       |NULL    |NULL         |reseller     |NULL                         |0.0                     |2026-06-04 18:25:30.895566|olist        |v1                    |
[2026-06-04T18:25:36.004+0000] {subprocess.py:106} INFO - |0173e8d8b1d94a355b440fb67388f532|87d73636a3acf123e842bb890a4db036|9d12ef1a7eca3ec58c545c678af7869c|9e4d1098a3b0f5da39b0bc48f9876645|2018-04-24 03:00:00|household_utilities|online_medium|eagle                 |NULL       |NULL    |NULL         |manufacturer |NULL                         |0.0                     |2026-06-04 18:25:30.895566|olist        |v1                    |
[2026-06-04T18:25:36.005+0000] {subprocess.py:106} INFO - +--------------------------------+--------------------------------+--------------------------------+--------------------------------+-------------------+-------------------+-------------+----------------------+-----------+--------+-------------+-------------+-----------------------------+------------------------+--------------------------+-------------+----------------------+
[2026-06-04T18:25:36.007+0000] {subprocess.py:106} INFO - only showing top 10 rows
[2026-06-04T18:25:36.009+0000] {subprocess.py:106} INFO - 
[2026-06-04T18:25:36.010+0000] {subprocess.py:106} INFO - 
[2026-06-04T18:25:36.012+0000] {subprocess.py:106} INFO - =================================================
[2026-06-04T18:25:36.014+0000] {subprocess.py:106} INFO - FINAL ROW COUNT
[2026-06-04T18:25:36.015+0000] {subprocess.py:106} INFO - =================================================
[2026-06-04T18:25:36.057+0000] {subprocess.py:106} INFO - Silver Closed Deals Count: 842
[2026-06-04T18:25:36.061+0000] {subprocess.py:106} INFO - 
[2026-06-04T18:25:36.065+0000] {subprocess.py:106} INFO - =================================================
[2026-06-04T18:25:36.069+0000] {subprocess.py:106} INFO - WRITING SILVER CLOSED DEALS DATASET
[2026-06-04T18:25:36.071+0000] {subprocess.py:106} INFO - =================================================
[2026-06-04T18:25:36.595+0000] {subprocess.py:106} INFO - Silver Closed Deals Written To: s3a://silver/closed_deals
[2026-06-04T18:25:37.275+0000] {subprocess.py:106} INFO - 
[2026-06-04T18:25:37.278+0000] {subprocess.py:106} INFO - =================================================
[2026-06-04T18:25:37.283+0000] {subprocess.py:106} INFO - SILVER CLOSED DEALS TRANSFORMATION COMPLETED
[2026-06-04T18:25:37.288+0000] {subprocess.py:106} INFO - =================================================
[2026-06-04T18:25:37.406+0000] {subprocess.py:106} INFO - Execution Time: 7.87 seconds
[2026-06-04T18:25:37.408+0000] {subprocess.py:106} INFO - SUCCESS
[2026-06-04T18:25:37.414+0000] {subprocess.py:106} INFO - 
[2026-06-04T18:25:37.416+0000] {subprocess.py:106} INFO - 
[2026-06-04T18:25:37.419+0000] {subprocess.py:106} INFO - ======================================================================
[2026-06-04T18:25:37.420+0000] {subprocess.py:106} INFO - STARTING CORE SILVER LAYER
[2026-06-04T18:25:37.421+0000] {subprocess.py:106} INFO - ======================================================================
[2026-06-04T18:25:37.422+0000] {subprocess.py:106} INFO - 
[2026-06-04T18:25:37.423+0000] {subprocess.py:106} INFO - ======================================================================
[2026-06-04T18:25:37.424+0000] {subprocess.py:106} INFO - RUNNING: transform_geolocation.py
[2026-06-04T18:25:37.427+0000] {subprocess.py:106} INFO - ======================================================================
[2026-06-04T18:25:37.544+0000] {subprocess.py:106} INFO - Project Root Added: /workspace/project
[2026-06-04T18:25:38.120+0000] {subprocess.py:106} INFO - 
[2026-06-04T18:25:38.124+0000] {subprocess.py:106} INFO - =================================================
[2026-06-04T18:25:38.131+0000] {subprocess.py:106} INFO - LOADING BRONZE GEOLOCATION DATASET
[2026-06-04T18:25:38.132+0000] {subprocess.py:106} INFO - =================================================
[2026-06-04T18:25:38.870+0000] {subprocess.py:106} INFO - Bronze Geolocation Count: 1000163
[2026-06-04T18:25:38.885+0000] {subprocess.py:106} INFO - 
[2026-06-04T18:25:38.889+0000] {subprocess.py:106} INFO - =================================================
[2026-06-04T18:25:38.893+0000] {subprocess.py:106} INFO - BRONZE GEOLOCATION SCHEMA
[2026-06-04T18:25:38.896+0000] {subprocess.py:106} INFO - =================================================
[2026-06-04T18:25:38.902+0000] {subprocess.py:106} INFO - root
[2026-06-04T18:25:38.907+0000] {subprocess.py:106} INFO -  |-- geolocation_zip_code_prefix: string (nullable = true)
[2026-06-04T18:25:38.909+0000] {subprocess.py:106} INFO -  |-- geolocation_lat: string (nullable = true)
[2026-06-04T18:25:38.912+0000] {subprocess.py:106} INFO -  |-- geolocation_lng: string (nullable = true)
[2026-06-04T18:25:38.914+0000] {subprocess.py:106} INFO -  |-- geolocation_city: string (nullable = true)
[2026-06-04T18:25:38.916+0000] {subprocess.py:106} INFO -  |-- geolocation_state: string (nullable = true)
[2026-06-04T18:25:38.918+0000] {subprocess.py:106} INFO -  |-- ingestion_timestamp: timestamp (nullable = true)
[2026-06-04T18:25:38.920+0000] {subprocess.py:106} INFO -  |-- ingestion_date: date (nullable = true)
[2026-06-04T18:25:38.922+0000] {subprocess.py:106} INFO -  |-- source_file: string (nullable = true)
[2026-06-04T18:25:38.924+0000] {subprocess.py:106} INFO - 
[2026-06-04T18:25:38.927+0000] {subprocess.py:106} INFO - 
[2026-06-04T18:25:38.929+0000] {subprocess.py:106} INFO - =================================================
[2026-06-04T18:25:38.931+0000] {subprocess.py:106} INFO - STARTING SILVER TRANSFORMATIONS
[2026-06-04T18:25:38.932+0000] {subprocess.py:106} INFO - =================================================
[2026-06-04T18:25:38.934+0000] {subprocess.py:106} INFO - 
[2026-06-04T18:25:38.936+0000] {subprocess.py:106} INFO - Applying ZIP prefix standardization...
[2026-06-04T18:25:38.937+0000] {subprocess.py:106} INFO - 
[2026-06-04T18:25:38.938+0000] {subprocess.py:106} INFO - Applying city normalization...
[2026-06-04T18:25:38.944+0000] {subprocess.py:106} INFO - 
[2026-06-04T18:25:38.946+0000] {subprocess.py:106} INFO - Applying state normalization...
[2026-06-04T18:25:38.953+0000] {subprocess.py:106} INFO - 
[2026-06-04T18:25:38.956+0000] {subprocess.py:106} INFO - Standardizing coordinates...
[2026-06-04T18:25:38.969+0000] {subprocess.py:106} INFO - 
[2026-06-04T18:25:38.972+0000] {subprocess.py:106} INFO - Applying geographic aggregation strategy...
[2026-06-04T18:25:39.120+0000] {subprocess.py:106} INFO - 
[2026-06-04T18:25:39.126+0000] {subprocess.py:106} INFO - Applying metadata enrichment...
[2026-06-04T18:25:39.154+0000] {subprocess.py:106} INFO - 
[2026-06-04T18:25:39.156+0000] {subprocess.py:106} INFO - Applying final schema ordering...
[2026-06-04T18:25:39.174+0000] {subprocess.py:106} INFO - 
[2026-06-04T18:25:39.175+0000] {subprocess.py:106} INFO - =================================================
[2026-06-04T18:25:39.177+0000] {subprocess.py:106} INFO - RUNNING GEOLOCATION VALIDATION
[2026-06-04T18:25:39.178+0000] {subprocess.py:106} INFO - =================================================
[2026-06-04T18:25:39.180+0000] {subprocess.py:106} INFO - 
[2026-06-04T18:25:39.183+0000] {subprocess.py:106} INFO - [1] ROW COUNT ANALYSIS
[2026-06-04T18:25:41.129+0000] {subprocess.py:106} INFO - Source Record Count: 1000163
[2026-06-04T18:25:41.135+0000] {subprocess.py:106} INFO - Silver ZIP Prefix Count: 19015
[2026-06-04T18:25:41.138+0000] {subprocess.py:106} INFO - 
[2026-06-04T18:25:41.140+0000] {subprocess.py:106} INFO - INFO:
[2026-06-04T18:25:41.141+0000] {subprocess.py:106} INFO - Row reduction is expected because the pipeline
[2026-06-04T18:25:41.144+0000] {subprocess.py:106} INFO - aggregates duplicate geographic records into
[2026-06-04T18:25:41.145+0000] {subprocess.py:106} INFO - one representative ZIP-prefix record.
[2026-06-04T18:25:41.148+0000] {subprocess.py:106} INFO - 
[2026-06-04T18:25:41.151+0000] {subprocess.py:106} INFO - 
[2026-06-04T18:25:41.151+0000] {subprocess.py:106} INFO - [2] GRAIN VALIDATION
[2026-06-04T18:25:42.372+0000] {subprocess.py:106} INFO - 
[2026-06-04T18:25:42.425+0000] {subprocess.py:106} INFO - [3] CRITICAL NULL VALIDATION
[2026-06-04T18:25:59.431+0000] {subprocess.py:106} INFO - 
[2026-06-04T18:25:59.448+0000] {subprocess.py:106} INFO - [4] LATITUDE RANGE VALIDATION
[2026-06-04T18:26:05.194+0000] {subprocess.py:106} INFO - Invalid Latitude Records: 0
[2026-06-04T18:26:05.223+0000] {subprocess.py:106} INFO - PASSED: Latitude validation.
[2026-06-04T18:26:05.237+0000] {subprocess.py:106} INFO - 
[2026-06-04T18:26:05.243+0000] {subprocess.py:106} INFO - [5] LONGITUDE RANGE VALIDATION
[2026-06-04T18:26:08.620+0000] {subprocess.py:106} INFO - Invalid Longitude Records: 0
[2026-06-04T18:26:08.649+0000] {subprocess.py:106} INFO - PASSED: Longitude validation.
[2026-06-04T18:26:08.654+0000] {subprocess.py:106} INFO - 
[2026-06-04T18:26:08.657+0000] {subprocess.py:106} INFO - [6] STATE VALIDATION
[2026-06-04T18:26:10.368+0000] {subprocess.py:106} INFO - Invalid State Records: 0
[2026-06-04T18:26:10.392+0000] {subprocess.py:106} INFO - PASSED: State validation.
[2026-06-04T18:26:10.395+0000] {subprocess.py:106} INFO - 
[2026-06-04T18:26:10.398+0000] {subprocess.py:106} INFO - [7] CITY NORMALIZATION VALIDATION
[2026-06-04T18:26:12.041+0000] {subprocess.py:106} INFO - Inconsistent City Records: 0
[2026-06-04T18:26:12.058+0000] {subprocess.py:106} INFO - PASSED: City normalization validation.
[2026-06-04T18:26:12.063+0000] {subprocess.py:106} INFO - 
[2026-06-04T18:26:12.067+0000] {subprocess.py:106} INFO - [8] GEOGRAPHIC AGGREGATION ANALYSIS
[2026-06-04T18:26:18.221+0000] {subprocess.py:106} INFO - Duplicated Coordinate Groups: 15
[2026-06-04T18:26:18.232+0000] {subprocess.py:106} INFO - 
[2026-06-04T18:26:18.236+0000] {subprocess.py:106} INFO - INFO:
[2026-06-04T18:26:18.241+0000] {subprocess.py:106} INFO - Some ZIP-prefix regions may share similar
[2026-06-04T18:26:18.245+0000] {subprocess.py:106} INFO - representative coordinates naturally.
[2026-06-04T18:26:18.248+0000] {subprocess.py:106} INFO - 
[2026-06-04T18:26:18.252+0000] {subprocess.py:106} INFO - 
[2026-06-04T18:26:18.261+0000] {subprocess.py:106} INFO - [9] ZIP PREFIX VALIDATION
[2026-06-04T18:26:19.060+0000] {subprocess.py:106} INFO - Invalid ZIP Prefix Records: 0
[2026-06-04T18:26:19.069+0000] {subprocess.py:106} INFO - PASSED: ZIP prefix validation.
[2026-06-04T18:26:19.073+0000] {subprocess.py:106} INFO - 
[2026-06-04T18:26:19.076+0000] {subprocess.py:106} INFO - [10] GEOGRAPHIC COMPLETENESS VALIDATION
[2026-06-04T18:26:25.157+0000] {subprocess.py:106} INFO - Incomplete Geographic Records: 0
[2026-06-04T18:26:25.172+0000] {subprocess.py:106} INFO - PASSED: Geographic completeness validation.
[2026-06-04T18:26:25.176+0000] {subprocess.py:106} INFO - 
[2026-06-04T18:26:25.180+0000] {subprocess.py:106} INFO - =================================================
[2026-06-04T18:26:25.186+0000] {subprocess.py:106} INFO - ALL GEOLOCATION VALIDATIONS COMPLETED
[2026-06-04T18:26:25.191+0000] {subprocess.py:106} INFO - =================================================
[2026-06-04T18:26:25.199+0000] {subprocess.py:106} INFO - 
[2026-06-04T18:26:25.204+0000] {subprocess.py:106} INFO - Validation Summary:
[2026-06-04T18:26:25.212+0000] {subprocess.py:106} INFO - - Geographic grain integrity verified
[2026-06-04T18:26:25.215+0000] {subprocess.py:106} INFO - - Coordinate validity verified
[2026-06-04T18:26:25.218+0000] {subprocess.py:106} INFO - - ZIP-prefix uniqueness verified
[2026-06-04T18:26:25.221+0000] {subprocess.py:106} INFO - - Geographic normalization verified
[2026-06-04T18:26:25.223+0000] {subprocess.py:106} INFO - - State integrity validated
[2026-06-04T18:26:25.226+0000] {subprocess.py:106} INFO - - Spatial ranges validated
[2026-06-04T18:26:25.228+0000] {subprocess.py:106} INFO - - Geographic completeness checked
[2026-06-04T18:26:25.230+0000] {subprocess.py:106} INFO - 
[2026-06-04T18:26:25.232+0000] {subprocess.py:106} INFO - silver_geolocation is TRUSTED.
[2026-06-04T18:26:25.235+0000] {subprocess.py:106} INFO - 
[2026-06-04T18:26:25.239+0000] {subprocess.py:106} INFO - 
[2026-06-04T18:26:25.241+0000] {subprocess.py:106} INFO - =================================================
[2026-06-04T18:26:25.244+0000] {subprocess.py:106} INFO - SILVER GEOLOCATION PREVIEW
[2026-06-04T18:26:25.247+0000] {subprocess.py:106} INFO - =================================================
[2026-06-04T18:26:30.806+0000] {subprocess.py:106} INFO - +---------------+-------------------+-------------------+---------+-----+--------------------------+-------------+----------------------+
[2026-06-04T18:26:30.833+0000] {subprocess.py:106} INFO - |zip_code_prefix|median_latitude    |median_longitude   |city     |state|silver_loaded_at          |source_system|transformation_version|
[2026-06-04T18:26:30.844+0000] {subprocess.py:106} INFO - +---------------+-------------------+-------------------+---------+-----+--------------------------+-------------+----------------------+
[2026-06-04T18:26:30.849+0000] {subprocess.py:106} INFO - |1005           |-23.54961248124544 |-46.63653202553522 |sao paulo|SP   |2026-06-04 18:26:25.213982|olist        |v1                    |
[2026-06-04T18:26:30.853+0000] {subprocess.py:106} INFO - |1016           |-23.549283671100515|-46.63234970260834 |sao paulo|SP   |2026-06-04 18:26:25.213982|olist        |v1                    |
[2026-06-04T18:26:30.857+0000] {subprocess.py:106} INFO - |1019           |-23.55166351540767 |-46.63093168887411 |sao paulo|SP   |2026-06-04 18:26:25.213982|olist        |v1                    |
[2026-06-04T18:26:30.860+0000] {subprocess.py:106} INFO - |1025           |-23.540410813203355|-46.631264935195325|sao paulo|SP   |2026-06-04 18:26:25.213982|olist        |v1                    |
[2026-06-04T18:26:30.863+0000] {subprocess.py:106} INFO - |1030           |-23.538399296150907|-46.63298206549715 |são paulo|SP   |2026-06-04 18:26:25.213982|olist        |v1                    |
[2026-06-04T18:26:30.866+0000] {subprocess.py:106} INFO - |1031           |-23.542520789115148|-46.63533516134283 |sao paulo|SP   |2026-06-04 18:26:25.213982|olist        |v1                    |
[2026-06-04T18:26:30.873+0000] {subprocess.py:106} INFO - |1034           |-23.542391627195926|-46.63745558840666 |sao paulo|SP   |2026-06-04 18:26:25.213982|olist        |v1                    |
[2026-06-04T18:26:30.874+0000] {subprocess.py:106} INFO - |1046           |-23.546081127035535|-46.64381018541167 |sao paulo|SP   |2026-06-04 18:26:25.213982|olist        |v1                    |
[2026-06-04T18:26:30.875+0000] {subprocess.py:106} INFO - |1127           |-23.526028069103845|-46.640097743551244|sao paulo|SP   |2026-06-04 18:26:25.213982|olist        |v1                    |
[2026-06-04T18:26:30.878+0000] {subprocess.py:106} INFO - |1133           |-23.519664503462455|-46.654541025535224|sao paulo|SP   |2026-06-04 18:26:25.213982|olist        |v1                    |
[2026-06-04T18:26:30.880+0000] {subprocess.py:106} INFO - +---------------+-------------------+-------------------+---------+-----+--------------------------+-------------+----------------------+
[2026-06-04T18:26:30.882+0000] {subprocess.py:106} INFO - only showing top 10 rows
[2026-06-04T18:26:30.884+0000] {subprocess.py:106} INFO - 
[2026-06-04T18:26:30.885+0000] {subprocess.py:106} INFO - 
[2026-06-04T18:26:30.887+0000] {subprocess.py:106} INFO - =================================================
[2026-06-04T18:26:30.889+0000] {subprocess.py:106} INFO - FINAL ROW COUNT
[2026-06-04T18:26:30.890+0000] {subprocess.py:106} INFO - =================================================
[2026-06-04T18:26:31.595+0000] {subprocess.py:106} INFO - Silver Geolocation Count: 19015
[2026-06-04T18:26:31.603+0000] {subprocess.py:106} INFO - 
[2026-06-04T18:26:31.615+0000] {subprocess.py:106} INFO - =================================================
[2026-06-04T18:26:31.618+0000] {subprocess.py:106} INFO - WRITING SILVER GEOLOCATION DATASET
[2026-06-04T18:26:31.624+0000] {subprocess.py:106} INFO - =================================================
[2026-06-04T18:26:38.868+0000] {subprocess.py:106} INFO - Silver Geolocation Written To: s3a://silver/geolocation/
[2026-06-04T18:26:39.071+0000] {subprocess.py:106} INFO - 
[2026-06-04T18:26:39.073+0000] {subprocess.py:106} INFO - =================================================
[2026-06-04T18:26:39.075+0000] {subprocess.py:106} INFO - SILVER GEOLOCATION TRANSFORMATION COMPLETED
[2026-06-04T18:26:39.076+0000] {subprocess.py:106} INFO - =================================================
[2026-06-04T18:26:39.144+0000] {subprocess.py:106} INFO - Execution Time: 61.73 seconds
[2026-06-04T18:26:39.148+0000] {subprocess.py:106} INFO - SUCCESS
[2026-06-04T18:26:39.151+0000] {subprocess.py:106} INFO - 
[2026-06-04T18:26:39.153+0000] {subprocess.py:106} INFO - ======================================================================
[2026-06-04T18:26:39.156+0000] {subprocess.py:106} INFO - RUNNING: transform_category_translation.py
[2026-06-04T18:26:39.158+0000] {subprocess.py:106} INFO - ======================================================================
[2026-06-04T18:26:39.215+0000] {subprocess.py:106} INFO - Project Root Added: /workspace/project
[2026-06-04T18:26:39.701+0000] {subprocess.py:106} INFO - 
[2026-06-04T18:26:39.703+0000] {subprocess.py:106} INFO - =================================================
[2026-06-04T18:26:39.705+0000] {subprocess.py:106} INFO - LOADING BRONZE CATEGORY TRANSLATION DATASET
[2026-06-04T18:26:39.707+0000] {subprocess.py:106} INFO - =================================================
[2026-06-04T18:26:40.004+0000] {subprocess.py:106} INFO - Bronze Category Translation Count: 71
[2026-06-04T18:26:40.006+0000] {subprocess.py:106} INFO - 
[2026-06-04T18:26:40.008+0000] {subprocess.py:106} INFO - =================================================
[2026-06-04T18:26:40.009+0000] {subprocess.py:106} INFO - BRONZE CATEGORY TRANSLATION SCHEMA
[2026-06-04T18:26:40.011+0000] {subprocess.py:106} INFO - =================================================
[2026-06-04T18:26:40.013+0000] {subprocess.py:106} INFO - root
[2026-06-04T18:26:40.016+0000] {subprocess.py:106} INFO -  |-- product_category_name: string (nullable = true)
[2026-06-04T18:26:40.020+0000] {subprocess.py:106} INFO -  |-- product_category_name_english: string (nullable = true)
[2026-06-04T18:26:40.021+0000] {subprocess.py:106} INFO -  |-- ingestion_timestamp: timestamp (nullable = true)
[2026-06-04T18:26:40.024+0000] {subprocess.py:106} INFO -  |-- ingestion_date: date (nullable = true)
[2026-06-04T18:26:40.026+0000] {subprocess.py:106} INFO -  |-- source_file: string (nullable = true)
[2026-06-04T18:26:40.028+0000] {subprocess.py:106} INFO - 
[2026-06-04T18:26:40.029+0000] {subprocess.py:106} INFO - 
[2026-06-04T18:26:40.030+0000] {subprocess.py:106} INFO - =================================================
[2026-06-04T18:26:40.031+0000] {subprocess.py:106} INFO - STARTING SILVER TRANSFORMATIONS
[2026-06-04T18:26:40.032+0000] {subprocess.py:106} INFO - =================================================
[2026-06-04T18:26:40.034+0000] {subprocess.py:106} INFO - 
[2026-06-04T18:26:40.035+0000] {subprocess.py:106} INFO - Applying Portuguese category normalization...
[2026-06-04T18:26:40.036+0000] {subprocess.py:106} INFO - 
[2026-06-04T18:26:40.039+0000] {subprocess.py:106} INFO - Applying English category normalization...
[2026-06-04T18:26:40.042+0000] {subprocess.py:106} INFO - 
[2026-06-04T18:26:40.046+0000] {subprocess.py:106} INFO - Applying business-friendly formatting...
[2026-06-04T18:26:40.058+0000] {subprocess.py:106} INFO - 
[2026-06-04T18:26:40.060+0000] {subprocess.py:106} INFO - Removing duplicate category translations...
[2026-06-04T18:26:40.069+0000] {subprocess.py:106} INFO - 
[2026-06-04T18:26:40.071+0000] {subprocess.py:106} INFO - Applying metadata enrichment...
[2026-06-04T18:26:40.087+0000] {subprocess.py:106} INFO - 
[2026-06-04T18:26:40.089+0000] {subprocess.py:106} INFO - Applying final schema ordering...
[2026-06-04T18:26:40.100+0000] {subprocess.py:106} INFO - 
[2026-06-04T18:26:40.102+0000] {subprocess.py:106} INFO - Materializing Silver Category Translation DataFrame...
[2026-06-04T18:26:42.080+0000] {subprocess.py:106} INFO - 
[2026-06-04T18:26:42.087+0000] {subprocess.py:106} INFO - =================================================
[2026-06-04T18:26:42.090+0000] {subprocess.py:106} INFO - RUNNING CATEGORY TRANSLATION VALIDATION
[2026-06-04T18:26:42.093+0000] {subprocess.py:106} INFO - =================================================
[2026-06-04T18:26:42.096+0000] {subprocess.py:106} INFO - 
[2026-06-04T18:26:42.098+0000] {subprocess.py:106} INFO - [1] ROW COUNT ANALYSIS
[2026-06-04T18:26:43.350+0000] {subprocess.py:106} INFO - Source Translation Count: 71
[2026-06-04T18:26:43.367+0000] {subprocess.py:106} INFO - Silver Translation Count: 71
[2026-06-04T18:26:43.370+0000] {subprocess.py:106} INFO - PASSED: Row count validation.
[2026-06-04T18:26:43.373+0000] {subprocess.py:106} INFO - 
[2026-06-04T18:26:43.376+0000] {subprocess.py:106} INFO - [2] GRAIN VALIDATION
[2026-06-04T18:26:44.656+0000] {subprocess.py:106} INFO - 
[2026-06-04T18:26:44.666+0000] {subprocess.py:106} INFO - [3] CRITICAL NULL VALIDATION
[2026-06-04T18:26:46.811+0000] {subprocess.py:106} INFO - 
[2026-06-04T18:26:46.818+0000] {subprocess.py:106} INFO - [4] PORTUGUESE CATEGORY VALIDATION
[2026-06-04T18:26:49.582+0000] {subprocess.py:106} INFO - Inconsistent Portuguese Categories: 0
[2026-06-04T18:26:49.626+0000] {subprocess.py:106} INFO - PASSED: Portuguese category normalization validation.
[2026-06-04T18:26:49.635+0000] {subprocess.py:106} INFO - 
[2026-06-04T18:26:49.657+0000] {subprocess.py:106} INFO - [5] ENGLISH CATEGORY VALIDATION
[2026-06-04T18:26:52.738+0000] {subprocess.py:106} INFO - Inconsistent English Categories: 0
[2026-06-04T18:26:52.751+0000] {subprocess.py:106} INFO - PASSED: English category normalization validation.
[2026-06-04T18:26:52.755+0000] {subprocess.py:106} INFO - 
[2026-06-04T18:26:52.760+0000] {subprocess.py:106} INFO - [6] EMPTY TRANSLATION VALIDATION
[2026-06-04T18:26:55.227+0000] {subprocess.py:106} INFO - Empty Translation Records: 0
[2026-06-04T18:26:55.247+0000] {subprocess.py:106} INFO - PASSED: Empty translation validation.
[2026-06-04T18:26:55.266+0000] {subprocess.py:106} INFO - 
[2026-06-04T18:26:55.294+0000] {subprocess.py:106} INFO - [7] SEMANTIC COMPLETENESS VALIDATION
[2026-06-04T18:26:59.646+0000] {subprocess.py:106} INFO - Missing Translation Records: 0
[2026-06-04T18:26:59.676+0000] {subprocess.py:106} INFO - PASSED: Semantic completeness validation.
[2026-06-04T18:26:59.688+0000] {subprocess.py:106} INFO - 
[2026-06-04T18:26:59.694+0000] {subprocess.py:106} INFO - [8] DUPLICATE ENGLISH TRANSLATION ANALYSIS
[2026-06-04T18:27:06.454+0000] {subprocess.py:106} INFO - Duplicate English Translation Groups: 0
[2026-06-04T18:27:06.470+0000] {subprocess.py:106} INFO - 
[2026-06-04T18:27:06.477+0000] {subprocess.py:106} INFO - INFO:
[2026-06-04T18:27:06.484+0000] {subprocess.py:106} INFO - Some Portuguese categories may map to
[2026-06-04T18:27:06.494+0000] {subprocess.py:106} INFO - similar business-friendly English labels.
[2026-06-04T18:27:06.506+0000] {subprocess.py:106} INFO - 
[2026-06-04T18:27:06.511+0000] {subprocess.py:106} INFO - 
[2026-06-04T18:27:06.515+0000] {subprocess.py:106} INFO - [9] UNDERSCORE STANDARDIZATION VALIDATION
[2026-06-04T18:27:08.462+0000] {subprocess.py:106} INFO - Non-Standardized Translation Records: 0
[2026-06-04T18:27:08.500+0000] {subprocess.py:106} INFO - PASSED: Underscore standardization validation.
[2026-06-04T18:27:08.506+0000] {subprocess.py:106} INFO - 
[2026-06-04T18:27:08.509+0000] {subprocess.py:106} INFO - [10] CATEGORY SEMANTIC DISTRIBUTION VALIDATION
[2026-06-04T18:27:09.672+0000] {subprocess.py:106} INFO - Null Portuguese Category Records: 0
[2026-06-04T18:27:09.693+0000] {subprocess.py:106} INFO - PASSED: Category semantic distribution validation.
[2026-06-04T18:27:09.696+0000] {subprocess.py:106} INFO - 
[2026-06-04T18:27:09.700+0000] {subprocess.py:106} INFO - =================================================
[2026-06-04T18:27:09.702+0000] {subprocess.py:106} INFO - ALL CATEGORY TRANSLATION VALIDATIONS COMPLETED
[2026-06-04T18:27:09.703+0000] {subprocess.py:106} INFO - =================================================
[2026-06-04T18:27:09.705+0000] {subprocess.py:106} INFO - 
[2026-06-04T18:27:09.707+0000] {subprocess.py:106} INFO - Validation Summary:
[2026-06-04T18:27:09.709+0000] {subprocess.py:106} INFO - - Semantic translation integrity verified
[2026-06-04T18:27:09.712+0000] {subprocess.py:106} INFO - - Category uniqueness validated
[2026-06-04T18:27:09.716+0000] {subprocess.py:106} INFO - - Multilingual normalization verified
[2026-06-04T18:27:09.718+0000] {subprocess.py:106} INFO - - Business-readable formatting enforced
[2026-06-04T18:27:09.721+0000] {subprocess.py:106} INFO - - Semantic completeness protected
[2026-06-04T18:27:09.723+0000] {subprocess.py:106} INFO - - Controlled semantic governance applied
[2026-06-04T18:27:09.724+0000] {subprocess.py:106} INFO - 
[2026-06-04T18:27:09.726+0000] {subprocess.py:106} INFO - silver_category_translation is TRUSTED.
[2026-06-04T18:27:09.727+0000] {subprocess.py:106} INFO - 
[2026-06-04T18:27:09.728+0000] {subprocess.py:106} INFO - 
[2026-06-04T18:27:09.730+0000] {subprocess.py:106} INFO - =================================================
[2026-06-04T18:27:09.730+0000] {subprocess.py:106} INFO - SILVER CATEGORY TRANSLATION PREVIEW
[2026-06-04T18:27:09.732+0000] {subprocess.py:106} INFO - =================================================
[2026-06-04T18:27:09.892+0000] {subprocess.py:106} INFO - +---------------------------------+-------------------------------+--------------------------+-------------+----------------------+
[2026-06-04T18:27:09.894+0000] {subprocess.py:106} INFO - |product_category_name            |product_category_name_english  |silver_loaded_at          |source_system|transformation_version|
[2026-06-04T18:27:09.896+0000] {subprocess.py:106} INFO - +---------------------------------+-------------------------------+--------------------------+-------------+----------------------+
[2026-06-04T18:27:09.900+0000] {subprocess.py:106} INFO - |pcs                              |computers                      |2026-06-04 18:26:40.103361|olist        |v1                    |
[2026-06-04T18:27:09.904+0000] {subprocess.py:106} INFO - |bebes                            |baby                           |2026-06-04 18:26:40.103361|olist        |v1                    |
[2026-06-04T18:27:09.906+0000] {subprocess.py:106} INFO - |artes                            |art                            |2026-06-04 18:26:40.103361|olist        |v1                    |
[2026-06-04T18:27:09.907+0000] {subprocess.py:106} INFO - |cine_foto                        |cine_photo                     |2026-06-04 18:26:40.103361|olist        |v1                    |
[2026-06-04T18:27:09.911+0000] {subprocess.py:106} INFO - |moveis_decoracao                 |furniture_decor                |2026-06-04 18:26:40.103361|olist        |v1                    |
[2026-06-04T18:27:09.920+0000] {subprocess.py:106} INFO - |construcao_ferramentas_construcao|construction_tools_construction|2026-06-04 18:26:40.103361|olist        |v1                    |
[2026-06-04T18:27:09.930+0000] {subprocess.py:106} INFO - |tablets_impressao_imagem         |tablets_printing_image         |2026-06-04 18:26:40.103361|olist        |v1                    |
[2026-06-04T18:27:09.935+0000] {subprocess.py:106} INFO - |artigos_de_festas                |party_supplies                 |2026-06-04 18:26:40.103361|olist        |v1                    |
[2026-06-04T18:27:09.943+0000] {subprocess.py:106} INFO - |fashion_roupa_masculina          |fashion_male_clothing          |2026-06-04 18:26:40.103361|olist        |v1                    |
[2026-06-04T18:27:09.952+0000] {subprocess.py:106} INFO - |artigos_de_natal                 |christmas_supplies             |2026-06-04 18:26:40.103361|olist        |v1                    |
[2026-06-04T18:27:09.955+0000] {subprocess.py:106} INFO - +---------------------------------+-------------------------------+--------------------------+-------------+----------------------+
[2026-06-04T18:27:09.958+0000] {subprocess.py:106} INFO - only showing top 10 rows
[2026-06-04T18:27:09.963+0000] {subprocess.py:106} INFO - 
[2026-06-04T18:27:09.967+0000] {subprocess.py:106} INFO - 
[2026-06-04T18:27:09.971+0000] {subprocess.py:106} INFO - =================================================
[2026-06-04T18:27:09.980+0000] {subprocess.py:106} INFO - FINAL ROW COUNT
[2026-06-04T18:27:09.987+0000] {subprocess.py:106} INFO - =================================================
[2026-06-04T18:27:12.907+0000] {subprocess.py:106} INFO - Silver Category Translation Count: 71
[2026-06-04T18:27:12.954+0000] {subprocess.py:106} INFO - 
[2026-06-04T18:27:12.963+0000] {subprocess.py:106} INFO - =================================================
[2026-06-04T18:27:12.971+0000] {subprocess.py:106} INFO - WRITING SILVER CATEGORY TRANSLATION DATASET
[2026-06-04T18:27:12.979+0000] {subprocess.py:106} INFO - =================================================
[2026-06-04T18:27:28.128+0000] {subprocess.py:106} INFO - Silver Category Translation Written To: s3a://silver/category_translation/
[2026-06-04T18:27:28.764+0000] {subprocess.py:106} INFO - 
[2026-06-04T18:27:28.767+0000] {subprocess.py:106} INFO - =================================================
[2026-06-04T18:27:28.770+0000] {subprocess.py:106} INFO - SILVER CATEGORY TRANSLATION TRANSFORMATION COMPLETED
[2026-06-04T18:27:28.772+0000] {subprocess.py:106} INFO - =================================================
[2026-06-04T18:27:28.846+0000] {subprocess.py:106} INFO - Execution Time: 49.7 seconds
[2026-06-04T18:27:28.850+0000] {subprocess.py:106} INFO - SUCCESS
[2026-06-04T18:27:28.851+0000] {subprocess.py:106} INFO - 
[2026-06-04T18:27:28.853+0000] {subprocess.py:106} INFO - ======================================================================
[2026-06-04T18:27:28.855+0000] {subprocess.py:106} INFO - RUNNING: transform_orders.py
[2026-06-04T18:27:28.856+0000] {subprocess.py:106} INFO - ======================================================================
[2026-06-04T18:27:28.916+0000] {subprocess.py:106} INFO - Project Root Added: /workspace/project
[2026-06-04T18:27:29.279+0000] {subprocess.py:106} INFO - Project Root Added: /workspace/project
[2026-06-04T18:27:29.466+0000] {subprocess.py:106} INFO - 
[2026-06-04T18:27:29.469+0000] {subprocess.py:106} INFO - =================================================
[2026-06-04T18:27:29.472+0000] {subprocess.py:106} INFO - LOADING BRONZE ORDERS DATA
[2026-06-04T18:27:29.473+0000] {subprocess.py:106} INFO - =================================================
[2026-06-04T18:27:29.877+0000] {subprocess.py:106} INFO - Bronze Orders Count: 99441
[2026-06-04T18:27:30.284+0000] {subprocess.py:106} INFO - 
[2026-06-04T18:27:30.287+0000] {subprocess.py:106} INFO - =================================================
[2026-06-04T18:27:30.290+0000] {subprocess.py:106} INFO - RUNNING SILVER ORDERS VALIDATION
[2026-06-04T18:27:30.293+0000] {subprocess.py:106} INFO - =================================================
[2026-06-04T18:27:32.620+0000] {subprocess.py:106} INFO - 
[2026-06-04T18:27:32.637+0000] {subprocess.py:106} INFO - [VALIDATION] Order Grain Integrity
[2026-06-04T18:27:36.278+0000] {subprocess.py:106} INFO - 
[2026-06-04T18:27:36.308+0000] {subprocess.py:106} INFO - [VALIDATION] Critical Null Analysis
[2026-06-04T18:27:42.056+0000] {subprocess.py:106} INFO - 
[2026-06-04T18:27:42.067+0000] {subprocess.py:106} INFO - [VALIDATION] Order Status Categories
[2026-06-04T18:27:43.976+0000] {subprocess.py:106} INFO - [PASSED] All order statuses valid
[2026-06-04T18:27:44.006+0000] {subprocess.py:106} INFO - 
[2026-06-04T18:27:44.013+0000] {subprocess.py:106} INFO - [VALIDATION] Purchase → Approval
[2026-06-04T18:27:45.494+0000] {subprocess.py:106} INFO - Invalid Purchase/Approval: 0
[2026-06-04T18:27:45.530+0000] {subprocess.py:106} INFO - 
[2026-06-04T18:27:45.537+0000] {subprocess.py:106} INFO - [VALIDATION] Approval → Carrier
[2026-06-04T18:27:49.660+0000] {subprocess.py:106} INFO - Invalid Approval/Carrier: 0
[2026-06-04T18:27:49.671+0000] {subprocess.py:106} INFO - 
[2026-06-04T18:27:49.676+0000] {subprocess.py:106} INFO - [VALIDATION] Carrier → Customer
[2026-06-04T18:27:53.288+0000] {subprocess.py:106} INFO - Invalid Carrier/Customer: 0
[2026-06-04T18:27:53.308+0000] {subprocess.py:106} INFO - 
[2026-06-04T18:27:53.316+0000] {subprocess.py:106} INFO - [VALIDATION] Chronology Integrity
[2026-06-04T18:27:54.754+0000] {subprocess.py:106} INFO - Chronology Violations: 0
[2026-06-04T18:27:54.763+0000] {subprocess.py:106} INFO - 
[2026-06-04T18:27:54.765+0000] {subprocess.py:106} INFO - [VALIDATION] Delivered Orders
[2026-06-04T18:27:56.917+0000] {subprocess.py:106} INFO - Delivered Orders Missing Date: 0
[2026-06-04T18:27:56.941+0000] {subprocess.py:106} INFO - 
[2026-06-04T18:27:56.946+0000] {subprocess.py:106} INFO - [VALIDATION] Delivery Metrics
[2026-06-04T18:28:01.130+0000] {subprocess.py:106} INFO - Negative Delivery Duration: 0
[2026-06-04T18:28:01.154+0000] {subprocess.py:106} INFO - Extreme Delay Orders: 0
[2026-06-04T18:28:01.161+0000] {subprocess.py:106} INFO - 
[2026-06-04T18:28:01.167+0000] {subprocess.py:106} INFO - [VALIDATION] Derived Metrics
[2026-06-04T18:28:09.969+0000] {subprocess.py:106} INFO - Negative Handling Days: 0
[2026-06-04T18:28:09.981+0000] {subprocess.py:106} INFO - Negative Shipping Days: 0
[2026-06-04T18:28:09.984+0000] {subprocess.py:106} INFO - Negative Lead Time: 0
[2026-06-04T18:28:09.987+0000] {subprocess.py:106} INFO - 
[2026-06-04T18:28:09.990+0000] {subprocess.py:106} INFO - [VALIDATION] Quarantine Summary
[2026-06-04T18:28:11.552+0000] {subprocess.py:106} INFO - Total Quarantined Orders: 1390
[2026-06-04T18:28:14.464+0000] {subprocess.py:106} INFO - +-------------------------------+-----+
[2026-06-04T18:28:14.541+0000] {subprocess.py:106} INFO - |quarantine_reason              |count|
[2026-06-04T18:28:14.549+0000] {subprocess.py:106} INFO - +-------------------------------+-----+
[2026-06-04T18:28:14.556+0000] {subprocess.py:106} INFO - |CHRONOLOGY_VIOLATION           |1382 |
[2026-06-04T18:28:14.560+0000] {subprocess.py:106} INFO - |DELIVERED_WITHOUT_DELIVERY_DATE|8    |
[2026-06-04T18:28:14.566+0000] {subprocess.py:106} INFO - +-------------------------------+-----+
[2026-06-04T18:28:14.592+0000] {subprocess.py:106} INFO - 
[2026-06-04T18:28:14.598+0000] {subprocess.py:106} INFO - 
[2026-06-04T18:28:14.603+0000] {subprocess.py:106} INFO - =================================================
[2026-06-04T18:28:14.607+0000] {subprocess.py:106} INFO - ORDERS VALIDATION COMPLETED
[2026-06-04T18:28:14.612+0000] {subprocess.py:106} INFO - =================================================
[2026-06-04T18:28:24.107+0000] {subprocess.py:106} INFO - 26/06/04 18:28:24 WARN SparkStringUtils: Truncated the string representation of a plan since it was too large. This behavior can be adjusted by setting 'spark.sql.debug.maxToStringFields'.
[2026-06-04T18:28:28.460+0000] {subprocess.py:106} INFO - 
[2026-06-04T18:28:28.468+0000] {subprocess.py:106} INFO - =================================================
[2026-06-04T18:28:28.469+0000] {subprocess.py:106} INFO - ORDERS HARDENING COMPLETED
[2026-06-04T18:28:28.471+0000] {subprocess.py:106} INFO - =================================================
[2026-06-04T18:28:29.503+0000] {subprocess.py:106} INFO - Clean Orders: 98051
[2026-06-04T18:28:30.172+0000] {subprocess.py:106} INFO - Quarantined Orders: 1390
[2026-06-04T18:28:30.744+0000] {subprocess.py:106} INFO - +------------+-----+
[2026-06-04T18:28:30.754+0000] {subprocess.py:106} INFO - |order_status|count|
[2026-06-04T18:28:30.761+0000] {subprocess.py:106} INFO - +------------+-----+
[2026-06-04T18:28:30.763+0000] {subprocess.py:106} INFO - |shipped     |1107 |
[2026-06-04T18:28:30.765+0000] {subprocess.py:106} INFO - |canceled    |619  |
[2026-06-04T18:28:30.767+0000] {subprocess.py:106} INFO - |approved    |2    |
[2026-06-04T18:28:30.769+0000] {subprocess.py:106} INFO - |invoiced    |314  |
[2026-06-04T18:28:30.776+0000] {subprocess.py:106} INFO - |delivered   |8    |
[2026-06-04T18:28:30.779+0000] {subprocess.py:106} INFO - |unavailable |609  |
[2026-06-04T18:28:30.781+0000] {subprocess.py:106} INFO - |processing  |301  |
[2026-06-04T18:28:30.785+0000] {subprocess.py:106} INFO - |created     |5    |
[2026-06-04T18:28:30.790+0000] {subprocess.py:106} INFO - +------------+-----+
[2026-06-04T18:28:30.794+0000] {subprocess.py:106} INFO - 
[2026-06-04T18:28:31.317+0000] {subprocess.py:106} INFO - Execution Time: 62.47 seconds
[2026-06-04T18:28:31.318+0000] {subprocess.py:106} INFO - SUCCESS
[2026-06-04T18:28:31.320+0000] {subprocess.py:106} INFO - 
[2026-06-04T18:28:31.322+0000] {subprocess.py:106} INFO - ======================================================================
[2026-06-04T18:28:31.323+0000] {subprocess.py:106} INFO - RUNNING: transform_customers.py
[2026-06-04T18:28:31.326+0000] {subprocess.py:106} INFO - ======================================================================
[2026-06-04T18:28:31.400+0000] {subprocess.py:106} INFO - Project Root Added: /workspace/project
[2026-06-04T18:28:32.244+0000] {subprocess.py:106} INFO - 
[2026-06-04T18:28:32.248+0000] {subprocess.py:106} INFO - =================================================
[2026-06-04T18:28:32.249+0000] {subprocess.py:106} INFO - LOADING SOURCE DATASETS
[2026-06-04T18:28:32.250+0000] {subprocess.py:106} INFO - =================================================
[2026-06-04T18:28:33.002+0000] {subprocess.py:106} INFO - Customers Count: 99441
[2026-06-04T18:28:33.366+0000] {subprocess.py:106} INFO - Geolocation Count: 19015
[2026-06-04T18:28:33.370+0000] {subprocess.py:106} INFO - 
[2026-06-04T18:28:33.388+0000] {subprocess.py:106} INFO - =================================================
[2026-06-04T18:28:33.403+0000] {subprocess.py:106} INFO - BRONZE CUSTOMERS SCHEMA
[2026-06-04T18:28:33.408+0000] {subprocess.py:106} INFO - =================================================
[2026-06-04T18:28:33.414+0000] {subprocess.py:106} INFO - root
[2026-06-04T18:28:33.417+0000] {subprocess.py:106} INFO -  |-- customer_id: string (nullable = true)
[2026-06-04T18:28:33.421+0000] {subprocess.py:106} INFO -  |-- customer_unique_id: string (nullable = true)
[2026-06-04T18:28:33.427+0000] {subprocess.py:106} INFO -  |-- customer_zip_code_prefix: string (nullable = true)
[2026-06-04T18:28:33.448+0000] {subprocess.py:106} INFO -  |-- customer_city: string (nullable = true)
[2026-06-04T18:28:33.452+0000] {subprocess.py:106} INFO -  |-- customer_state: string (nullable = true)
[2026-06-04T18:28:33.459+0000] {subprocess.py:106} INFO -  |-- ingestion_timestamp: timestamp (nullable = true)
[2026-06-04T18:28:33.461+0000] {subprocess.py:106} INFO -  |-- ingestion_date: date (nullable = true)
[2026-06-04T18:28:33.469+0000] {subprocess.py:106} INFO -  |-- source_file: string (nullable = true)
[2026-06-04T18:28:33.478+0000] {subprocess.py:106} INFO - 
[2026-06-04T18:28:33.485+0000] {subprocess.py:106} INFO - 
[2026-06-04T18:28:33.492+0000] {subprocess.py:106} INFO - =================================================
[2026-06-04T18:28:33.495+0000] {subprocess.py:106} INFO - STARTING SILVER TRANSFORMATIONS
[2026-06-04T18:28:33.497+0000] {subprocess.py:106} INFO - =================================================
[2026-06-04T18:28:33.498+0000] {subprocess.py:106} INFO - 
[2026-06-04T18:28:33.500+0000] {subprocess.py:106} INFO - Applying ZIP-prefix standardization...
[2026-06-04T18:28:33.503+0000] {subprocess.py:106} INFO - 
[2026-06-04T18:28:33.505+0000] {subprocess.py:106} INFO - Applying city normalization...
[2026-06-04T18:28:33.507+0000] {subprocess.py:106} INFO - 
[2026-06-04T18:28:33.509+0000] {subprocess.py:106} INFO - Applying state normalization...
[2026-06-04T18:28:33.540+0000] {subprocess.py:106} INFO - 
[2026-06-04T18:28:33.546+0000] {subprocess.py:106} INFO - Applying geographic enrichment...
[2026-06-04T18:28:33.757+0000] {subprocess.py:106} INFO - 
[2026-06-04T18:28:33.774+0000] {subprocess.py:106} INFO - Applying metadata enrichment...
[2026-06-04T18:28:33.775+0000] {subprocess.py:106} INFO - 
[2026-06-04T18:28:33.776+0000] {subprocess.py:106} INFO - Applying final schema ordering...
[2026-06-04T18:28:33.859+0000] {subprocess.py:106} INFO - 
[2026-06-04T18:28:33.863+0000] {subprocess.py:106} INFO - =================================================
[2026-06-04T18:28:33.872+0000] {subprocess.py:106} INFO - RUNNING CUSTOMERS VALIDATION
[2026-06-04T18:28:33.876+0000] {subprocess.py:106} INFO - =================================================
[2026-06-04T18:28:33.878+0000] {subprocess.py:106} INFO - 
[2026-06-04T18:28:33.880+0000] {subprocess.py:106} INFO - [1] ROW COUNT ANALYSIS
[2026-06-04T18:28:35.591+0000] {subprocess.py:106} INFO - Source Customer Count: 99441
[2026-06-04T18:28:35.604+0000] {subprocess.py:106} INFO - Silver Customer Count: 99441
[2026-06-04T18:28:35.608+0000] {subprocess.py:106} INFO - PASSED: Row count validation.
[2026-06-04T18:28:35.612+0000] {subprocess.py:106} INFO - 
[2026-06-04T18:28:35.621+0000] {subprocess.py:106} INFO - [2] GRAIN VALIDATION
[2026-06-04T18:28:37.136+0000] {subprocess.py:106} INFO - 
[2026-06-04T18:28:37.145+0000] {subprocess.py:106} INFO - [3] CRITICAL NULL VALIDATION
[2026-06-04T18:28:41.398+0000] {subprocess.py:106} INFO - 
[2026-06-04T18:28:41.420+0000] {subprocess.py:106} INFO - [4] CUSTOMER ID VALIDATION
[2026-06-04T18:28:42.198+0000] {subprocess.py:106} INFO - Invalid Customer IDs: 0
[2026-06-04T18:28:42.213+0000] {subprocess.py:106} INFO - PASSED: Customer ID validation.
[2026-06-04T18:28:42.218+0000] {subprocess.py:106} INFO - 
[2026-06-04T18:28:42.223+0000] {subprocess.py:106} INFO - [5] ZIP PREFIX VALIDATION
[2026-06-04T18:28:46.431+0000] {subprocess.py:106} INFO - Invalid ZIP Prefix Records: 0
[2026-06-04T18:28:46.463+0000] {subprocess.py:106} INFO - PASSED: ZIP prefix validation.
[2026-06-04T18:28:46.472+0000] {subprocess.py:106} INFO - 
[2026-06-04T18:28:46.482+0000] {subprocess.py:106} INFO - [6] STATE VALIDATION
[2026-06-04T18:28:47.342+0000] {subprocess.py:106} INFO - Invalid State Records: 0
[2026-06-04T18:28:47.371+0000] {subprocess.py:106} INFO - PASSED: State validation.
[2026-06-04T18:28:47.373+0000] {subprocess.py:106} INFO - 
[2026-06-04T18:28:47.375+0000] {subprocess.py:106} INFO - [7] CITY NORMALIZATION VALIDATION
[2026-06-04T18:28:47.996+0000] {subprocess.py:106} INFO - Inconsistent City Records: 0
[2026-06-04T18:28:48.063+0000] {subprocess.py:106} INFO - PASSED: City normalization validation.
[2026-06-04T18:28:48.078+0000] {subprocess.py:106} INFO - 
[2026-06-04T18:28:48.109+0000] {subprocess.py:106} INFO - [8] GEOGRAPHIC ENRICHMENT VALIDATION
[2026-06-04T18:28:49.269+0000] {subprocess.py:106} INFO - Missing Geographic Enrichment Records: 278
[2026-06-04T18:28:49.299+0000] {subprocess.py:106} INFO - 
[2026-06-04T18:28:49.307+0000] {subprocess.py:106} INFO - WARNING:
[2026-06-04T18:28:49.314+0000] {subprocess.py:106} INFO - Some customers are missing geographic enrichment.
[2026-06-04T18:28:49.321+0000] {subprocess.py:106} INFO - 
[2026-06-04T18:28:49.326+0000] {subprocess.py:106} INFO - 
[2026-06-04T18:28:49.328+0000] {subprocess.py:106} INFO - [9] LATITUDE RANGE VALIDATION
[2026-06-04T18:28:50.083+0000] {subprocess.py:106} INFO - Invalid Latitude Records: 0
[2026-06-04T18:28:50.109+0000] {subprocess.py:106} INFO - PASSED: Latitude validation.
[2026-06-04T18:28:50.113+0000] {subprocess.py:106} INFO - 
[2026-06-04T18:28:50.117+0000] {subprocess.py:106} INFO - [10] LONGITUDE RANGE VALIDATION
[2026-06-04T18:28:51.184+0000] {subprocess.py:106} INFO - Invalid Longitude Records: 0
[2026-06-04T18:28:51.190+0000] {subprocess.py:106} INFO - PASSED: Longitude validation.
[2026-06-04T18:28:51.192+0000] {subprocess.py:106} INFO - 
[2026-06-04T18:28:51.195+0000] {subprocess.py:106} INFO - =================================================
[2026-06-04T18:28:51.198+0000] {subprocess.py:106} INFO - ALL CUSTOMERS VALIDATIONS COMPLETED
[2026-06-04T18:28:51.200+0000] {subprocess.py:106} INFO - =================================================
[2026-06-04T18:28:51.204+0000] {subprocess.py:106} INFO - 
[2026-06-04T18:28:51.208+0000] {subprocess.py:106} INFO - Validation Summary:
[2026-06-04T18:28:51.210+0000] {subprocess.py:106} INFO - - Customer grain integrity verified
[2026-06-04T18:28:51.211+0000] {subprocess.py:106} INFO - - Customer identity validated
[2026-06-04T18:28:51.213+0000] {subprocess.py:106} INFO - - ZIP-prefix integrity verified
[2026-06-04T18:28:51.216+0000] {subprocess.py:106} INFO - - Geographic enrichment validated
[2026-06-04T18:28:51.218+0000] {subprocess.py:106} INFO - - Regional normalization verified
[2026-06-04T18:28:51.220+0000] {subprocess.py:106} INFO - - Coordinate validity verified
[2026-06-04T18:28:51.221+0000] {subprocess.py:106} INFO - - Dimensional integrity protected
[2026-06-04T18:28:51.222+0000] {subprocess.py:106} INFO - 
[2026-06-04T18:28:51.224+0000] {subprocess.py:106} INFO - silver_customers is TRUSTED.
[2026-06-04T18:28:51.226+0000] {subprocess.py:106} INFO - 
[2026-06-04T18:28:51.228+0000] {subprocess.py:106} INFO - 
[2026-06-04T18:28:51.229+0000] {subprocess.py:106} INFO - =================================================
[2026-06-04T18:28:51.230+0000] {subprocess.py:106} INFO - SILVER CUSTOMERS PREVIEW
[2026-06-04T18:28:51.230+0000] {subprocess.py:106} INFO - =================================================
[2026-06-04T18:28:51.982+0000] {subprocess.py:106} INFO - +--------------------------------+--------------------------------+------------------------+---------------------+--------------+-------------------+-------------------+--------------------------+-------------+----------------------+
[2026-06-04T18:28:52.014+0000] {subprocess.py:106} INFO - |customer_id                     |customer_unique_id              |customer_zip_code_prefix|customer_city        |customer_state|median_latitude    |median_longitude   |silver_loaded_at          |source_system|transformation_version|
[2026-06-04T18:28:52.017+0000] {subprocess.py:106} INFO - +--------------------------------+--------------------------------+------------------------+---------------------+--------------+-------------------+-------------------+--------------------------+-------------+----------------------+
[2026-06-04T18:28:52.020+0000] {subprocess.py:106} INFO - |f2a1d75b74d9ec748af88e894cd87597|15ee900ec703c9a10082b12bcbdcb307|68590                   |jacunda              |PA            |-4.448494309243434 |-49.11483200098034 |2026-06-04 18:28:51.221785|olist        |v1                    |
[2026-06-04T18:28:52.025+0000] {subprocess.py:106} INFO - |f15272fe9d0e2ae3297185f18d3bac46|11e74a9cbe1158d1c934d4c166f59ff3|15056                   |sao jose do rio preto|SP            |-20.773646999999997|-49.34454504130678 |2026-06-04 18:28:51.221785|olist        |v1                    |
[2026-06-04T18:28:52.027+0000] {subprocess.py:106} INFO - |7324ecb0ff143f561193d22bea7d63fb|c6be127fa6e30c6f705a205236a1f310|13302                   |itu                  |SP            |-23.264880044693804|-47.2738468670939  |2026-06-04 18:28:51.221785|olist        |v1                    |
[2026-06-04T18:28:52.031+0000] {subprocess.py:106} INFO - |7accf3d920f47c07f5bfbc88f53f9926|a7f1a6dc9ba06844bd84b810efa56d33|45638                   |coaraci              |BA            |-14.637361690494917|-39.5531301914744  |2026-06-04 18:28:51.221785|olist        |v1                    |
[2026-06-04T18:28:52.040+0000] {subprocess.py:106} INFO - |3680a273ddb333253fa2edc7d3f8a3f2|6cbfcc29787035834a40a46f5898436a|29700                   |colatina             |ES            |-19.53439839099284 |-40.62582639780611 |2026-06-04 18:28:51.221785|olist        |v1                    |
[2026-06-04T18:28:52.043+0000] {subprocess.py:106} INFO - |f18edbd308dd8784ffee6af3f20fd662|ef6e328edc28262f4cb80448f99338cb|18055                   |sorocaba             |SP            |-23.49841595392121 |-47.501813064112184|2026-06-04 18:28:51.221785|olist        |v1                    |
[2026-06-04T18:28:52.046+0000] {subprocess.py:106} INFO - |d7492c2b1d4bcba6c2c8cfd6a25ef8c2|d681f09d6d055742a26128c292625e00|44054                   |feira de santana     |BA            |-12.2169032647873  |-38.959816125722824|2026-06-04 18:28:51.221785|olist        |v1                    |
[2026-06-04T18:28:52.049+0000] {subprocess.py:106} INFO - |208954ebe4665c5b2392ff5b25e918c2|dc36c19e6e8bdcb2d9c2bf1f8fc6d25a|9812                    |sao bernardo do campo|SP            |-23.72404886634402 |-46.569652914181916|2026-06-04 18:28:51.221785|olist        |v1                    |
[2026-06-04T18:28:52.054+0000] {subprocess.py:106} INFO - |eb4e0055f25e3f034c9fe8da064abb3d|d5763d39861acd1baedfcbd33dccb59d|70673                   |brasilia             |DF            |-15.799814381522623|-47.93030100000001 |2026-06-04 18:28:51.221785|olist        |v1                    |
[2026-06-04T18:28:52.058+0000] {subprocess.py:106} INFO - |8271ceeaf964f129bcc35e89a3d4520c|ef702c59e385cb13bd800b7fb30cc822|22793                   |rio de janeiro       |RJ            |-23.001664514859417|-43.40383953802869 |2026-06-04 18:28:51.221785|olist        |v1                    |
[2026-06-04T18:28:52.063+0000] {subprocess.py:106} INFO - +--------------------------------+--------------------------------+------------------------+---------------------+--------------+-------------------+-------------------+--------------------------+-------------+----------------------+
[2026-06-04T18:28:52.073+0000] {subprocess.py:106} INFO - only showing top 10 rows
[2026-06-04T18:28:52.075+0000] {subprocess.py:106} INFO - 
[2026-06-04T18:28:52.077+0000] {subprocess.py:106} INFO - 
[2026-06-04T18:28:52.079+0000] {subprocess.py:106} INFO - =================================================
[2026-06-04T18:28:52.082+0000] {subprocess.py:106} INFO - FINAL ROW COUNT
[2026-06-04T18:28:52.086+0000] {subprocess.py:106} INFO - =================================================
[2026-06-04T18:28:53.527+0000] {subprocess.py:106} INFO - Silver Customers Count: 99441
[2026-06-04T18:28:53.566+0000] {subprocess.py:106} INFO - 
[2026-06-04T18:28:53.570+0000] {subprocess.py:106} INFO - =================================================
[2026-06-04T18:28:53.572+0000] {subprocess.py:106} INFO - WRITING SILVER CUSTOMERS DATASET
[2026-06-04T18:28:53.574+0000] {subprocess.py:106} INFO - =================================================
[2026-06-04T18:28:56.993+0000] {subprocess.py:106} INFO - Silver Customers Written To: s3a://silver/customers/
[2026-06-04T18:28:57.518+0000] {subprocess.py:106} INFO - 
[2026-06-04T18:28:57.522+0000] {subprocess.py:106} INFO - =================================================
[2026-06-04T18:28:57.527+0000] {subprocess.py:106} INFO - SILVER CUSTOMERS TRANSFORMATION COMPLETED
[2026-06-04T18:28:57.532+0000] {subprocess.py:106} INFO - =================================================
[2026-06-04T18:28:57.644+0000] {subprocess.py:106} INFO - Execution Time: 26.33 seconds
[2026-06-04T18:28:57.645+0000] {subprocess.py:106} INFO - SUCCESS
[2026-06-04T18:28:57.647+0000] {subprocess.py:106} INFO - 
[2026-06-04T18:28:57.650+0000] {subprocess.py:106} INFO - ======================================================================
[2026-06-04T18:28:57.652+0000] {subprocess.py:106} INFO - RUNNING: transform_sellers.py
[2026-06-04T18:28:57.655+0000] {subprocess.py:106} INFO - ======================================================================
[2026-06-04T18:28:57.758+0000] {subprocess.py:106} INFO - Project Root Added: /workspace/project
[2026-06-04T18:28:58.690+0000] {subprocess.py:106} INFO - 
[2026-06-04T18:28:58.699+0000] {subprocess.py:106} INFO - =================================================
[2026-06-04T18:28:58.702+0000] {subprocess.py:106} INFO - LOADING SOURCE DATASETS
[2026-06-04T18:28:58.709+0000] {subprocess.py:106} INFO - =================================================
[2026-06-04T18:28:59.996+0000] {subprocess.py:106} INFO - Sellers Count: 3095
[2026-06-04T18:29:00.233+0000] {subprocess.py:106} INFO - Geolocation Count: 19015
[2026-06-04T18:29:00.403+0000] {subprocess.py:106} INFO - Closed Deals Count: 842
[2026-06-04T18:29:00.540+0000] {subprocess.py:106} INFO - 
[2026-06-04T18:29:00.543+0000] {subprocess.py:106} INFO - =================================================
[2026-06-04T18:29:00.545+0000] {subprocess.py:106} INFO - BRONZE SELLERS SCHEMA
[2026-06-04T18:29:00.547+0000] {subprocess.py:106} INFO - =================================================
[2026-06-04T18:29:00.553+0000] {subprocess.py:106} INFO - root
[2026-06-04T18:29:00.568+0000] {subprocess.py:106} INFO -  |-- seller_id: string (nullable = true)
[2026-06-04T18:29:00.572+0000] {subprocess.py:106} INFO -  |-- seller_zip_code_prefix: string (nullable = true)
[2026-06-04T18:29:00.576+0000] {subprocess.py:106} INFO -  |-- seller_city: string (nullable = true)
[2026-06-04T18:29:00.578+0000] {subprocess.py:106} INFO -  |-- seller_state: string (nullable = true)
[2026-06-04T18:29:00.581+0000] {subprocess.py:106} INFO -  |-- ingestion_timestamp: timestamp (nullable = true)
[2026-06-04T18:29:00.582+0000] {subprocess.py:106} INFO -  |-- ingestion_date: date (nullable = true)
[2026-06-04T18:29:00.585+0000] {subprocess.py:106} INFO -  |-- source_file: string (nullable = true)
[2026-06-04T18:29:00.588+0000] {subprocess.py:106} INFO - 
[2026-06-04T18:29:00.591+0000] {subprocess.py:106} INFO - 
[2026-06-04T18:29:00.597+0000] {subprocess.py:106} INFO - =================================================
[2026-06-04T18:29:00.603+0000] {subprocess.py:106} INFO - STARTING SILVER TRANSFORMATIONS
[2026-06-04T18:29:00.608+0000] {subprocess.py:106} INFO - =================================================
[2026-06-04T18:29:00.609+0000] {subprocess.py:106} INFO - 
[2026-06-04T18:29:00.611+0000] {subprocess.py:106} INFO - Applying ZIP-prefix standardization...
[2026-06-04T18:29:00.613+0000] {subprocess.py:106} INFO - 
[2026-06-04T18:29:00.614+0000] {subprocess.py:106} INFO - Applying city normalization...
[2026-06-04T18:29:00.616+0000] {subprocess.py:106} INFO - 
[2026-06-04T18:29:00.617+0000] {subprocess.py:106} INFO - Applying state normalization...
[2026-06-04T18:29:00.619+0000] {subprocess.py:106} INFO - 
[2026-06-04T18:29:00.621+0000] {subprocess.py:106} INFO - Applying geographic enrichment...
[2026-06-04T18:29:00.633+0000] {subprocess.py:106} INFO - 
[2026-06-04T18:29:00.635+0000] {subprocess.py:106} INFO - Applying Left join acquisition into sellers...
[2026-06-04T18:29:00.697+0000] {subprocess.py:106} INFO - 
[2026-06-04T18:29:00.700+0000] {subprocess.py:106} INFO - Applying metadata enrichment...
[2026-06-04T18:29:00.756+0000] {subprocess.py:106} INFO - 
[2026-06-04T18:29:00.763+0000] {subprocess.py:106} INFO - Applying final schema ordering...
[2026-06-04T18:29:00.846+0000] {subprocess.py:106} INFO - 
[2026-06-04T18:29:00.849+0000] {subprocess.py:106} INFO - =================================================
[2026-06-04T18:29:00.852+0000] {subprocess.py:106} INFO - RUNNING SELLERS VALIDATION
[2026-06-04T18:29:00.859+0000] {subprocess.py:106} INFO - =================================================
[2026-06-04T18:29:00.880+0000] {subprocess.py:106} INFO - 
[2026-06-04T18:29:00.893+0000] {subprocess.py:106} INFO - [1] ROW COUNT ANALYSIS
[2026-06-04T18:29:02.422+0000] {subprocess.py:106} INFO - Source Seller Count: 3095
[2026-06-04T18:29:02.450+0000] {subprocess.py:106} INFO - Silver Seller Count: 3095
[2026-06-04T18:29:02.462+0000] {subprocess.py:106} INFO - PASSED: Row count validation.
[2026-06-04T18:29:02.488+0000] {subprocess.py:106} INFO - 
[2026-06-04T18:29:02.498+0000] {subprocess.py:106} INFO - [2] GRAIN VALIDATION
[2026-06-04T18:29:04.180+0000] {subprocess.py:106} INFO - 
[2026-06-04T18:29:04.189+0000] {subprocess.py:106} INFO - [3] CRITICAL NULL VALIDATION
[2026-06-04T18:29:07.462+0000] {subprocess.py:106} INFO - 
[2026-06-04T18:29:07.471+0000] {subprocess.py:106} INFO - [4] SELLER ID VALIDATION
[2026-06-04T18:29:08.597+0000] {subprocess.py:106} INFO - Invalid Seller IDs: 0
[2026-06-04T18:29:08.607+0000] {subprocess.py:106} INFO - PASSED: Seller ID validation.
[2026-06-04T18:29:08.611+0000] {subprocess.py:106} INFO - 
[2026-06-04T18:29:08.615+0000] {subprocess.py:106} INFO - [5] ZIP PREFIX VALIDATION
[2026-06-04T18:29:09.532+0000] {subprocess.py:106} INFO - Invalid ZIP Prefix Records: 0
[2026-06-04T18:29:09.544+0000] {subprocess.py:106} INFO - PASSED: ZIP prefix validation.
[2026-06-04T18:29:09.550+0000] {subprocess.py:106} INFO - 
[2026-06-04T18:29:09.554+0000] {subprocess.py:106} INFO - [6] STATE VALIDATION
[2026-06-04T18:29:10.686+0000] {subprocess.py:106} INFO - Invalid State Records: 0
[2026-06-04T18:29:10.697+0000] {subprocess.py:106} INFO - PASSED: State validation.
[2026-06-04T18:29:10.705+0000] {subprocess.py:106} INFO - 
[2026-06-04T18:29:10.714+0000] {subprocess.py:106} INFO - [7] CITY NORMALIZATION VALIDATION
[2026-06-04T18:29:11.792+0000] {subprocess.py:106} INFO - Inconsistent City Records: 0
[2026-06-04T18:29:11.801+0000] {subprocess.py:106} INFO - PASSED: City normalization validation.
[2026-06-04T18:29:11.805+0000] {subprocess.py:106} INFO - 
[2026-06-04T18:29:11.808+0000] {subprocess.py:106} INFO - [8] GEOGRAPHIC ENRICHMENT VALIDATION
[2026-06-04T18:29:12.866+0000] {subprocess.py:106} INFO - Missing Geographic Enrichment Records: 7
[2026-06-04T18:29:12.879+0000] {subprocess.py:106} INFO - 
[2026-06-04T18:29:12.882+0000] {subprocess.py:106} INFO - WARNING:
[2026-06-04T18:29:12.885+0000] {subprocess.py:106} INFO - Some sellers are missing geographic enrichment.
[2026-06-04T18:29:12.889+0000] {subprocess.py:106} INFO - 
[2026-06-04T18:29:12.891+0000] {subprocess.py:106} INFO - 
[2026-06-04T18:29:12.894+0000] {subprocess.py:106} INFO - [9] LATITUDE RANGE VALIDATION
[2026-06-04T18:29:13.484+0000] {subprocess.py:106} INFO - Invalid Latitude Records: 0
[2026-06-04T18:29:13.503+0000] {subprocess.py:106} INFO - PASSED: Latitude validation.
[2026-06-04T18:29:13.506+0000] {subprocess.py:106} INFO - 
[2026-06-04T18:29:13.509+0000] {subprocess.py:106} INFO - [10] LONGITUDE RANGE VALIDATION
[2026-06-04T18:29:14.293+0000] {subprocess.py:106} INFO - Invalid Longitude Records: 0
[2026-06-04T18:29:14.327+0000] {subprocess.py:106} INFO - PASSED: Longitude validation.
[2026-06-04T18:29:14.332+0000] {subprocess.py:106} INFO - 
[2026-06-04T18:29:14.335+0000] {subprocess.py:106} INFO - [11] acquisition coverage VALIDATION
[2026-06-04T18:29:17.864+0000] {subprocess.py:106} INFO - Acquisition Coverage: 9.53% of sellers traceable
[2026-06-04T18:29:17.890+0000] {subprocess.py:106} INFO - Unknown Acquisition: 2800 sellers
[2026-06-04T18:29:17.895+0000] {subprocess.py:106} INFO - 
[2026-06-04T18:29:17.901+0000] {subprocess.py:106} INFO - =================================================
[2026-06-04T18:29:17.906+0000] {subprocess.py:106} INFO - ALL SELLERS VALIDATIONS COMPLETED
[2026-06-04T18:29:17.908+0000] {subprocess.py:106} INFO - =================================================
[2026-06-04T18:29:17.910+0000] {subprocess.py:106} INFO - 
[2026-06-04T18:29:17.912+0000] {subprocess.py:106} INFO - Validation Summary:
[2026-06-04T18:29:17.918+0000] {subprocess.py:106} INFO - - Seller grain integrity verified
[2026-06-04T18:29:17.923+0000] {subprocess.py:106} INFO - - Seller identity validated
[2026-06-04T18:29:17.927+0000] {subprocess.py:106} INFO - - ZIP-prefix integrity verified
[2026-06-04T18:29:17.929+0000] {subprocess.py:106} INFO - - Geographic enrichment validated
[2026-06-04T18:29:17.934+0000] {subprocess.py:106} INFO - - Regional normalization verified
[2026-06-04T18:29:17.939+0000] {subprocess.py:106} INFO - - Coordinate validity verified
[2026-06-04T18:29:17.944+0000] {subprocess.py:106} INFO - - Dimensional integrity protected
[2026-06-04T18:29:17.948+0000] {subprocess.py:106} INFO - 
[2026-06-04T18:29:17.958+0000] {subprocess.py:106} INFO - silver_sellers is TRUSTED.
[2026-06-04T18:29:17.962+0000] {subprocess.py:106} INFO - 
[2026-06-04T18:29:17.967+0000] {subprocess.py:106} INFO - 
[2026-06-04T18:29:17.970+0000] {subprocess.py:106} INFO - =================================================
[2026-06-04T18:29:17.974+0000] {subprocess.py:106} INFO - SILVER SELLERS PREVIEW
[2026-06-04T18:29:17.977+0000] {subprocess.py:106} INFO - =================================================
[2026-06-04T18:29:19.374+0000] {subprocess.py:106} INFO - +--------------------------------+----------------------+-----------------+------------+-------------------+-------------------+------------------+----------------+---------+----------------------+--------------------------+-------------+----------------------+
[2026-06-04T18:29:19.402+0000] {subprocess.py:106} INFO - |seller_id                       |seller_zip_code_prefix|seller_city      |seller_state|median_latitude    |median_longitude   |acquisition_source|business_segment|lead_type|lead_behaviour_profile|silver_loaded_at          |source_system|transformation_version|
[2026-06-04T18:29:19.406+0000] {subprocess.py:106} INFO - +--------------------------------+----------------------+-----------------+------------+-------------------+-------------------+------------------+----------------+---------+----------------------+--------------------------+-------------+----------------------+
[2026-06-04T18:29:19.412+0000] {subprocess.py:106} INFO - |1b938a7ec6ac5061a66a3766e0e75f90|16304                 |penapolis        |SP          |-21.43960947934652 |-50.07699982801284 |unknown           |unknown         |unknown  |unknown               |2026-06-04 18:29:17.916386|olist        |v1                    |
[2026-06-04T18:29:19.423+0000] {subprocess.py:106} INFO - |3442f8959a84dea7ee197c632cb2df15|13023                 |campinas         |SP          |-22.89456108964741 |-47.06238703780417 |unknown           |unknown         |unknown  |unknown               |2026-06-04 18:29:17.916386|olist        |v1                    |
[2026-06-04T18:29:19.427+0000] {subprocess.py:106} INFO - |51a04a8a6bdcb23deccc82b0b80742cf|12914                 |braganca paulista|SP          |-22.964435507357585|-46.53509019666396 |unknown           |unknown         |unknown  |unknown               |2026-06-04 18:29:17.916386|olist        |v1                    |
[2026-06-04T18:29:19.435+0000] {subprocess.py:106} INFO - |768a86e36ad6aae3d03ee3c6433d61df|1529                  |sao paulo        |SP          |-23.5688472717122  |-46.635170023457746|unknown           |unknown         |unknown  |unknown               |2026-06-04 18:29:17.916386|olist        |v1                    |
[2026-06-04T18:29:19.440+0000] {subprocess.py:106} INFO - |8cb7c5ddf41f4d506eba76e9a4702a25|75110                 |anapolis         |GO          |-16.332286499999995|-48.93836366880149 |unknown           |unknown         |unknown  |unknown               |2026-06-04 18:29:17.916386|olist        |v1                    |
[2026-06-04T18:29:19.447+0000] {subprocess.py:106} INFO - |c0f3eea2e14555b6faeea3dd58c1b1c3|4195                  |sao paulo        |SP          |-23.657452634995465|-46.612405838882815|unknown           |unknown         |unknown  |unknown               |2026-06-04 18:29:17.916386|olist        |v1                    |
[2026-06-04T18:29:19.452+0000] {subprocess.py:106} INFO - |c240c4061717ac1806ae6ee72be3533b|20920                 |rio de janeiro   |RJ          |-22.894691688874108|-43.23273499623121 |unknown           |unknown         |unknown  |unknown               |2026-06-04 18:29:17.916386|olist        |v1                    |
[2026-06-04T18:29:19.453+0000] {subprocess.py:106} INFO - |ccc4bbb5f32a6ab2b7066a4130f114e3|80310                 |curitiba         |PR          |-25.45795217485142 |-49.30899607966408 |unknown           |unknown         |unknown  |unknown               |2026-06-04 18:29:17.916386|olist        |v1                    |
[2026-06-04T18:29:19.462+0000] {subprocess.py:106} INFO - |ce3ad9de960102d0677a81f5d0bb7b2d|20031                 |rio de janeiro   |RJ          |-22.909623653615373|-43.17677364461301 |unknown           |unknown         |unknown  |unknown               |2026-06-04 18:29:17.916386|olist        |v1                    |
[2026-06-04T18:29:19.469+0000] {subprocess.py:106} INFO - |d1b65fc7debc3361ea86b5f14c68d2e2|13844                 |mogi guacu       |SP          |-22.382440326387492|-46.947605466481896|unknown           |unknown         |unknown  |unknown               |2026-06-04 18:29:17.916386|olist        |v1                    |
[2026-06-04T18:29:19.472+0000] {subprocess.py:106} INFO - +--------------------------------+----------------------+-----------------+------------+-------------------+-------------------+------------------+----------------+---------+----------------------+--------------------------+-------------+----------------------+
[2026-06-04T18:29:19.478+0000] {subprocess.py:106} INFO - only showing top 10 rows
[2026-06-04T18:29:19.482+0000] {subprocess.py:106} INFO - 
[2026-06-04T18:29:19.485+0000] {subprocess.py:106} INFO - 
[2026-06-04T18:29:19.489+0000] {subprocess.py:106} INFO - =================================================
[2026-06-04T18:29:19.492+0000] {subprocess.py:106} INFO - FINAL ROW COUNT
[2026-06-04T18:29:19.501+0000] {subprocess.py:106} INFO - =================================================
[2026-06-04T18:29:20.570+0000] {subprocess.py:106} INFO - Silver Sellers Count: 3095
[2026-06-04T18:29:20.579+0000] {subprocess.py:106} INFO - 
[2026-06-04T18:29:20.583+0000] {subprocess.py:106} INFO - =================================================
[2026-06-04T18:29:20.589+0000] {subprocess.py:106} INFO - WRITING SILVER SELLERS DATASET
[2026-06-04T18:29:20.599+0000] {subprocess.py:106} INFO - =================================================
[2026-06-04T18:29:22.085+0000] {subprocess.py:106} INFO - Silver Sellers Written To: s3a://silver/sellers/
[2026-06-04T18:29:22.717+0000] {subprocess.py:106} INFO - 
[2026-06-04T18:29:22.723+0000] {subprocess.py:106} INFO - =================================================
[2026-06-04T18:29:22.731+0000] {subprocess.py:106} INFO - SILVER SELLERS TRANSFORMATION COMPLETED
[2026-06-04T18:29:22.738+0000] {subprocess.py:106} INFO - =================================================
[2026-06-04T18:29:22.811+0000] {subprocess.py:106} INFO - Execution Time: 25.16 seconds
[2026-06-04T18:29:22.814+0000] {subprocess.py:106} INFO - SUCCESS
[2026-06-04T18:29:22.817+0000] {subprocess.py:106} INFO - 
[2026-06-04T18:29:22.820+0000] {subprocess.py:106} INFO - ======================================================================
[2026-06-04T18:29:22.823+0000] {subprocess.py:106} INFO - RUNNING: transform_products.py
[2026-06-04T18:29:22.824+0000] {subprocess.py:106} INFO - ======================================================================
[2026-06-04T18:29:22.874+0000] {subprocess.py:106} INFO - Project Root Added: /workspace/project
[2026-06-04T18:29:23.397+0000] {subprocess.py:106} INFO - 
[2026-06-04T18:29:23.400+0000] {subprocess.py:106} INFO - =================================================
[2026-06-04T18:29:23.401+0000] {subprocess.py:106} INFO - LOADING BRONZE PRODUCTS DATASET
[2026-06-04T18:29:23.403+0000] {subprocess.py:106} INFO - =================================================
[2026-06-04T18:29:23.815+0000] {subprocess.py:106} INFO - Bronze Products Count: 32951
[2026-06-04T18:29:23.819+0000] {subprocess.py:106} INFO - 
[2026-06-04T18:29:23.823+0000] {subprocess.py:106} INFO - =================================================
[2026-06-04T18:29:23.826+0000] {subprocess.py:106} INFO - LOADING BRONZE CATEGORY TRANSLATION DATASET
[2026-06-04T18:29:23.828+0000] {subprocess.py:106} INFO - =================================================
[2026-06-04T18:29:23.932+0000] {subprocess.py:106} INFO - 
[2026-06-04T18:29:23.935+0000] {subprocess.py:106} INFO - =================================================
[2026-06-04T18:29:23.936+0000] {subprocess.py:106} INFO - BRONZE PRODUCTS SCHEMA
[2026-06-04T18:29:23.937+0000] {subprocess.py:106} INFO - =================================================
[2026-06-04T18:29:23.939+0000] {subprocess.py:106} INFO - root
[2026-06-04T18:29:23.941+0000] {subprocess.py:106} INFO -  |-- product_id: string (nullable = true)
[2026-06-04T18:29:23.942+0000] {subprocess.py:106} INFO -  |-- product_category_name: string (nullable = true)
[2026-06-04T18:29:23.943+0000] {subprocess.py:106} INFO -  |-- product_name_lenght: string (nullable = true)
[2026-06-04T18:29:23.945+0000] {subprocess.py:106} INFO -  |-- product_description_lenght: string (nullable = true)
[2026-06-04T18:29:23.947+0000] {subprocess.py:106} INFO -  |-- product_photos_qty: string (nullable = true)
[2026-06-04T18:29:23.948+0000] {subprocess.py:106} INFO -  |-- product_weight_g: string (nullable = true)
[2026-06-04T18:29:23.949+0000] {subprocess.py:106} INFO -  |-- product_length_cm: string (nullable = true)
[2026-06-04T18:29:23.950+0000] {subprocess.py:106} INFO -  |-- product_height_cm: string (nullable = true)
[2026-06-04T18:29:23.951+0000] {subprocess.py:106} INFO -  |-- product_width_cm: string (nullable = true)
[2026-06-04T18:29:23.952+0000] {subprocess.py:106} INFO -  |-- ingestion_timestamp: timestamp (nullable = true)
[2026-06-04T18:29:23.953+0000] {subprocess.py:106} INFO -  |-- ingestion_date: date (nullable = true)
[2026-06-04T18:29:23.954+0000] {subprocess.py:106} INFO -  |-- source_file: string (nullable = true)
[2026-06-04T18:29:23.958+0000] {subprocess.py:106} INFO - 
[2026-06-04T18:29:23.962+0000] {subprocess.py:106} INFO - 
[2026-06-04T18:29:23.964+0000] {subprocess.py:106} INFO - =================================================
[2026-06-04T18:29:23.966+0000] {subprocess.py:106} INFO - STARTING SILVER TRANSFORMATIONS
[2026-06-04T18:29:23.971+0000] {subprocess.py:106} INFO - =================================================
[2026-06-04T18:29:23.980+0000] {subprocess.py:106} INFO - 
[2026-06-04T18:29:23.984+0000] {subprocess.py:106} INFO - Applying product ID standardization...
[2026-06-04T18:29:23.985+0000] {subprocess.py:106} INFO - 
[2026-06-04T18:29:23.987+0000] {subprocess.py:106} INFO - Applying category normalization...
[2026-06-04T18:29:23.989+0000] {subprocess.py:106} INFO - 
[2026-06-04T18:29:23.990+0000] {subprocess.py:106} INFO - Applying numeric standardization...
[2026-06-04T18:29:24.077+0000] {subprocess.py:106} INFO - 
[2026-06-04T18:29:24.079+0000] {subprocess.py:106} INFO - Calculating product volume metric...
[2026-06-04T18:29:24.099+0000] {subprocess.py:106} INFO - 
[2026-06-04T18:29:24.100+0000] {subprocess.py:106} INFO - Applying category translation...
[2026-06-04T18:29:24.122+0000] {subprocess.py:106} INFO - 
[2026-06-04T18:29:24.123+0000] {subprocess.py:106} INFO - Identifying products with missing logistics...
[2026-06-04T18:29:24.637+0000] {subprocess.py:106} INFO - Quarantined Products: 2
[2026-06-04T18:29:24.641+0000] {subprocess.py:106} INFO - 
[2026-06-04T18:29:24.647+0000] {subprocess.py:106} INFO - Building clean products dataset...
[2026-06-04T18:29:25.616+0000] {subprocess.py:106} INFO - Clean Products: 32949
[2026-06-04T18:29:25.754+0000] {subprocess.py:106} INFO - 
[2026-06-04T18:29:25.757+0000] {subprocess.py:106} INFO - Applying metadata enrichment...
[2026-06-04T18:29:25.788+0000] {subprocess.py:106} INFO - 
[2026-06-04T18:29:25.790+0000] {subprocess.py:106} INFO - Applying final schema ordering...
[2026-06-04T18:29:25.823+0000] {subprocess.py:106} INFO - 
[2026-06-04T18:29:25.826+0000] {subprocess.py:106} INFO - Materializing clean products dataset...
[2026-06-04T18:29:29.697+0000] {subprocess.py:106} INFO - 
[2026-06-04T18:29:29.703+0000] {subprocess.py:106} INFO - =================================================
[2026-06-04T18:29:29.705+0000] {subprocess.py:106} INFO - RUNNING HARDENED PRODUCTS VALIDATION
[2026-06-04T18:29:29.708+0000] {subprocess.py:106} INFO - =================================================
[2026-06-04T18:29:31.172+0000] {subprocess.py:106} INFO - Source Count: 32951
[2026-06-04T18:29:31.179+0000] {subprocess.py:106} INFO - Clean Products: 32949
[2026-06-04T18:29:31.184+0000] {subprocess.py:106} INFO - Quarantined Products: 2
[2026-06-04T18:29:36.395+0000] {subprocess.py:106} INFO - 
[2026-06-04T18:29:36.406+0000] {subprocess.py:106} INFO - [VALIDATION] PRODUCT SIZE CATEGORY
[2026-06-04T18:29:38.342+0000] {subprocess.py:106} INFO - Invalid Product Size Categories: 0
[2026-06-04T18:29:38.353+0000] {subprocess.py:106} INFO - 
[2026-06-04T18:29:38.356+0000] {subprocess.py:106} INFO - [VALIDATION] LOGISTICS COMPLETENESS
[2026-06-04T18:29:40.283+0000] {subprocess.py:106} INFO - +---------------------------+-----+
[2026-06-04T18:29:40.307+0000] {subprocess.py:106} INFO - |logistics_completeness_flag|count|
[2026-06-04T18:29:40.312+0000] {subprocess.py:106} INFO - +---------------------------+-----+
[2026-06-04T18:29:40.315+0000] {subprocess.py:106} INFO - |true                       |32949|
[2026-06-04T18:29:40.322+0000] {subprocess.py:106} INFO - +---------------------------+-----+
[2026-06-04T18:29:40.328+0000] {subprocess.py:106} INFO - 
[2026-06-04T18:29:40.332+0000] {subprocess.py:106} INFO - 
[2026-06-04T18:29:40.336+0000] {subprocess.py:106} INFO - [VALIDATION] HEAVY PRODUCT FLAG
[2026-06-04T18:29:42.880+0000] {subprocess.py:106} INFO - +------------------+-----+
[2026-06-04T18:29:42.901+0000] {subprocess.py:106} INFO - |heavy_product_flag|count|
[2026-06-04T18:29:42.906+0000] {subprocess.py:106} INFO - +------------------+-----+
[2026-06-04T18:29:42.911+0000] {subprocess.py:106} INFO - |true              |4197 |
[2026-06-04T18:29:42.917+0000] {subprocess.py:106} INFO - |false             |28752|
[2026-06-04T18:29:42.921+0000] {subprocess.py:106} INFO - +------------------+-----+
[2026-06-04T18:29:42.926+0000] {subprocess.py:106} INFO - 
[2026-06-04T18:29:42.931+0000] {subprocess.py:106} INFO - 
[2026-06-04T18:29:42.934+0000] {subprocess.py:106} INFO - [VALIDATION] CATEGORY TRANSLATION
[2026-06-04T18:29:45.563+0000] {subprocess.py:106} INFO - Missing English Categories: 0
[2026-06-04T18:29:45.596+0000] {subprocess.py:106} INFO - 
[2026-06-04T18:29:45.601+0000] {subprocess.py:106} INFO - [VALIDATION] CATALOG COMPLETENESS FLAG
[2026-06-04T18:29:48.367+0000] {subprocess.py:106} INFO - +-------------------------+-----+
[2026-06-04T18:29:48.375+0000] {subprocess.py:106} INFO - |catalog_completeness_flag|count|
[2026-06-04T18:29:48.378+0000] {subprocess.py:106} INFO - +-------------------------+-----+
[2026-06-04T18:29:48.380+0000] {subprocess.py:106} INFO - |true                     |32340|
[2026-06-04T18:29:48.382+0000] {subprocess.py:106} INFO - |false                    |609  |
[2026-06-04T18:29:48.383+0000] {subprocess.py:106} INFO - +-------------------------+-----+
[2026-06-04T18:29:48.386+0000] {subprocess.py:106} INFO - 
[2026-06-04T18:29:48.387+0000] {subprocess.py:106} INFO - 
[2026-06-04T18:29:48.390+0000] {subprocess.py:106} INFO - [VALIDATION] PRODUCT VOLUME
[2026-06-04T18:29:49.578+0000] {subprocess.py:106} INFO - Negative Product Volumes: 0
[2026-06-04T18:29:49.587+0000] {subprocess.py:106} INFO - 
[2026-06-04T18:29:49.595+0000] {subprocess.py:106} INFO - [VALIDATION] PRODUCT WEIGHT
[2026-06-04T18:29:51.750+0000] {subprocess.py:106} INFO - Negative Product Weights: 0
[2026-06-04T18:29:51.788+0000] {subprocess.py:106} INFO - 
[2026-06-04T18:29:51.795+0000] {subprocess.py:106} INFO - [VALIDATION] QUARANTINE SUMMARY
[2026-06-04T18:29:52.457+0000] {subprocess.py:106} INFO - Total Quarantined Products: 2
[2026-06-04T18:29:53.038+0000] {subprocess.py:106} INFO - +----------------------------+-----+
[2026-06-04T18:29:53.052+0000] {subprocess.py:106} INFO - |quarantine_reason           |count|
[2026-06-04T18:29:53.058+0000] {subprocess.py:106} INFO - +----------------------------+-----+
[2026-06-04T18:29:53.066+0000] {subprocess.py:106} INFO - |MISSING_LOGISTICS_ATTRIBUTES|2    |
[2026-06-04T18:29:53.071+0000] {subprocess.py:106} INFO - +----------------------------+-----+
[2026-06-04T18:29:53.075+0000] {subprocess.py:106} INFO - 
[2026-06-04T18:29:53.078+0000] {subprocess.py:106} INFO - 
[2026-06-04T18:29:53.083+0000] {subprocess.py:106} INFO - =================================================
[2026-06-04T18:29:53.087+0000] {subprocess.py:106} INFO - PRODUCTS VALIDATION COMPLETED
[2026-06-04T18:29:53.089+0000] {subprocess.py:106} INFO - =================================================
[2026-06-04T18:29:53.097+0000] {subprocess.py:106} INFO - 
[2026-06-04T18:29:53.124+0000] {subprocess.py:106} INFO - =================================================
[2026-06-04T18:29:53.129+0000] {subprocess.py:106} INFO - PRODUCTS QUARANTINE PREVIEW
[2026-06-04T18:29:53.134+0000] {subprocess.py:106} INFO - =================================================
[2026-06-04T18:29:53.491+0000] {subprocess.py:106} INFO - +---------------------+--------------------------------+-------------------+--------------------------+------------------+----------------+-----------------+-----------------+----------------+--------------------------+--------------+-------------------------------------------------------------+------------------+-----------------------------+----------------------------+
[2026-06-04T18:29:53.495+0000] {subprocess.py:106} INFO - |product_category_name|product_id                      |product_name_lenght|product_description_lenght|product_photos_qty|product_weight_g|product_length_cm|product_height_cm|product_width_cm|ingestion_timestamp       |ingestion_date|source_file                                                  |product_volume_cm3|product_category_name_english|quarantine_reason           |
[2026-06-04T18:29:53.497+0000] {subprocess.py:106} INFO - +---------------------+--------------------------------+-------------------+--------------------------+------------------+----------------+-----------------+-----------------+----------------+--------------------------+--------------+-------------------------------------------------------------+------------------+-----------------------------+----------------------------+
[2026-06-04T18:29:53.499+0000] {subprocess.py:106} INFO - |bebes                |09ff539a621711667c43eba6a3bd8466|60                 |865                       |3                 |NULL            |NULL             |NULL             |NULL            |2026-06-04 18:24:10.217955|2026-06-04    |file:///workspace/project/data/raw/olist_products_dataset.csv|NULL              |baby                         |MISSING_LOGISTICS_ATTRIBUTES|
[2026-06-04T18:29:53.501+0000] {subprocess.py:106} INFO - |unknown_category     |5eb564652db742ff8f28759cd8d2652a|NULL               |NULL                      |NULL              |NULL            |NULL             |NULL             |NULL            |2026-06-04 18:24:10.217955|2026-06-04    |file:///workspace/project/data/raw/olist_products_dataset.csv|NULL              |unknown_category             |MISSING_LOGISTICS_ATTRIBUTES|
[2026-06-04T18:29:53.503+0000] {subprocess.py:106} INFO - +---------------------+--------------------------------+-------------------+--------------------------+------------------+----------------+-----------------+-----------------+----------------+--------------------------+--------------+-------------------------------------------------------------+------------------+-----------------------------+----------------------------+
[2026-06-04T18:29:53.506+0000] {subprocess.py:106} INFO - 
[2026-06-04T18:29:53.509+0000] {subprocess.py:106} INFO - 
[2026-06-04T18:29:53.511+0000] {subprocess.py:106} INFO - =================================================
[2026-06-04T18:29:53.513+0000] {subprocess.py:106} INFO - CLEAN PRODUCTS PREVIEW
[2026-06-04T18:29:53.514+0000] {subprocess.py:106} INFO - =================================================
[2026-06-04T18:29:53.748+0000] {subprocess.py:106} INFO - +--------------------------------+---------------------+-----------------------------+-------------------+--------------------------+------------------+----------------+-----------------+-----------------+----------------+------------------+---------------------+------------------+---------------------------+-------------------------+--------------------------+-------------+----------------------+
[2026-06-04T18:29:53.760+0000] {subprocess.py:106} INFO - |product_id                      |product_category_name|product_category_name_english|product_name_lenght|product_description_lenght|product_photos_qty|product_weight_g|product_length_cm|product_height_cm|product_width_cm|product_volume_cm3|product_size_category|heavy_product_flag|logistics_completeness_flag|catalog_completeness_flag|silver_loaded_at          |source_system|transformation_version|
[2026-06-04T18:29:53.765+0000] {subprocess.py:106} INFO - +--------------------------------+---------------------+-----------------------------+-------------------+--------------------------+------------------+----------------+-----------------+-----------------+----------------+------------------+---------------------+------------------+---------------------------+-------------------------+--------------------------+-------------+----------------------+
[2026-06-04T18:29:53.770+0000] {subprocess.py:106} INFO - |0992c6cba95a13bfa68ea7d5e22d478b|ferramentas_jardim   |garden_tools                 |42                 |671                       |1                 |3850.00         |29.00            |12.00            |24.00           |8352.00           |Medium               |false             |true                       |true                     |2026-06-04 18:29:25.832797|olist        |v1                    |
[2026-06-04T18:29:53.773+0000] {subprocess.py:106} INFO - |b23cfa104a0f297458ecebea590a33d5|telefonia            |telephony                    |46                 |660                       |2                 |100.00          |19.00            |3.00             |11.00           |627.00            |Small                |false             |true                       |true                     |2026-06-04 18:29:25.832797|olist        |v1                    |
[2026-06-04T18:29:53.779+0000] {subprocess.py:106} INFO - |89904bec271974d069685a6568091c8a|beleza_saude         |health_beauty                |40                 |684                       |2                 |200.00          |16.00            |16.00            |12.00           |3072.00           |Medium               |false             |true                       |true                     |2026-06-04 18:29:25.832797|olist        |v1                    |
[2026-06-04T18:29:53.781+0000] {subprocess.py:106} INFO - |1a986b4015f20a3c26d8573a46dcf65e|cool_stuff           |cool_stuff                   |46                 |269                       |1                 |300.00          |34.00            |5.00             |27.00           |4590.00           |Medium               |false             |true                       |true                     |2026-06-04 18:29:25.832797|olist        |v1                    |
[2026-06-04T18:29:53.784+0000] {subprocess.py:106} INFO - |a928a2cfd4d897610150b956e89a4e56|cama_mesa_banho      |bed_bath_table               |58                 |774                       |1                 |1550.00         |32.00            |8.00             |29.00           |7424.00           |Medium               |false             |true                       |true                     |2026-06-04 18:29:25.832797|olist        |v1                    |
[2026-06-04T18:29:53.787+0000] {subprocess.py:106} INFO - |75f3ef6a5cb0f2d5aeef15925f0ccf69|consoles_games       |consoles_games               |50                 |429                       |4                 |530.00          |18.00            |24.00            |18.00           |7776.00           |Medium               |false             |true                       |true                     |2026-06-04 18:29:25.832797|olist        |v1                    |
[2026-06-04T18:29:53.788+0000] {subprocess.py:106} INFO - |407eeaa1c0dcd776f6c2ad41db4c62e5|telefonia            |telephony                    |56                 |1613                      |2                 |304.00          |19.00            |11.00            |16.00           |3344.00           |Medium               |false             |true                       |true                     |2026-06-04 18:29:25.832797|olist        |v1                    |
[2026-06-04T18:29:53.789+0000] {subprocess.py:106} INFO - |1a596515dcbe1a261f8dc0640ccb5149|moveis_decoracao     |furniture_decor              |57                 |384                       |1                 |600.00          |30.00            |10.00            |20.00           |6000.00           |Medium               |false             |true                       |true                     |2026-06-04 18:29:25.832797|olist        |v1                    |
[2026-06-04T18:29:53.793+0000] {subprocess.py:106} INFO - |45f68d6b5c1bdaeb13882fdcb62e4e47|bebes                |baby                         |57                 |1644                      |3                 |500.00          |23.00            |33.00            |11.00           |8349.00           |Medium               |false             |true                       |true                     |2026-06-04 18:29:25.832797|olist        |v1                    |
[2026-06-04T18:29:53.797+0000] {subprocess.py:106} INFO - |3f1a741cf5591384428c1cbb0ef07ec0|beleza_saude         |health_beauty                |60                 |400                       |1                 |150.00          |60.00            |11.00            |16.00           |10560.00          |Large                |false             |true                       |true                     |2026-06-04 18:29:25.832797|olist        |v1                    |
[2026-06-04T18:29:53.799+0000] {subprocess.py:106} INFO - +--------------------------------+---------------------+-----------------------------+-------------------+--------------------------+------------------+----------------+-----------------+-----------------+----------------+------------------+---------------------+------------------+---------------------------+-------------------------+--------------------------+-------------+----------------------+
[2026-06-04T18:29:53.803+0000] {subprocess.py:106} INFO - only showing top 10 rows
[2026-06-04T18:29:53.808+0000] {subprocess.py:106} INFO - 
[2026-06-04T18:29:53.811+0000] {subprocess.py:106} INFO - 
[2026-06-04T18:29:53.812+0000] {subprocess.py:106} INFO - =================================================
[2026-06-04T18:29:53.813+0000] {subprocess.py:106} INFO - FINAL ROW COUNTS
[2026-06-04T18:29:53.815+0000] {subprocess.py:106} INFO - =================================================
[2026-06-04T18:29:54.428+0000] {subprocess.py:106} INFO - Clean Products Count: 32949
[2026-06-04T18:29:54.765+0000] {subprocess.py:106} INFO - Quarantined Products Count: 2
[2026-06-04T18:29:54.769+0000] {subprocess.py:106} INFO - 
[2026-06-04T18:29:54.775+0000] {subprocess.py:106} INFO - =================================================
[2026-06-04T18:29:54.786+0000] {subprocess.py:106} INFO - WRITING PRODUCTS QUARANTINE DATASET
[2026-06-04T18:29:54.793+0000] {subprocess.py:106} INFO - =================================================
[2026-06-04T18:29:55.745+0000] {subprocess.py:106} INFO - Products Quarantine Written To: s3a://silver/quarantine/products/
[2026-06-04T18:29:55.774+0000] {subprocess.py:106} INFO - 
[2026-06-04T18:29:55.779+0000] {subprocess.py:106} INFO - =================================================
[2026-06-04T18:29:55.783+0000] {subprocess.py:106} INFO - WRITING SILVER PRODUCTS DATASET
[2026-06-04T18:29:55.787+0000] {subprocess.py:106} INFO - =================================================
[2026-06-04T18:30:12.642+0000] {subprocess.py:106} INFO - Silver Products Written To: s3a://silver/products/
[2026-06-04T18:30:12.652+0000] {subprocess.py:106} INFO - 
[2026-06-04T18:30:12.655+0000] {subprocess.py:106} INFO - =================================================
[2026-06-04T18:30:12.662+0000] {subprocess.py:106} INFO - PRODUCT ENRICHMENT & LOGISTICS GOVERNANCE COMPLETED
[2026-06-04T18:30:12.666+0000] {subprocess.py:106} INFO - =================================================
[2026-06-04T18:30:13.586+0000] {subprocess.py:106} INFO - Clean Products: 32949
[2026-06-04T18:30:13.857+0000] {subprocess.py:106} INFO - Quarantined Products: 2
[2026-06-04T18:30:14.330+0000] {subprocess.py:106} INFO - Execution Time: 51.52 seconds
[2026-06-04T18:30:14.335+0000] {subprocess.py:106} INFO - SUCCESS
[2026-06-04T18:30:14.339+0000] {subprocess.py:106} INFO - 
[2026-06-04T18:30:14.343+0000] {subprocess.py:106} INFO - ======================================================================
[2026-06-04T18:30:14.346+0000] {subprocess.py:106} INFO - RUNNING: transform_payments.py
[2026-06-04T18:30:14.349+0000] {subprocess.py:106} INFO - ======================================================================
[2026-06-04T18:30:14.417+0000] {subprocess.py:106} INFO - Project Root Added: /workspace/project
[2026-06-04T18:30:14.920+0000] {subprocess.py:106} INFO - 
[2026-06-04T18:30:14.922+0000] {subprocess.py:106} INFO - =================================================
[2026-06-04T18:30:14.924+0000] {subprocess.py:106} INFO - LOADING BRONZE PAYMENTS DATASET
[2026-06-04T18:30:14.925+0000] {subprocess.py:106} INFO - =================================================
[2026-06-04T18:30:15.297+0000] {subprocess.py:106} INFO - Bronze Payments Count: 103886
[2026-06-04T18:30:15.299+0000] {subprocess.py:106} INFO - 
[2026-06-04T18:30:15.301+0000] {subprocess.py:106} INFO - =================================================
[2026-06-04T18:30:15.303+0000] {subprocess.py:106} INFO - LOADING SILVER ORDERS DATASET
[2026-06-04T18:30:15.305+0000] {subprocess.py:106} INFO - =================================================
[2026-06-04T18:30:15.422+0000] {subprocess.py:106} INFO - 
[2026-06-04T18:30:15.425+0000] {subprocess.py:106} INFO - =================================================
[2026-06-04T18:30:15.427+0000] {subprocess.py:106} INFO - BRONZE PAYMENTS SCHEMA
[2026-06-04T18:30:15.428+0000] {subprocess.py:106} INFO - =================================================
[2026-06-04T18:30:15.429+0000] {subprocess.py:106} INFO - root
[2026-06-04T18:30:15.430+0000] {subprocess.py:106} INFO -  |-- order_id: string (nullable = true)
[2026-06-04T18:30:15.432+0000] {subprocess.py:106} INFO -  |-- payment_sequential: string (nullable = true)
[2026-06-04T18:30:15.433+0000] {subprocess.py:106} INFO -  |-- payment_type: string (nullable = true)
[2026-06-04T18:30:15.435+0000] {subprocess.py:106} INFO -  |-- payment_installments: string (nullable = true)
[2026-06-04T18:30:15.438+0000] {subprocess.py:106} INFO -  |-- payment_value: string (nullable = true)
[2026-06-04T18:30:15.439+0000] {subprocess.py:106} INFO -  |-- ingestion_timestamp: timestamp (nullable = true)
[2026-06-04T18:30:15.440+0000] {subprocess.py:106} INFO -  |-- ingestion_date: date (nullable = true)
[2026-06-04T18:30:15.441+0000] {subprocess.py:106} INFO -  |-- source_file: string (nullable = true)
[2026-06-04T18:30:15.442+0000] {subprocess.py:106} INFO - 
[2026-06-04T18:30:15.444+0000] {subprocess.py:106} INFO - 
[2026-06-04T18:30:15.446+0000] {subprocess.py:106} INFO - =================================================
[2026-06-04T18:30:15.448+0000] {subprocess.py:106} INFO - STARTING SILVER TRANSFORMATIONS
[2026-06-04T18:30:15.450+0000] {subprocess.py:106} INFO - =================================================
[2026-06-04T18:30:15.454+0000] {subprocess.py:106} INFO - 
[2026-06-04T18:30:15.459+0000] {subprocess.py:106} INFO - Applying payment type normalization...
[2026-06-04T18:30:15.461+0000] {subprocess.py:106} INFO - 
[2026-06-04T18:30:15.481+0000] {subprocess.py:106} INFO - Applying installment standardization...
[2026-06-04T18:30:15.483+0000] {subprocess.py:106} INFO - 
[2026-06-04T18:30:15.484+0000] {subprocess.py:106} INFO - Applying payment value standardization...
[2026-06-04T18:30:15.485+0000] {subprocess.py:106} INFO - 
[2026-06-04T18:30:15.486+0000] {subprocess.py:106} INFO - Identifying NULL order_id payments...
[2026-06-04T18:30:15.658+0000] {subprocess.py:106} INFO - NULL order_id payments: 0
[2026-06-04T18:30:15.660+0000] {subprocess.py:106} INFO - 
[2026-06-04T18:30:15.661+0000] {subprocess.py:106} INFO - Identifying orphan payments...
[2026-06-04T18:30:16.235+0000] {subprocess.py:106} INFO - orphan payments (no matching orders): 1441
[2026-06-04T18:30:16.239+0000] {subprocess.py:106} INFO - 
[2026-06-04T18:30:16.241+0000] {subprocess.py:106} INFO - Identifying negative payments...
[2026-06-04T18:30:16.458+0000] {subprocess.py:106} INFO - negative payments: 0
[2026-06-04T18:30:16.460+0000] {subprocess.py:106} INFO - 
[2026-06-04T18:30:16.463+0000] {subprocess.py:106} INFO - Identifying negative installments...
[2026-06-04T18:30:16.713+0000] {subprocess.py:106} INFO - negative Installments: 0
[2026-06-04T18:30:16.723+0000] {subprocess.py:106} INFO - 
[2026-06-04T18:30:16.727+0000] {subprocess.py:106} INFO - Identifying zero installments...
[2026-06-04T18:30:16.895+0000] {subprocess.py:106} INFO - Zero Installments: 2
[2026-06-04T18:30:16.900+0000] {subprocess.py:106} INFO - 
[2026-06-04T18:30:16.906+0000] {subprocess.py:106} INFO - Building payments quarantine dataset...
[2026-06-04T18:30:18.177+0000] {subprocess.py:106} INFO - Quarantined Payments: 1441
[2026-06-04T18:30:18.191+0000] {subprocess.py:106} INFO - 
[2026-06-04T18:30:18.198+0000] {subprocess.py:106} INFO - Building clean payments dataset...
[2026-06-04T18:30:20.448+0000] {subprocess.py:106} INFO - Clean Payments: 102445
[2026-06-04T18:30:20.472+0000] {subprocess.py:106} INFO - 
[2026-06-04T18:30:20.475+0000] {subprocess.py:106} INFO - Installment Distribution:
[2026-06-04T18:30:21.958+0000] {subprocess.py:106} INFO - +----------------+-----+
[2026-06-04T18:30:21.967+0000] {subprocess.py:106} INFO - |installment_flag|count|
[2026-06-04T18:30:21.970+0000] {subprocess.py:106} INFO - +----------------+-----+
[2026-06-04T18:30:21.974+0000] {subprocess.py:106} INFO - |            true|50620|
[2026-06-04T18:30:21.976+0000] {subprocess.py:106} INFO - |           false|51825|
[2026-06-04T18:30:21.978+0000] {subprocess.py:106} INFO - +----------------+-----+
[2026-06-04T18:30:21.979+0000] {subprocess.py:106} INFO - 
[2026-06-04T18:30:22.012+0000] {subprocess.py:106} INFO - 
[2026-06-04T18:30:22.015+0000] {subprocess.py:106} INFO - Applying metadata enrichment...
[2026-06-04T18:30:22.035+0000] {subprocess.py:106} INFO - 
[2026-06-04T18:30:22.040+0000] {subprocess.py:106} INFO - Applying final schema ordering...
[2026-06-04T18:30:22.067+0000] {subprocess.py:106} INFO - 
[2026-06-04T18:30:22.075+0000] {subprocess.py:106} INFO - Materializing clean payments dataset...
[2026-06-04T18:30:24.211+0000] {subprocess.py:106} INFO - 
[2026-06-04T18:30:24.226+0000] {subprocess.py:106} INFO - =================================================
[2026-06-04T18:30:24.230+0000] {subprocess.py:106} INFO - RUNNING CLENSING PAYMENTS VALIDATION
[2026-06-04T18:30:24.234+0000] {subprocess.py:106} INFO - =================================================
[2026-06-04T18:30:26.358+0000] {subprocess.py:106} INFO - Source Count: 103886
[2026-06-04T18:30:26.395+0000] {subprocess.py:106} INFO - Clean Payments: 102445
[2026-06-04T18:30:26.400+0000] {subprocess.py:106} INFO - Quarantined Payments: 1441
[2026-06-04T18:30:27.831+0000] {subprocess.py:106} INFO - 
[2026-06-04T18:30:27.900+0000] {subprocess.py:106} INFO - Validating positive values for: payment_value
[2026-06-04T18:30:28.163+0000] {subprocess.py:106} INFO - Negative payment_value Records: 0
[2026-06-04T18:30:28.165+0000] {subprocess.py:106} INFO - PASSED: payment_value positive value validation.
[2026-06-04T18:30:28.167+0000] {subprocess.py:106} INFO - 
[2026-06-04T18:30:28.168+0000] {subprocess.py:106} INFO - Validating positive values for: payment_installments
[2026-06-04T18:30:28.436+0000] {subprocess.py:106} INFO - Negative payment_installments Records: 0
[2026-06-04T18:30:28.445+0000] {subprocess.py:106} INFO - PASSED: payment_installments positive value validation.
[2026-06-04T18:30:28.450+0000] {subprocess.py:106} INFO - 
[2026-06-04T18:30:28.456+0000] {subprocess.py:106} INFO - [VALIDATION] PAYMENT SEQUENCES
[2026-06-04T18:30:28.657+0000] {subprocess.py:106} INFO - Invalid Payment Sequences: 0
[2026-06-04T18:30:28.660+0000] {subprocess.py:106} INFO - 
[2026-06-04T18:30:28.662+0000] {subprocess.py:106} INFO - [VALIDATION] PAYMENT TYPES
[2026-06-04T18:30:28.825+0000] {subprocess.py:106} INFO - Inconsistent Payment Types: 0
[2026-06-04T18:30:28.828+0000] {subprocess.py:106} INFO - 
[2026-06-04T18:30:28.829+0000] {subprocess.py:106} INFO - [VALIDATION] HIGH INSTALLMENTS
[2026-06-04T18:30:28.996+0000] {subprocess.py:106} INFO - Installments >24: 0
[2026-06-04T18:30:29.014+0000] {subprocess.py:106} INFO - 
[2026-06-04T18:30:29.018+0000] {subprocess.py:106} INFO - [VALIDATION] ZERO PAYMENTS
[2026-06-04T18:30:29.168+0000] {subprocess.py:106} INFO - Zero Payment Records: 9
[2026-06-04T18:30:29.172+0000] {subprocess.py:106} INFO - 
[2026-06-04T18:30:29.176+0000] {subprocess.py:106} INFO - [VALIDATION] ZERO INSTALLMENTS
[2026-06-04T18:30:29.293+0000] {subprocess.py:106} INFO - Zero Installment Records: 0
[2026-06-04T18:30:29.295+0000] {subprocess.py:106} INFO - 
[2026-06-04T18:30:29.296+0000] {subprocess.py:106} INFO - [VALIDATION] PAYMENT SIZE DISTRIBUTION
[2026-06-04T18:30:29.577+0000] {subprocess.py:106} INFO - +---------------------+-----+
[2026-06-04T18:30:29.588+0000] {subprocess.py:106} INFO - |payment_size_category|count|
[2026-06-04T18:30:29.596+0000] {subprocess.py:106} INFO - +---------------------+-----+
[2026-06-04T18:30:29.599+0000] {subprocess.py:106} INFO - |Medium               |47073|
[2026-06-04T18:30:29.603+0000] {subprocess.py:106} INFO - |Small                |51151|
[2026-06-04T18:30:29.606+0000] {subprocess.py:106} INFO - |Enterprise           |1139 |
[2026-06-04T18:30:29.610+0000] {subprocess.py:106} INFO - |Large                |3082 |
[2026-06-04T18:30:29.613+0000] {subprocess.py:106} INFO - +---------------------+-----+
[2026-06-04T18:30:29.616+0000] {subprocess.py:106} INFO - 
[2026-06-04T18:30:29.619+0000] {subprocess.py:106} INFO - 
[2026-06-04T18:30:29.622+0000] {subprocess.py:106} INFO - [VALIDATION] INSTALLMENT FLAGS
[2026-06-04T18:30:29.942+0000] {subprocess.py:106} INFO - +----------------+-----+
[2026-06-04T18:30:29.944+0000] {subprocess.py:106} INFO - |installment_flag|count|
[2026-06-04T18:30:29.948+0000] {subprocess.py:106} INFO - +----------------+-----+
[2026-06-04T18:30:29.950+0000] {subprocess.py:106} INFO - |true            |50620|
[2026-06-04T18:30:29.952+0000] {subprocess.py:106} INFO - |false           |51825|
[2026-06-04T18:30:29.953+0000] {subprocess.py:106} INFO - +----------------+-----+
[2026-06-04T18:30:29.955+0000] {subprocess.py:106} INFO - 
[2026-06-04T18:30:30.077+0000] {subprocess.py:106} INFO - +---------------------+------+
[2026-06-04T18:30:30.079+0000] {subprocess.py:106} INFO - |high_installment_flag|count |
[2026-06-04T18:30:30.082+0000] {subprocess.py:106} INFO - +---------------------+------+
[2026-06-04T18:30:30.086+0000] {subprocess.py:106} INFO - |true                 |315   |
[2026-06-04T18:30:30.091+0000] {subprocess.py:106} INFO - |false                |102130|
[2026-06-04T18:30:30.103+0000] {subprocess.py:106} INFO - +---------------------+------+
[2026-06-04T18:30:30.107+0000] {subprocess.py:106} INFO - 
[2026-06-04T18:30:30.110+0000] {subprocess.py:106} INFO - 
[2026-06-04T18:30:30.113+0000] {subprocess.py:106} INFO - [VALIDATION] QUARANTINE SUMMARY
[2026-06-04T18:30:32.403+0000] {subprocess.py:106} INFO - Total Quarantined Payments: 1441
[2026-06-04T18:30:33.865+0000] {subprocess.py:106} INFO - +-----------------+-----+
[2026-06-04T18:30:33.875+0000] {subprocess.py:106} INFO - |quarantine_reason|count|
[2026-06-04T18:30:33.878+0000] {subprocess.py:106} INFO - +-----------------+-----+
[2026-06-04T18:30:33.879+0000] {subprocess.py:106} INFO - |ORPHAN_PAYMENT   |1441 |
[2026-06-04T18:30:33.882+0000] {subprocess.py:106} INFO - +-----------------+-----+
[2026-06-04T18:30:33.885+0000] {subprocess.py:106} INFO - 
[2026-06-04T18:30:33.892+0000] {subprocess.py:106} INFO - 
[2026-06-04T18:30:33.896+0000] {subprocess.py:106} INFO - =================================================
[2026-06-04T18:30:33.900+0000] {subprocess.py:106} INFO - PAYMENTS VALIDATION COMPLETED
[2026-06-04T18:30:33.903+0000] {subprocess.py:106} INFO - =================================================
[2026-06-04T18:30:33.905+0000] {subprocess.py:106} INFO - 
[2026-06-04T18:30:33.907+0000] {subprocess.py:106} INFO - =================================================
[2026-06-04T18:30:33.909+0000] {subprocess.py:106} INFO - PAYMENTS QUARANTINE PREVIEW
[2026-06-04T18:30:33.912+0000] {subprocess.py:106} INFO - =================================================
[2026-06-04T18:30:35.118+0000] {subprocess.py:106} INFO - +--------------------------------+------------------+------------+--------------------+-------------+--------------------------+--------------+-------------------------------------------------------------------+-----------------+
[2026-06-04T18:30:35.136+0000] {subprocess.py:106} INFO - |order_id                        |payment_sequential|payment_type|payment_installments|payment_value|ingestion_timestamp       |ingestion_date|source_file                                                        |quarantine_reason|
[2026-06-04T18:30:35.141+0000] {subprocess.py:106} INFO - +--------------------------------+------------------+------------+--------------------+-------------+--------------------------+--------------+-------------------------------------------------------------------+-----------------+
[2026-06-04T18:30:35.147+0000] {subprocess.py:106} INFO - |000576fe39319847cbb9d288c5617fa6|1                 |credit_card |10                  |880.75       |2026-06-04 18:24:18.470846|2026-06-04    |file:///workspace/project/data/raw/olist_order_payments_dataset.csv|ORPHAN_PAYMENT   |
[2026-06-04T18:30:35.149+0000] {subprocess.py:106} INFO - |002175704e8b209f61b9ad5cfd92b60e|1                 |credit_card |3                   |123.11       |2026-06-04 18:24:18.470846|2026-06-04    |file:///workspace/project/data/raw/olist_order_payments_dataset.csv|ORPHAN_PAYMENT   |
[2026-06-04T18:30:35.151+0000] {subprocess.py:106} INFO - |002834535f7a609a5c68266f173fa59e|1                 |boleto      |1                   |57.17        |2026-06-04 18:24:18.470846|2026-06-04    |file:///workspace/project/data/raw/olist_order_payments_dataset.csv|ORPHAN_PAYMENT   |
[2026-06-04T18:30:35.153+0000] {subprocess.py:106} INFO - |004345d16a1ab2c21962992c721c8643|1                 |voucher     |1                   |53.27        |2026-06-04 18:24:18.470846|2026-06-04    |file:///workspace/project/data/raw/olist_order_payments_dataset.csv|ORPHAN_PAYMENT   |
[2026-06-04T18:30:35.154+0000] {subprocess.py:106} INFO - |00b4c651133c06fb175123a492f1cac3|1                 |credit_card |2                   |173.49       |2026-06-04 18:24:18.470846|2026-06-04    |file:///workspace/project/data/raw/olist_order_payments_dataset.csv|ORPHAN_PAYMENT   |
[2026-06-04T18:30:35.156+0000] {subprocess.py:106} INFO - |00d2559e61b9a0744a0552c35c5ecccb|1                 |credit_card |5                   |872.52       |2026-06-04 18:24:18.470846|2026-06-04    |file:///workspace/project/data/raw/olist_order_payments_dataset.csv|ORPHAN_PAYMENT   |
[2026-06-04T18:30:35.157+0000] {subprocess.py:106} INFO - |0132f39e8ad9b42ad2d41c847f44c0ed|1                 |credit_card |3                   |37.16        |2026-06-04 18:24:18.470846|2026-06-04    |file:///workspace/project/data/raw/olist_order_payments_dataset.csv|ORPHAN_PAYMENT   |
[2026-06-04T18:30:35.159+0000] {subprocess.py:106} INFO - |0133a47b53fee66218790a8d7dcab993|1                 |credit_card |1                   |108.20       |2026-06-04 18:24:18.470846|2026-06-04    |file:///workspace/project/data/raw/olist_order_payments_dataset.csv|ORPHAN_PAYMENT   |
[2026-06-04T18:30:35.160+0000] {subprocess.py:106} INFO - |0150004d4d8eb63f9948de164da34e34|1                 |credit_card |1                   |240.41       |2026-06-04 18:24:18.470846|2026-06-04    |file:///workspace/project/data/raw/olist_order_payments_dataset.csv|ORPHAN_PAYMENT   |
[2026-06-04T18:30:35.161+0000] {subprocess.py:106} INFO - |0184d4ddb259e1a4cfc2871888cf97b8|1                 |credit_card |8                   |91.16        |2026-06-04 18:24:18.470846|2026-06-04    |file:///workspace/project/data/raw/olist_order_payments_dataset.csv|ORPHAN_PAYMENT   |
[2026-06-04T18:30:35.162+0000] {subprocess.py:106} INFO - +--------------------------------+------------------+------------+--------------------+-------------+--------------------------+--------------+-------------------------------------------------------------------+-----------------+
[2026-06-04T18:30:35.163+0000] {subprocess.py:106} INFO - only showing top 10 rows
[2026-06-04T18:30:35.164+0000] {subprocess.py:106} INFO - 
[2026-06-04T18:30:35.165+0000] {subprocess.py:106} INFO - 
[2026-06-04T18:30:35.167+0000] {subprocess.py:106} INFO - =================================================
[2026-06-04T18:30:35.169+0000] {subprocess.py:106} INFO - CLEAN PAYMENTS PREVIEW
[2026-06-04T18:30:35.170+0000] {subprocess.py:106} INFO - =================================================
[2026-06-04T18:30:35.286+0000] {subprocess.py:106} INFO - +--------------------------------+------------------+------------+--------------------+-------------+----------------+---------------------+---------------------+--------------------------+-------------+----------------------+
[2026-06-04T18:30:35.291+0000] {subprocess.py:106} INFO - |order_id                        |payment_sequential|payment_type|payment_installments|payment_value|installment_flag|high_installment_flag|payment_size_category|silver_loaded_at          |source_system|transformation_version|
[2026-06-04T18:30:35.300+0000] {subprocess.py:106} INFO - +--------------------------------+------------------+------------+--------------------+-------------+----------------+---------------------+---------------------+--------------------------+-------------+----------------------+
[2026-06-04T18:30:35.310+0000] {subprocess.py:106} INFO - |b81ef226f3fe1789b1e8b2acac839d17|1                 |credit_card |8                   |99.33        |true            |false                |Small                |2026-06-04 18:30:22.084181|olist        |v1                    |
[2026-06-04T18:30:35.312+0000] {subprocess.py:106} INFO - |a9810da82917af2d9aefd1278f1dcfa0|1                 |credit_card |1                   |24.39        |false           |false                |Small                |2026-06-04 18:30:22.084181|olist        |v1                    |
[2026-06-04T18:30:35.314+0000] {subprocess.py:106} INFO - |25e8ea4e93396b6fa0d3dd708e76c1bd|1                 |credit_card |1                   |65.71        |false           |false                |Small                |2026-06-04 18:30:22.084181|olist        |v1                    |
[2026-06-04T18:30:35.318+0000] {subprocess.py:106} INFO - |ba78997921bbcdc1373bb41e913ab953|1                 |credit_card |8                   |107.78       |true            |false                |Medium               |2026-06-04 18:30:22.084181|olist        |v1                    |
[2026-06-04T18:30:35.326+0000] {subprocess.py:106} INFO - |42fdf880ba16b47b59251dd489d4441a|1                 |credit_card |2                   |128.45       |true            |false                |Medium               |2026-06-04 18:30:22.084181|olist        |v1                    |
[2026-06-04T18:30:35.329+0000] {subprocess.py:106} INFO - |298fcdf1f73eb413e4d26d01b25bc1cd|1                 |credit_card |2                   |96.12        |true            |false                |Small                |2026-06-04 18:30:22.084181|olist        |v1                    |
[2026-06-04T18:30:35.343+0000] {subprocess.py:106} INFO - |771ee386b001f06208a7419e4fc1bbd7|1                 |credit_card |1                   |81.16        |false           |false                |Small                |2026-06-04 18:30:22.084181|olist        |v1                    |
[2026-06-04T18:30:35.345+0000] {subprocess.py:106} INFO - |3d7239c394a212faae122962df514ac7|1                 |credit_card |3                   |51.84        |true            |false                |Small                |2026-06-04 18:30:22.084181|olist        |v1                    |
[2026-06-04T18:30:35.350+0000] {subprocess.py:106} INFO - |1f78449c87a54faf9e96e88ba1491fa9|1                 |credit_card |6                   |341.09       |true            |false                |Medium               |2026-06-04 18:30:22.084181|olist        |v1                    |
[2026-06-04T18:30:35.354+0000] {subprocess.py:106} INFO - |0573b5e23cbd798006520e1d5b4c6714|1                 |boleto      |1                   |51.95        |false           |false                |Small                |2026-06-04 18:30:22.084181|olist        |v1                    |
[2026-06-04T18:30:35.359+0000] {subprocess.py:106} INFO - +--------------------------------+------------------+------------+--------------------+-------------+----------------+---------------------+---------------------+--------------------------+-------------+----------------------+
[2026-06-04T18:30:35.370+0000] {subprocess.py:106} INFO - only showing top 10 rows
[2026-06-04T18:30:35.378+0000] {subprocess.py:106} INFO - 
[2026-06-04T18:30:35.383+0000] {subprocess.py:106} INFO - 
[2026-06-04T18:30:35.387+0000] {subprocess.py:106} INFO - =================================================
[2026-06-04T18:30:35.391+0000] {subprocess.py:106} INFO - FINAL ROW COUNTS
[2026-06-04T18:30:35.395+0000] {subprocess.py:106} INFO - =================================================
[2026-06-04T18:30:35.526+0000] {subprocess.py:106} INFO - Clean Payments Count: 102445
[2026-06-04T18:30:38.120+0000] {subprocess.py:106} INFO - Quarantined Payments Count: 1441
[2026-06-04T18:30:38.148+0000] {subprocess.py:106} INFO - 
[2026-06-04T18:30:38.155+0000] {subprocess.py:106} INFO - =================================================
[2026-06-04T18:30:38.159+0000] {subprocess.py:106} INFO - WRITING PAYMENTS QUARANTINE DATASET
[2026-06-04T18:30:38.165+0000] {subprocess.py:106} INFO - =================================================
[2026-06-04T18:30:39.944+0000] {subprocess.py:106} INFO - Payments Quarantine Written To: s3a://silver/quarantine/payments/
[2026-06-04T18:30:39.962+0000] {subprocess.py:106} INFO - 
[2026-06-04T18:30:39.966+0000] {subprocess.py:106} INFO - =================================================
[2026-06-04T18:30:39.969+0000] {subprocess.py:106} INFO - WRITING SILVER PAYMENTS DATASET
[2026-06-04T18:30:39.970+0000] {subprocess.py:106} INFO - =================================================
[2026-06-04T18:30:41.052+0000] {subprocess.py:106} INFO - Silver Payments Written To: s3a://silver/payments/
[2026-06-04T18:30:41.061+0000] {subprocess.py:106} INFO - 
[2026-06-04T18:30:41.065+0000] {subprocess.py:106} INFO - =================================================
[2026-06-04T18:30:41.069+0000] {subprocess.py:106} INFO - PAYMENTS HARDENING COMPLETED
[2026-06-04T18:30:41.070+0000] {subprocess.py:106} INFO - =================================================
[2026-06-04T18:30:41.220+0000] {subprocess.py:106} INFO - Clean Payments: 102445
[2026-06-04T18:30:42.987+0000] {subprocess.py:106} INFO - Quarantined Payments: 1441
[2026-06-04T18:30:43.631+0000] {subprocess.py:106} INFO - Execution Time: 29.3 seconds
[2026-06-04T18:30:43.636+0000] {subprocess.py:106} INFO - SUCCESS
[2026-06-04T18:30:43.673+0000] {subprocess.py:106} INFO - 
[2026-06-04T18:30:43.677+0000] {subprocess.py:106} INFO - ======================================================================
[2026-06-04T18:30:43.685+0000] {subprocess.py:106} INFO - RUNNING: transform_reviews.py
[2026-06-04T18:30:43.688+0000] {subprocess.py:106} INFO - ======================================================================
[2026-06-04T18:30:43.753+0000] {subprocess.py:106} INFO - Project Root Added: /workspace/project
[2026-06-04T18:30:44.417+0000] {subprocess.py:106} INFO - 
[2026-06-04T18:30:44.420+0000] {subprocess.py:106} INFO - =================================================
[2026-06-04T18:30:44.422+0000] {subprocess.py:106} INFO - LOADING BRONZE REVIEWS DATASET
[2026-06-04T18:30:44.424+0000] {subprocess.py:106} INFO - =================================================
[2026-06-04T18:30:45.110+0000] {subprocess.py:106} INFO - Bronze Reviews Count: 104162
[2026-06-04T18:30:45.118+0000] {subprocess.py:106} INFO - 
[2026-06-04T18:30:45.122+0000] {subprocess.py:106} INFO - =================================================
[2026-06-04T18:30:45.128+0000] {subprocess.py:106} INFO - LOADING SILVER ORDERS DATASET
[2026-06-04T18:30:45.142+0000] {subprocess.py:106} INFO - =================================================
[2026-06-04T18:30:45.425+0000] {subprocess.py:106} INFO - 
[2026-06-04T18:30:45.429+0000] {subprocess.py:106} INFO - =================================================
[2026-06-04T18:30:45.433+0000] {subprocess.py:106} INFO - BRONZE REVIEWS SCHEMA
[2026-06-04T18:30:45.437+0000] {subprocess.py:106} INFO - =================================================
[2026-06-04T18:30:45.443+0000] {subprocess.py:106} INFO - root
[2026-06-04T18:30:45.446+0000] {subprocess.py:106} INFO -  |-- review_id: string (nullable = true)
[2026-06-04T18:30:45.449+0000] {subprocess.py:106} INFO -  |-- order_id: string (nullable = true)
[2026-06-04T18:30:45.453+0000] {subprocess.py:106} INFO -  |-- review_score: string (nullable = true)
[2026-06-04T18:30:45.458+0000] {subprocess.py:106} INFO -  |-- review_comment_title: string (nullable = true)
[2026-06-04T18:30:45.460+0000] {subprocess.py:106} INFO -  |-- review_comment_message: string (nullable = true)
[2026-06-04T18:30:45.508+0000] {subprocess.py:106} INFO -  |-- review_creation_date: string (nullable = true)
[2026-06-04T18:30:45.547+0000] {subprocess.py:106} INFO -  |-- review_answer_timestamp: string (nullable = true)
[2026-06-04T18:30:45.624+0000] {subprocess.py:106} INFO -  |-- ingestion_timestamp: timestamp (nullable = true)
[2026-06-04T18:30:45.761+0000] {subprocess.py:106} INFO -  |-- ingestion_date: date (nullable = true)
[2026-06-04T18:30:45.765+0000] {subprocess.py:106} INFO -  |-- source_file: string (nullable = true)
[2026-06-04T18:30:45.771+0000] {subprocess.py:106} INFO - 
[2026-06-04T18:30:45.782+0000] {subprocess.py:106} INFO - 
[2026-06-04T18:30:45.785+0000] {subprocess.py:106} INFO - =================================================
[2026-06-04T18:30:45.789+0000] {subprocess.py:106} INFO - STARTING SILVER TRANSFORMATIONS
[2026-06-04T18:30:45.793+0000] {subprocess.py:106} INFO - =================================================
[2026-06-04T18:30:45.795+0000] {subprocess.py:106} INFO - 
[2026-06-04T18:30:45.798+0000] {subprocess.py:106} INFO - Applying review ID standardization...
[2026-06-04T18:30:45.801+0000] {subprocess.py:106} INFO - 
[2026-06-04T18:30:45.803+0000] {subprocess.py:106} INFO - Applying review score standardization...
[2026-06-04T18:30:45.824+0000] {subprocess.py:106} INFO - 
[2026-06-04T18:30:45.835+0000] {subprocess.py:106} INFO - Applying text normalization...
[2026-06-04T18:30:45.986+0000] {subprocess.py:106} INFO - 
[2026-06-04T18:30:45.993+0000] {subprocess.py:106} INFO - Applying timestamp standardization...
[2026-06-04T18:30:46.021+0000] {subprocess.py:106} INFO - 
[2026-06-04T18:30:46.025+0000] {subprocess.py:106} INFO - Applying review deduplication...
[2026-06-04T18:30:51.179+0000] {subprocess.py:106} INFO - Reviews After Deduplication: 102941
[2026-06-04T18:30:51.205+0000] {subprocess.py:106} INFO - 
[2026-06-04T18:30:51.209+0000] {subprocess.py:106} INFO - Identifying NULL order_id reviews...
[2026-06-04T18:30:51.231+0000] {subprocess.py:106} INFO - 
[2026-06-04T18:30:51.232+0000] {subprocess.py:106} INFO - Identifying orphan reviews...
[2026-06-04T18:30:51.277+0000] {subprocess.py:106} INFO - 
[2026-06-04T18:30:51.283+0000] {subprocess.py:106} INFO - Identifying reviews with missing timestamps...
[2026-06-04T18:30:51.318+0000] {subprocess.py:106} INFO - 
[2026-06-04T18:30:51.321+0000] {subprocess.py:106} INFO - Building review quarantine dataset...
[2026-06-04T18:30:57.250+0000] {subprocess.py:106} INFO - Quarantined Reviews: 9679
[2026-06-04T18:30:57.290+0000] {subprocess.py:106} INFO - 
[2026-06-04T18:30:57.299+0000] {subprocess.py:106} INFO - Building clean reviews dataset...
[2026-06-04T18:31:03.051+0000] {subprocess.py:106} INFO - Clean Reviews: 93263
[2026-06-04T18:31:03.080+0000] {subprocess.py:106} INFO - 
[2026-06-04T18:31:03.094+0000] {subprocess.py:106} INFO - Joining delivery context...
[2026-06-04T18:31:03.144+0000] {subprocess.py:106} INFO - 
[2026-06-04T18:31:03.148+0000] {subprocess.py:106} INFO - Deriving review labels...
[2026-06-04T18:31:03.205+0000] {subprocess.py:106} INFO - 
[2026-06-04T18:31:03.207+0000] {subprocess.py:106} INFO - Calculating response days...
[2026-06-04T18:31:03.268+0000] {subprocess.py:106} INFO - 
[2026-06-04T18:31:03.270+0000] {subprocess.py:106} INFO - Deriving review context...
[2026-06-04T18:31:03.306+0000] {subprocess.py:106} INFO - 
[2026-06-04T18:31:03.308+0000] {subprocess.py:106} INFO - Applying metadata enrichment...
[2026-06-04T18:31:03.421+0000] {subprocess.py:106} INFO - 
[2026-06-04T18:31:03.424+0000] {subprocess.py:106} INFO - Materializing clean reviews dataset...
[2026-06-04T18:31:13.707+0000] {subprocess.py:106} INFO - 
[2026-06-04T18:31:13.729+0000] {subprocess.py:106} INFO - =================================================
[2026-06-04T18:31:13.740+0000] {subprocess.py:106} INFO - RUNNING HARDENED REVIEWS VALIDATION
[2026-06-04T18:31:13.751+0000] {subprocess.py:106} INFO - =================================================
[2026-06-04T18:31:21.257+0000] {subprocess.py:106} INFO - Source Count: 104162
[2026-06-04T18:31:21.268+0000] {subprocess.py:106} INFO - Clean Reviews: 93263
[2026-06-04T18:31:21.272+0000] {subprocess.py:106} INFO - Quarantined Reviews: 9679
[2026-06-04T18:31:21.276+0000] {subprocess.py:106} INFO - 
[2026-06-04T18:31:21.280+0000] {subprocess.py:106} INFO - WARNING:
[2026-06-04T18:31:21.285+0000] {subprocess.py:106} INFO - Source count reconciliation mismatch.
[2026-06-04T18:31:21.289+0000] {subprocess.py:106} INFO - Investigate duplicates and quarantines.
[2026-06-04T18:31:21.291+0000] {subprocess.py:106} INFO - 
[2026-06-04T18:31:29.138+0000] {subprocess.py:106} INFO - 
[2026-06-04T18:31:29.168+0000] {subprocess.py:106} INFO - [VALIDATION] REVIEW SCORES
[2026-06-04T18:31:30.811+0000] {subprocess.py:106} INFO - Invalid Review Scores: 0
[2026-06-04T18:31:30.817+0000] {subprocess.py:106} INFO - 
[2026-06-04T18:31:30.821+0000] {subprocess.py:106} INFO - [VALIDATION] REVIEW LABELS
[2026-06-04T18:31:31.847+0000] {subprocess.py:106} INFO - Invalid Review Labels: 0
[2026-06-04T18:31:31.869+0000] {subprocess.py:106} INFO - 
[2026-06-04T18:31:31.874+0000] {subprocess.py:106} INFO - [VALIDATION] REVIEW CONTEXT
[2026-06-04T18:31:33.829+0000] {subprocess.py:106} INFO - Invalid Review Context: 0
[2026-06-04T18:31:33.841+0000] {subprocess.py:106} INFO - 
[2026-06-04T18:31:33.845+0000] {subprocess.py:106} INFO - [VALIDATION] RESPONSE DAYS
[2026-06-04T18:31:34.867+0000] {subprocess.py:106} INFO - Negative Response Days: 0
[2026-06-04T18:31:34.878+0000] {subprocess.py:106} INFO - 
[2026-06-04T18:31:34.883+0000] {subprocess.py:106} INFO - [VALIDATION] TIMESTAMPS
[2026-06-04T18:31:35.786+0000] {subprocess.py:106} INFO - Missing Creation Dates: 46
[2026-06-04T18:31:35.805+0000] {subprocess.py:106} INFO - 
[2026-06-04T18:31:35.808+0000] {subprocess.py:106} INFO - [VALIDATION] RESPONSE TIMELINE
[2026-06-04T18:31:37.224+0000] {subprocess.py:106} INFO - Invalid Response Timeline: 0
[2026-06-04T18:31:37.231+0000] {subprocess.py:106} INFO - 
[2026-06-04T18:31:37.236+0000] {subprocess.py:106} INFO - [VALIDATION] EMPTY REVIEWS COMMENTS
[2026-06-04T18:31:38.441+0000] {subprocess.py:106} INFO - Empty Reviews: 55245
[2026-06-04T18:31:38.450+0000] {subprocess.py:106} INFO - 
[2026-06-04T18:31:38.455+0000] {subprocess.py:106} INFO - [VALIDATION] EMPTY SCORE
[2026-06-04T18:31:39.892+0000] {subprocess.py:106} INFO - Empty Reviews: 1
[2026-06-04T18:31:39.907+0000] {subprocess.py:106} INFO - 
[2026-06-04T18:31:39.915+0000] {subprocess.py:106} INFO - [VALIDATION] SENTIMENT DISTRIBUTION
[2026-06-04T18:31:42.814+0000] {subprocess.py:106} INFO - +------------+-----+
[2026-06-04T18:31:42.824+0000] {subprocess.py:106} INFO - |review_label|count|
[2026-06-04T18:31:42.826+0000] {subprocess.py:106} INFO - +------------+-----+
[2026-06-04T18:31:42.828+0000] {subprocess.py:106} INFO - |Positive    |72561|
[2026-06-04T18:31:42.831+0000] {subprocess.py:106} INFO - |Neutral     |7671 |
[2026-06-04T18:31:42.833+0000] {subprocess.py:106} INFO - |Negative    |13031|
[2026-06-04T18:31:42.835+0000] {subprocess.py:106} INFO - +------------+-----+
[2026-06-04T18:31:42.837+0000] {subprocess.py:106} INFO - 
[2026-06-04T18:31:42.838+0000] {subprocess.py:106} INFO - 
[2026-06-04T18:31:42.839+0000] {subprocess.py:106} INFO - [VALIDATION] CONTEXT DISTRIBUTION
[2026-06-04T18:31:45.006+0000] {subprocess.py:106} INFO - +------------------+-----+
[2026-06-04T18:31:45.023+0000] {subprocess.py:106} INFO - |review_context    |count|
[2026-06-04T18:31:45.031+0000] {subprocess.py:106} INFO - +------------------+-----+
[2026-06-04T18:31:45.051+0000] {subprocess.py:106} INFO - |Product Related   |7295 |
[2026-06-04T18:31:45.059+0000] {subprocess.py:106} INFO - |General Experience|82251|
[2026-06-04T18:31:45.064+0000] {subprocess.py:106} INFO - |Delivery Related  |3717 |
[2026-06-04T18:31:45.067+0000] {subprocess.py:106} INFO - +------------------+-----+
[2026-06-04T18:31:45.070+0000] {subprocess.py:106} INFO - 
[2026-06-04T18:31:45.072+0000] {subprocess.py:106} INFO - 
[2026-06-04T18:31:45.081+0000] {subprocess.py:106} INFO - [VALIDATION] QUARANTINE SUMMARY
[2026-06-04T18:31:47.736+0000] {subprocess.py:106} INFO - Total Quarantined Reviews: 9679
[2026-06-04T18:31:51.485+0000] {subprocess.py:106} INFO - +-------------------------+-----+
[2026-06-04T18:31:51.509+0000] {subprocess.py:106} INFO - |quarantine_reason        |count|
[2026-06-04T18:31:51.512+0000] {subprocess.py:106} INFO - +-------------------------+-----+
[2026-06-04T18:31:51.515+0000] {subprocess.py:106} INFO - |ORPHAN_REVIEW            |3748 |
[2026-06-04T18:31:51.517+0000] {subprocess.py:106} INFO - |MISSING_REVIEW_TIMESTAMPS|3768 |
[2026-06-04T18:31:51.519+0000] {subprocess.py:106} INFO - |NULL_ORDER_ID            |2163 |
[2026-06-04T18:31:51.522+0000] {subprocess.py:106} INFO - +-------------------------+-----+
[2026-06-04T18:31:51.525+0000] {subprocess.py:106} INFO - 
[2026-06-04T18:31:51.527+0000] {subprocess.py:106} INFO - 
[2026-06-04T18:31:51.529+0000] {subprocess.py:106} INFO - =================================================
[2026-06-04T18:31:51.534+0000] {subprocess.py:106} INFO - REVIEWS VALIDATION COMPLETED
[2026-06-04T18:31:51.537+0000] {subprocess.py:106} INFO - =================================================
[2026-06-04T18:31:51.542+0000] {subprocess.py:106} INFO - 
[2026-06-04T18:31:51.547+0000] {subprocess.py:106} INFO - Writing reviews quarantine dataset...
[2026-06-04T18:31:55.667+0000] {subprocess.py:106} INFO - 
[2026-06-04T18:31:55.682+0000] {subprocess.py:106} INFO - Writing silver reviews dataset...
[2026-06-04T18:32:16.510+0000] {subprocess.py:106} INFO - 
[2026-06-04T18:32:16.517+0000] {subprocess.py:106} INFO - =================================================
[2026-06-04T18:32:16.519+0000] {subprocess.py:106} INFO - REVIEWS HARDENING COMPLETED
[2026-06-04T18:32:16.530+0000] {subprocess.py:106} INFO - =================================================
[2026-06-04T18:32:18.601+0000] {subprocess.py:106} INFO - Clean Reviews: 93263
[2026-06-04T18:32:23.920+0000] {subprocess.py:106} INFO - Quarantined Reviews: 9679
[2026-06-04T18:32:24.588+0000] {subprocess.py:106} INFO - Execution Time: 100.95 seconds
[2026-06-04T18:32:24.593+0000] {subprocess.py:106} INFO - SUCCESS
[2026-06-04T18:32:24.594+0000] {subprocess.py:106} INFO - 
[2026-06-04T18:32:24.595+0000] {subprocess.py:106} INFO - ======================================================================
[2026-06-04T18:32:24.597+0000] {subprocess.py:106} INFO - RUNNING: transform_order_items.py
[2026-06-04T18:32:24.599+0000] {subprocess.py:106} INFO - ======================================================================
[2026-06-04T18:32:24.663+0000] {subprocess.py:106} INFO - Project Root Added: /workspace/project
[2026-06-04T18:32:25.310+0000] {subprocess.py:106} INFO - 
[2026-06-04T18:32:25.313+0000] {subprocess.py:106} INFO - =================================================
[2026-06-04T18:32:25.317+0000] {subprocess.py:106} INFO - LOADING SOURCE DATASETS
[2026-06-04T18:32:25.320+0000] {subprocess.py:106} INFO - =================================================
[2026-06-04T18:32:26.309+0000] {subprocess.py:106} INFO - Order Items Count: 112650
[2026-06-04T18:32:26.415+0000] {subprocess.py:106} INFO - Products Count: 32951
[2026-06-04T18:32:26.543+0000] {subprocess.py:106} INFO - Orders Count: 98051
[2026-06-04T18:32:26.546+0000] {subprocess.py:106} INFO - 
[2026-06-04T18:32:26.549+0000] {subprocess.py:106} INFO - =================================================
[2026-06-04T18:32:26.554+0000] {subprocess.py:106} INFO - BRONZE ORDER ITEMS SCHEMA
[2026-06-04T18:32:26.558+0000] {subprocess.py:106} INFO - =================================================
[2026-06-04T18:32:26.563+0000] {subprocess.py:106} INFO - root
[2026-06-04T18:32:26.567+0000] {subprocess.py:106} INFO -  |-- order_id: string (nullable = true)
[2026-06-04T18:32:26.571+0000] {subprocess.py:106} INFO -  |-- order_item_id: string (nullable = true)
[2026-06-04T18:32:26.578+0000] {subprocess.py:106} INFO -  |-- product_id: string (nullable = true)
[2026-06-04T18:32:26.582+0000] {subprocess.py:106} INFO -  |-- seller_id: string (nullable = true)
[2026-06-04T18:32:26.586+0000] {subprocess.py:106} INFO -  |-- shipping_limit_date: string (nullable = true)
[2026-06-04T18:32:26.590+0000] {subprocess.py:106} INFO -  |-- price: string (nullable = true)
[2026-06-04T18:32:26.597+0000] {subprocess.py:106} INFO -  |-- freight_value: string (nullable = true)
[2026-06-04T18:32:26.603+0000] {subprocess.py:106} INFO -  |-- ingestion_timestamp: timestamp (nullable = true)
[2026-06-04T18:32:26.608+0000] {subprocess.py:106} INFO -  |-- ingestion_date: date (nullable = true)
[2026-06-04T18:32:26.612+0000] {subprocess.py:106} INFO -  |-- source_file: string (nullable = true)
[2026-06-04T18:32:26.614+0000] {subprocess.py:106} INFO - 
[2026-06-04T18:32:26.616+0000] {subprocess.py:106} INFO - 
[2026-06-04T18:32:26.619+0000] {subprocess.py:106} INFO - =================================================
[2026-06-04T18:32:26.621+0000] {subprocess.py:106} INFO - STARTING SILVER TRANSFORMATIONS
[2026-06-04T18:32:26.622+0000] {subprocess.py:106} INFO - =================================================
[2026-06-04T18:32:28.962+0000] {subprocess.py:106} INFO - Orphan Order Items: 1609
[2026-06-04T18:32:29.023+0000] {subprocess.py:106} INFO - 
[2026-06-04T18:32:29.028+0000] {subprocess.py:106} INFO - Applying product enrichment...
[2026-06-04T18:32:29.076+0000] {subprocess.py:106} INFO - 
[2026-06-04T18:32:29.080+0000] {subprocess.py:106} INFO - Applying order enrichment...
[2026-06-04T18:32:29.096+0000] {subprocess.py:106} INFO - 
[2026-06-04T18:32:29.098+0000] {subprocess.py:106} INFO - Applying financial standardization...
[2026-06-04T18:32:29.137+0000] {subprocess.py:106} INFO - 
[2026-06-04T18:32:29.143+0000] {subprocess.py:106} INFO - Applying timestamp standardization...
[2026-06-04T18:32:29.160+0000] {subprocess.py:106} INFO - 
[2026-06-04T18:32:29.164+0000] {subprocess.py:106} INFO - Calculating product volume metric...
[2026-06-04T18:32:29.222+0000] {subprocess.py:106} INFO - 
[2026-06-04T18:32:29.229+0000] {subprocess.py:106} INFO - Calculating freight ratio metric...
[2026-06-04T18:32:29.274+0000] {subprocess.py:106} INFO - 
[2026-06-04T18:32:29.279+0000] {subprocess.py:106} INFO - Calculating seller accountability metrics...
[2026-06-04T18:32:29.366+0000] {subprocess.py:106} INFO - 
[2026-06-04T18:32:29.369+0000] {subprocess.py:106} INFO - Applying metadata enrichment...
[2026-06-04T18:32:29.390+0000] {subprocess.py:106} INFO - 
[2026-06-04T18:32:29.393+0000] {subprocess.py:106} INFO - =================================================
[2026-06-04T18:32:29.395+0000] {subprocess.py:106} INFO - RUNNING ORDER ITEMS VALIDATION
[2026-06-04T18:32:29.398+0000] {subprocess.py:106} INFO - =================================================
[2026-06-04T18:32:29.400+0000] {subprocess.py:106} INFO - 
[2026-06-04T18:32:29.402+0000] {subprocess.py:106} INFO - [1] ROW COUNT VALIDATION
[2026-06-04T18:32:33.746+0000] {subprocess.py:106} INFO - 
[2026-06-04T18:32:33.757+0000] {subprocess.py:106} INFO - [2] GRAIN VALIDATION
[2026-06-04T18:32:36.708+0000] {subprocess.py:106} INFO - 
[2026-06-04T18:32:36.734+0000] {subprocess.py:106} INFO - [3] CRITICAL NULL VALIDATION
[2026-06-04T18:32:50.927+0000] {subprocess.py:106} INFO - 
[2026-06-04T18:32:50.947+0000] {subprocess.py:106} INFO - [4] FINANCIAL VALIDATION
[2026-06-04T18:32:50.950+0000] {subprocess.py:106} INFO - 
[2026-06-04T18:32:50.954+0000] {subprocess.py:106} INFO - Validating positive values for: price
[2026-06-04T18:32:54.331+0000] {subprocess.py:106} INFO - Negative price Records: 0
[2026-06-04T18:32:54.356+0000] {subprocess.py:106} INFO - PASSED: price positive value validation.
[2026-06-04T18:32:54.360+0000] {subprocess.py:106} INFO - 
[2026-06-04T18:32:54.363+0000] {subprocess.py:106} INFO - Validating positive values for: freight_value
[2026-06-04T18:32:56.215+0000] {subprocess.py:106} INFO - Negative freight_value Records: 0
[2026-06-04T18:32:56.223+0000] {subprocess.py:106} INFO - PASSED: freight_value positive value validation.
[2026-06-04T18:32:56.227+0000] {subprocess.py:106} INFO - 
[2026-06-04T18:32:56.235+0000] {subprocess.py:106} INFO - [5] FREIGHT RATIO VALIDATION
[2026-06-04T18:33:00.447+0000] {subprocess.py:106} INFO - Negative Freight Ratio Records: 0
[2026-06-04T18:33:00.461+0000] {subprocess.py:106} INFO - PASSED: Freight ratio validation.
[2026-06-04T18:33:00.466+0000] {subprocess.py:106} INFO - 
[2026-06-04T18:33:00.473+0000] {subprocess.py:106} INFO - [6] PRODUCT VOLUME VALIDATION
[2026-06-04T18:33:02.223+0000] {subprocess.py:106} INFO - Negative Product Volume Records: 0
[2026-06-04T18:33:02.247+0000] {subprocess.py:106} INFO - PASSED: Product volume validation.
[2026-06-04T18:33:02.251+0000] {subprocess.py:106} INFO - 
[2026-06-04T18:33:02.255+0000] {subprocess.py:106} INFO - [7] SELLER ACCOUNTABILITY VALIDATION
[2026-06-04T18:33:07.662+0000] {subprocess.py:106} INFO - Invalid Seller Count Records: 0
[2026-06-04T18:33:07.676+0000] {subprocess.py:106} INFO - PASSED: Seller accountability validation.
[2026-06-04T18:33:07.679+0000] {subprocess.py:106} INFO - 
[2026-06-04T18:33:07.682+0000] {subprocess.py:106} INFO - [8] SHIPPING DEADLINE VALIDATION
[2026-06-04T18:33:11.420+0000] {subprocess.py:106} INFO - Invalid Shipping Timeline Records: 0
[2026-06-04T18:33:11.427+0000] {subprocess.py:106} INFO - PASSED: Shipping timeline validation.
[2026-06-04T18:33:11.430+0000] {subprocess.py:106} INFO - 
[2026-06-04T18:33:11.434+0000] {subprocess.py:106} INFO - [9] MULTI-SELLER ORDER ANALYSIS
[2026-06-04T18:33:22.085+0000] {subprocess.py:106} INFO - Multi-Seller Orders: 1226
[2026-06-04T18:33:22.107+0000] {subprocess.py:106} INFO - 
[2026-06-04T18:33:22.121+0000] {subprocess.py:106} INFO - [10] ORPHAN ENRICHMENT VALIDATION
[2026-06-04T18:33:28.421+0000] {subprocess.py:106} INFO - Missing Product Enrichment Records: 18
[2026-06-04T18:33:28.432+0000] {subprocess.py:106} INFO - WARNING: Some products missing logistics enrichment.
[2026-06-04T18:33:37.035+0000] {subprocess.py:106} INFO - Negative Preparation Days (anomalies): 0
[2026-06-04T18:33:37.213+0000] {subprocess.py:106} INFO - 
[2026-06-04T18:33:37.270+0000] {subprocess.py:106} INFO - [VALIDATION] Cascade Quarantine
[2026-06-04T18:33:46.648+0000] {subprocess.py:106} INFO - Quarantined Order Items: 1609
[2026-06-04T18:33:50.055+0000] {subprocess.py:106} INFO - +-----------------+-----+
[2026-06-04T18:33:50.105+0000] {subprocess.py:106} INFO - |quarantine_reason|count|
[2026-06-04T18:33:50.108+0000] {subprocess.py:106} INFO - +-----------------+-----+
[2026-06-04T18:33:50.114+0000] {subprocess.py:106} INFO - |ORPHAN_ORDER_ITEM|1609 |
[2026-06-04T18:33:50.119+0000] {subprocess.py:106} INFO - +-----------------+-----+
[2026-06-04T18:33:50.168+0000] {subprocess.py:106} INFO - 
[2026-06-04T18:33:50.176+0000] {subprocess.py:106} INFO - 
[2026-06-04T18:33:50.181+0000] {subprocess.py:106} INFO - =================================================
[2026-06-04T18:33:50.187+0000] {subprocess.py:106} INFO - ALL ORDER ITEMS VALIDATIONS COMPLETED
[2026-06-04T18:33:50.192+0000] {subprocess.py:106} INFO - =================================================
[2026-06-04T18:33:50.196+0000] {subprocess.py:106} INFO - 
[2026-06-04T18:33:50.199+0000] {subprocess.py:106} INFO - Validation Summary:
[2026-06-04T18:33:50.205+0000] {subprocess.py:106} INFO - - Row count integrity verified
[2026-06-04T18:33:50.208+0000] {subprocess.py:106} INFO - - Grain integrity verified
[2026-06-04T18:33:50.212+0000] {subprocess.py:106} INFO - - Critical null checks passed
[2026-06-04T18:33:50.214+0000] {subprocess.py:106} INFO - - Financial validations passed
[2026-06-04T18:33:50.217+0000] {subprocess.py:106} INFO - - Freight ratio validated
[2026-06-04T18:33:50.218+0000] {subprocess.py:106} INFO - - Product volume validated
[2026-06-04T18:33:50.220+0000] {subprocess.py:106} INFO - - Seller accountability validated
[2026-06-04T18:33:50.223+0000] {subprocess.py:106} INFO - - Shipping lifecycle validated
[2026-06-04T18:33:50.227+0000] {subprocess.py:106} INFO - - Product enrichment checked
[2026-06-04T18:33:50.235+0000] {subprocess.py:106} INFO - 
[2026-06-04T18:33:50.241+0000] {subprocess.py:106} INFO - silver_order_items is TRUSTED.
[2026-06-04T18:33:50.245+0000] {subprocess.py:106} INFO - 
[2026-06-04T18:33:50.251+0000] {subprocess.py:106} INFO - 
[2026-06-04T18:33:50.254+0000] {subprocess.py:106} INFO - =================================================
[2026-06-04T18:33:50.257+0000] {subprocess.py:106} INFO - SILVER ORDER ITEMS PREVIEW
[2026-06-04T18:33:50.262+0000] {subprocess.py:106} INFO - =================================================
[2026-06-04T18:33:58.248+0000] {subprocess.py:106} INFO - +--------------------------------+-------------+--------------------------------+------+-------------+-------------+------------+-----------------------+----------------------+---------------------+
[2026-06-04T18:33:58.258+0000] {subprocess.py:106} INFO - |order_id                        |order_item_id|seller_id                       |price |freight_value|freight_ratio|seller_count|seller_preparation_days|shipping_pressure_flag|is_multi_seller_order|
[2026-06-04T18:33:58.265+0000] {subprocess.py:106} INFO - +--------------------------------+-------------+--------------------------------+------+-------------+-------------+------------+-----------------------+----------------------+---------------------+
[2026-06-04T18:33:58.274+0000] {subprocess.py:106} INFO - |00018f77f2f0320c557190d7a144bdd3|1            |dd7ddc04e1b6c2c614352b383efe2d36|239.90|19.93        |0.0831       |1           |7                      |false                 |false                |
[2026-06-04T18:33:58.280+0000] {subprocess.py:106} INFO - |00042b26cf59d7ce69dfabb4e55b4fd9|1            |df560393f3a51e74553ab94004ba5c87|199.90|18.14        |0.0907       |1           |9                      |false                 |false                |
[2026-06-04T18:33:58.283+0000] {subprocess.py:106} INFO - |00054e8431b9d7675808bcb819fb4a32|1            |7040e82f899a04d1b434b795a43b4617|19.90 |11.85        |0.5955       |1           |4                      |false                 |false                |
[2026-06-04T18:33:58.286+0000] {subprocess.py:106} INFO - |0006ec9db01a64e59a68b2c340bf65a7|1            |4a3ca9315b744ce9f8e9374361493884|74.00 |23.32        |0.3151       |1           |2                      |true                  |false                |
[2026-06-04T18:33:58.291+0000] {subprocess.py:106} INFO - |000aed2e25dbad2f9ddb70584c5a2ded|1            |fe2032dab1a61af8794248c8196565c9|144.00|8.77         |0.0609       |1           |5                      |false                 |false                |
[2026-06-04T18:33:58.293+0000] {subprocess.py:106} INFO - |0015ebb40fb17286bea51d4607c4733c|1            |8b321bb669392f5163d04c59e235e066|21.90 |15.10        |0.6895       |1           |4                      |false                 |false                |
[2026-06-04T18:33:58.295+0000] {subprocess.py:106} INFO - |001c85b5f68d2be0cb0797afc9e8ce9a|1            |4a3ca9315b744ce9f8e9374361493884|99.00 |13.71        |0.1385       |1           |5                      |false                 |false                |
[2026-06-04T18:33:58.296+0000] {subprocess.py:106} INFO - |00310b0c75bb13015ec4d82d341865a4|1            |a2deecd5398f5df4987110c80a1972a3|39.90 |15.38        |0.3855       |1           |2                      |true                  |false                |
[2026-06-04T18:33:58.299+0000] {subprocess.py:106} INFO - |0032d07457ae9c806c79368d7d9ce96b|1            |e333046ce6517bd8bb510291d44f0130|159.00|27.19        |0.1710       |1           |5                      |false                 |false                |
[2026-06-04T18:33:58.302+0000] {subprocess.py:106} INFO - |00337fe25a3780b3424d9ad7c5a4b35e|1            |cfb1a033743668a192316f3c6d1d2671|59.90 |9.94         |0.1659       |1           |4                      |false                 |false                |
[2026-06-04T18:33:58.308+0000] {subprocess.py:106} INFO - +--------------------------------+-------------+--------------------------------+------+-------------+-------------+------------+-----------------------+----------------------+---------------------+
[2026-06-04T18:33:58.315+0000] {subprocess.py:106} INFO - only showing top 10 rows
[2026-06-04T18:33:58.317+0000] {subprocess.py:106} INFO - 
[2026-06-04T18:33:58.318+0000] {subprocess.py:106} INFO - 
[2026-06-04T18:33:58.323+0000] {subprocess.py:106} INFO - =================================================
[2026-06-04T18:33:58.324+0000] {subprocess.py:106} INFO - WRITING SILVER ORDER ITEMS
[2026-06-04T18:33:58.327+0000] {subprocess.py:106} INFO - =================================================
[2026-06-04T18:34:01.914+0000] {subprocess.py:106} INFO - QUARANTINE Order Items Written To: s3a://silver/quarantine/order_items/
[2026-06-04T18:34:18.025+0000] {subprocess.py:106} INFO - Silver Order Items Written To: s3a://silver/order_items/
[2026-06-04T18:34:18.056+0000] {subprocess.py:106} INFO - 
[2026-06-04T18:34:18.063+0000] {subprocess.py:106} INFO - =================================================
[2026-06-04T18:34:18.065+0000] {subprocess.py:106} INFO - FINAL ROW COUNT
[2026-06-04T18:34:18.065+0000] {subprocess.py:106} INFO - =================================================
[2026-06-04T18:34:21.376+0000] {subprocess.py:106} INFO - Silver Order Items Count: 111041
[2026-06-04T18:34:22.386+0000] {subprocess.py:106} INFO - 
[2026-06-04T18:34:22.394+0000] {subprocess.py:106} INFO - =================================================
[2026-06-04T18:34:22.396+0000] {subprocess.py:106} INFO - SILVER ORDER ITEMS TRANSFORMATION COMPLETED
[2026-06-04T18:34:22.398+0000] {subprocess.py:106} INFO - =================================================
[2026-06-04T18:34:22.533+0000] {subprocess.py:106} INFO - Execution Time: 117.94 seconds
[2026-06-04T18:34:22.541+0000] {subprocess.py:106} INFO - SUCCESS
[2026-06-04T18:34:22.548+0000] {subprocess.py:106} INFO - 
[2026-06-04T18:34:22.555+0000] {subprocess.py:106} INFO - 
[2026-06-04T18:34:22.563+0000] {subprocess.py:106} INFO - ======================================================================
[2026-06-04T18:34:22.566+0000] {subprocess.py:106} INFO - STARTING ANALYTICAL STAGING LAYER
[2026-06-04T18:34:22.568+0000] {subprocess.py:106} INFO - ======================================================================
[2026-06-04T18:34:22.572+0000] {subprocess.py:106} INFO - 
[2026-06-04T18:34:22.576+0000] {subprocess.py:106} INFO - ======================================================================
[2026-06-04T18:34:22.579+0000] {subprocess.py:106} INFO - RUNNING: transform_seller_acquisition_staging.py
[2026-06-04T18:34:22.580+0000] {subprocess.py:106} INFO - ======================================================================
[2026-06-04T18:34:22.659+0000] {subprocess.py:106} INFO - Project Root Added: /workspace/project
[2026-06-04T18:34:23.377+0000] {subprocess.py:106} INFO - 
[2026-06-04T18:34:23.379+0000] {subprocess.py:106} INFO - =================================================
[2026-06-04T18:34:23.380+0000] {subprocess.py:106} INFO - LOADING SOURCE DATASETS
[2026-06-04T18:34:23.382+0000] {subprocess.py:106} INFO - =================================================
[2026-06-04T18:34:24.510+0000] {subprocess.py:106} INFO - MQL Count: 8000
[2026-06-04T18:34:25.159+0000] {subprocess.py:106} INFO - Closed Deals Count: 842
[2026-06-04T18:34:25.563+0000] {subprocess.py:106} INFO - Sellers Count: 3095
[2026-06-04T18:34:25.615+0000] {subprocess.py:106} INFO - 
[2026-06-04T18:34:25.621+0000] {subprocess.py:106} INFO - =================================================
[2026-06-04T18:34:25.628+0000] {subprocess.py:106} INFO - JOINING ACQUISITION DATASETS
[2026-06-04T18:34:25.631+0000] {subprocess.py:106} INFO - =================================================
[2026-06-04T18:34:25.739+0000] {subprocess.py:106} INFO - 
[2026-06-04T18:34:25.747+0000] {subprocess.py:106} INFO - =================================================
[2026-06-04T18:34:25.751+0000] {subprocess.py:106} INFO - DERIVING CONVERSION METRICS
[2026-06-04T18:34:25.755+0000] {subprocess.py:106} INFO - =================================================
[2026-06-04T18:34:25.938+0000] {subprocess.py:106} INFO - 
[2026-06-04T18:34:25.940+0000] {subprocess.py:106} INFO - =================================================
[2026-06-04T18:34:25.942+0000] {subprocess.py:106} INFO - FINAL COLUMN SELECTION
[2026-06-04T18:34:25.944+0000] {subprocess.py:106} INFO - =================================================
[2026-06-04T18:34:25.983+0000] {subprocess.py:106} INFO - 
[2026-06-04T18:34:25.990+0000] {subprocess.py:106} INFO - =================================================
[2026-06-04T18:34:25.995+0000] {subprocess.py:106} INFO - RUNNING VALIDATIONS
[2026-06-04T18:34:25.999+0000] {subprocess.py:106} INFO - =================================================
[2026-06-04T18:34:26.003+0000] {subprocess.py:106} INFO - 
[2026-06-04T18:34:26.008+0000] {subprocess.py:106} INFO - =================================================
[2026-06-04T18:34:26.018+0000] {subprocess.py:106} INFO - SELLER ACQUISITION STAGING VALIDATION
[2026-06-04T18:34:26.037+0000] {subprocess.py:106} INFO - =================================================
[2026-06-04T18:34:26.951+0000] {subprocess.py:106} INFO - 
[2026-06-04T18:34:26.979+0000] {subprocess.py:106} INFO - Final Row Count: 8000
[2026-06-04T18:34:27.616+0000] {subprocess.py:106} INFO - 
[2026-06-04T18:34:27.632+0000] {subprocess.py:106} INFO - Duplicate mql_id Count: 0
[2026-06-04T18:34:27.637+0000] {subprocess.py:106} INFO - 
[2026-06-04T18:34:27.639+0000] {subprocess.py:106} INFO - Critical Null Validation:
[2026-06-04T18:34:27.893+0000] {subprocess.py:106} INFO - mql_id: 0 nulls
[2026-06-04T18:34:28.263+0000] {subprocess.py:106} INFO - marketing_origin: 60 nulls
[2026-06-04T18:34:28.523+0000] {subprocess.py:106} INFO - converted_flag: 0 nulls
[2026-06-04T18:34:29.175+0000] {subprocess.py:106} INFO - seller_acquisition_segment: 0 nulls
[2026-06-04T18:34:30.223+0000] {subprocess.py:106} INFO - 
[2026-06-04T18:34:30.261+0000] {subprocess.py:106} INFO - Invalid Conversion Timelines: 0
[2026-06-04T18:34:30.545+0000] {subprocess.py:106} INFO - 
[2026-06-04T18:34:30.551+0000] {subprocess.py:106} INFO - Negative Revenue Values: 0
[2026-06-04T18:34:30.562+0000] {subprocess.py:106} INFO - 
[2026-06-04T18:34:30.584+0000] {subprocess.py:106} INFO - Acquisition Source Distribution:
[2026-06-04T18:34:31.090+0000] {subprocess.py:106} INFO - +-----------------+-----+
[2026-06-04T18:34:31.117+0000] {subprocess.py:106} INFO - |marketing_origin |count|
[2026-06-04T18:34:31.120+0000] {subprocess.py:106} INFO - +-----------------+-----+
[2026-06-04T18:34:31.124+0000] {subprocess.py:106} INFO - |unknown          |1099 |
[2026-06-04T18:34:31.134+0000] {subprocess.py:106} INFO - |NULL             |60   |
[2026-06-04T18:34:31.140+0000] {subprocess.py:106} INFO - |display          |118  |
[2026-06-04T18:34:31.158+0000] {subprocess.py:106} INFO - |referral         |284  |
[2026-06-04T18:34:31.168+0000] {subprocess.py:106} INFO - |other            |150  |
[2026-06-04T18:34:31.173+0000] {subprocess.py:106} INFO - |email            |493  |
[2026-06-04T18:34:31.177+0000] {subprocess.py:106} INFO - |social           |1350 |
[2026-06-04T18:34:31.182+0000] {subprocess.py:106} INFO - |other_publicities|65   |
[2026-06-04T18:34:31.186+0000] {subprocess.py:106} INFO - |direct_traffic   |499  |
[2026-06-04T18:34:31.188+0000] {subprocess.py:106} INFO - |organic_search   |2296 |
[2026-06-04T18:34:31.191+0000] {subprocess.py:106} INFO - |paid_search      |1586 |
[2026-06-04T18:34:31.195+0000] {subprocess.py:106} INFO - +-----------------+-----+
[2026-06-04T18:34:31.198+0000] {subprocess.py:106} INFO - 
[2026-06-04T18:34:31.200+0000] {subprocess.py:106} INFO - 
[2026-06-04T18:34:31.205+0000] {subprocess.py:106} INFO - Acquisition segment Distribution:
[2026-06-04T18:34:31.713+0000] {subprocess.py:106} INFO - +--------------------------+-----+
[2026-06-04T18:34:31.717+0000] {subprocess.py:106} INFO - |seller_acquisition_segment|count|
[2026-06-04T18:34:31.720+0000] {subprocess.py:106} INFO - +--------------------------+-----+
[2026-06-04T18:34:31.721+0000] {subprocess.py:106} INFO - |Unclassified              |7974 |
[2026-06-04T18:34:31.723+0000] {subprocess.py:106} INFO - |Small Business            |7    |
[2026-06-04T18:34:31.724+0000] {subprocess.py:106} INFO - |Growth Seller             |19   |
[2026-06-04T18:34:31.731+0000] {subprocess.py:106} INFO - +--------------------------+-----+
[2026-06-04T18:34:31.735+0000] {subprocess.py:106} INFO - 
[2026-06-04T18:34:31.741+0000] {subprocess.py:106} INFO - 
[2026-06-04T18:34:31.744+0000] {subprocess.py:106} INFO - =================================================
[2026-06-04T18:34:31.750+0000] {subprocess.py:106} INFO - ALL VALIDATIONS COMPLETED
[2026-06-04T18:34:31.753+0000] {subprocess.py:106} INFO - =================================================
[2026-06-04T18:34:31.756+0000] {subprocess.py:106} INFO - 
[2026-06-04T18:34:31.760+0000] {subprocess.py:106} INFO - =================================================
[2026-06-04T18:34:31.764+0000] {subprocess.py:106} INFO - WRITING SELLER ACQUISITION STAGING
[2026-06-04T18:34:31.767+0000] {subprocess.py:106} INFO - =================================================
[2026-06-04T18:34:32.730+0000] {subprocess.py:106} INFO - Seller Acquisition Staging Written Successfully
[2026-06-04T18:34:32.755+0000] {subprocess.py:106} INFO - 
[2026-06-04T18:34:32.758+0000] {subprocess.py:106} INFO - =================================================
[2026-06-04T18:34:32.764+0000] {subprocess.py:106} INFO - SELLER ACQUISITION STAGING COMPLETED
[2026-06-04T18:34:32.767+0000] {subprocess.py:106} INFO - =================================================
[2026-06-04T18:34:32.970+0000] {subprocess.py:106} INFO - Final Row Count: 8000
[2026-06-04T18:34:32.976+0000] {subprocess.py:106} INFO - root
[2026-06-04T18:34:32.979+0000] {subprocess.py:106} INFO -  |-- mql_id: string (nullable = true)
[2026-06-04T18:34:32.980+0000] {subprocess.py:106} INFO -  |-- seller_id: string (nullable = true)
[2026-06-04T18:34:32.981+0000] {subprocess.py:106} INFO -  |-- first_contact_date: timestamp (nullable = true)
[2026-06-04T18:34:32.984+0000] {subprocess.py:106} INFO -  |-- won_date: timestamp (nullable = true)
[2026-06-04T18:34:32.986+0000] {subprocess.py:106} INFO -  |-- landing_page_id: string (nullable = true)
[2026-06-04T18:34:33.004+0000] {subprocess.py:106} INFO -  |-- marketing_origin: string (nullable = true)
[2026-06-04T18:34:33.015+0000] {subprocess.py:106} INFO -  |-- acquisition_source: string (nullable = true)
[2026-06-04T18:34:33.018+0000] {subprocess.py:106} INFO -  |-- business_segment: string (nullable = true)
[2026-06-04T18:34:33.020+0000] {subprocess.py:106} INFO -  |-- lead_type: string (nullable = true)
[2026-06-04T18:34:33.029+0000] {subprocess.py:106} INFO -  |-- lead_behaviour_profile: string (nullable = true)
[2026-06-04T18:34:33.035+0000] {subprocess.py:106} INFO -  |-- declared_monthly_revenue: string (nullable = true)
[2026-06-04T18:34:33.039+0000] {subprocess.py:106} INFO -  |-- seller_city: string (nullable = true)
[2026-06-04T18:34:33.042+0000] {subprocess.py:106} INFO -  |-- seller_state: string (nullable = true)
[2026-06-04T18:34:33.045+0000] {subprocess.py:106} INFO -  |-- days_to_convert: integer (nullable = true)
[2026-06-04T18:34:33.050+0000] {subprocess.py:106} INFO -  |-- converted_flag: boolean (nullable = false)
[2026-06-04T18:34:33.055+0000] {subprocess.py:106} INFO -  |-- high_value_seller_flag: boolean (nullable = false)
[2026-06-04T18:34:33.064+0000] {subprocess.py:106} INFO -  |-- seller_acquisition_segment: string (nullable = true)
[2026-06-04T18:34:33.067+0000] {subprocess.py:106} INFO -  |-- silver_loaded_at: timestamp (nullable = false)
[2026-06-04T18:34:33.072+0000] {subprocess.py:106} INFO -  |-- source_system: string (nullable = false)
[2026-06-04T18:34:33.074+0000] {subprocess.py:106} INFO -  |-- transformation_version: string (nullable = false)
[2026-06-04T18:34:33.081+0000] {subprocess.py:106} INFO - 
[2026-06-04T18:34:33.453+0000] {subprocess.py:106} INFO - Execution Time: 10.9 seconds
[2026-06-04T18:34:33.465+0000] {subprocess.py:106} INFO - SUCCESS
[2026-06-04T18:34:33.469+0000] {subprocess.py:106} INFO - 
[2026-06-04T18:34:33.472+0000] {subprocess.py:106} INFO - ======================================================================
[2026-06-04T18:34:33.475+0000] {subprocess.py:106} INFO - RUNNING: transform_order_delivery_staging.py
[2026-06-04T18:34:33.479+0000] {subprocess.py:106} INFO - ======================================================================
[2026-06-04T18:34:33.531+0000] {subprocess.py:106} INFO - Project Root Added: /workspace/project
[2026-06-04T18:34:34.180+0000] {subprocess.py:106} INFO - 
[2026-06-04T18:34:34.182+0000] {subprocess.py:106} INFO - =================================================
[2026-06-04T18:34:34.184+0000] {subprocess.py:106} INFO - LOADING SILVER DATASETS
[2026-06-04T18:34:34.187+0000] {subprocess.py:106} INFO - =================================================
[2026-06-04T18:34:35.496+0000] {subprocess.py:106} INFO - Orders Count: 98051
[2026-06-04T18:34:35.651+0000] {subprocess.py:106} INFO - Order Items Count: 111041
[2026-06-04T18:34:35.730+0000] {subprocess.py:106} INFO - Sellers Count: 3095
[2026-06-04T18:34:35.840+0000] {subprocess.py:106} INFO - Customers Count: 99441
[2026-06-04T18:34:35.841+0000] {subprocess.py:106} INFO - 
[2026-06-04T18:34:35.843+0000] {subprocess.py:106} INFO - =================================================
[2026-06-04T18:34:35.845+0000] {subprocess.py:106} INFO - AGGREGATING ORDER ITEMS
[2026-06-04T18:34:35.846+0000] {subprocess.py:106} INFO - =================================================
[2026-06-04T18:34:36.398+0000] {subprocess.py:106} INFO - Aggregated Orders Count: 97276
[2026-06-04T18:34:36.408+0000] {subprocess.py:106} INFO - 
[2026-06-04T18:34:36.415+0000] {subprocess.py:106} INFO - =================================================
[2026-06-04T18:34:36.427+0000] {subprocess.py:106} INFO - JOINING ORDER LIFECYCLE + FULFILLMENT
[2026-06-04T18:34:36.434+0000] {subprocess.py:106} INFO - =================================================
[2026-06-04T18:34:36.525+0000] {subprocess.py:106} INFO - 
[2026-06-04T18:34:36.528+0000] {subprocess.py:106} INFO - =================================================
[2026-06-04T18:34:36.531+0000] {subprocess.py:106} INFO - DERIVING BRAZILIAN MACRO-REGIONS
[2026-06-04T18:34:36.534+0000] {subprocess.py:106} INFO - =================================================
[2026-06-04T18:34:36.636+0000] {subprocess.py:106} INFO - 
[2026-06-04T18:34:36.638+0000] {subprocess.py:106} INFO - =================================================
[2026-06-04T18:34:36.640+0000] {subprocess.py:106} INFO - DERIVING DISTANCE BUCKETS
[2026-06-04T18:34:36.641+0000] {subprocess.py:106} INFO - =================================================
[2026-06-04T18:34:36.724+0000] {subprocess.py:106} INFO - 
[2026-06-04T18:34:36.728+0000] {subprocess.py:106} INFO - =================================================
[2026-06-04T18:34:36.733+0000] {subprocess.py:106} INFO - FINAL COLUMN SELECTION
[2026-06-04T18:34:36.735+0000] {subprocess.py:106} INFO - =================================================
[2026-06-04T18:34:36.823+0000] {subprocess.py:106} INFO - 
[2026-06-04T18:34:36.824+0000] {subprocess.py:106} INFO - =================================================
[2026-06-04T18:34:36.827+0000] {subprocess.py:106} INFO - RUNNING VALIDATIONS
[2026-06-04T18:34:36.829+0000] {subprocess.py:106} INFO - =================================================
[2026-06-04T18:34:36.830+0000] {subprocess.py:106} INFO - 
[2026-06-04T18:34:36.832+0000] {subprocess.py:106} INFO - =================================================
[2026-06-04T18:34:36.833+0000] {subprocess.py:106} INFO - ORDER DELIVERY STAGING VALIDATION
[2026-06-04T18:34:36.835+0000] {subprocess.py:106} INFO - =================================================
[2026-06-04T18:34:41.297+0000] {subprocess.py:106} INFO - 
[2026-06-04T18:34:41.304+0000] {subprocess.py:106} INFO - Final Row Count: 98051
[2026-06-04T18:34:44.427+0000] {subprocess.py:106} INFO - 
[2026-06-04T18:34:44.436+0000] {subprocess.py:106} INFO - Duplicate order_id Count: 0
[2026-06-04T18:34:44.438+0000] {subprocess.py:106} INFO - 
[2026-06-04T18:34:44.439+0000] {subprocess.py:106} INFO - Critical Null Validation:
[2026-06-04T18:34:45.155+0000] {subprocess.py:106} INFO - order_id: 0 nulls
[2026-06-04T18:34:47.557+0000] {subprocess.py:106} INFO - customer_id: 0 nulls
[2026-06-04T18:34:49.299+0000] {subprocess.py:106} INFO - order_status: 0 nulls
[2026-06-04T18:34:51.006+0000] {subprocess.py:106} INFO - order_purchase_timestamp: 0 nulls
[2026-06-04T18:34:54.639+0000] {subprocess.py:106} INFO - seller_count: 775 nulls
[2026-06-04T18:34:54.789+0000] {subprocess.py:106} INFO - distance_bucket: 0 nulls
[2026-06-04T18:34:58.307+0000] {subprocess.py:106} INFO - 
[2026-06-04T18:34:58.338+0000] {subprocess.py:106} INFO - Lifecycle Validation:
[2026-06-04T18:34:58.341+0000] {subprocess.py:106} INFO - Invalid Approval Timelines: 0
[2026-06-04T18:34:58.347+0000] {subprocess.py:106} INFO - Invalid Delivery Timelines: 0
[2026-06-04T18:34:59.606+0000] {subprocess.py:106} INFO - 
[2026-06-04T18:34:59.634+0000] {subprocess.py:106} INFO - Delivered Orders Missing Delivery Timestamp: 0
[2026-06-04T18:35:06.528+0000] {subprocess.py:106} INFO - 
[2026-06-04T18:35:06.544+0000] {subprocess.py:106} INFO - Seller Accountability Validation:
[2026-06-04T18:35:06.549+0000] {subprocess.py:106} INFO - Multi Seller Orders: 1226
[2026-06-04T18:35:06.558+0000] {subprocess.py:106} INFO - Single Seller Orders: 96050
[2026-06-04T18:35:06.563+0000] {subprocess.py:106} INFO - 
[2026-06-04T18:35:06.570+0000] {subprocess.py:106} INFO - Distance Bucket Distribution:
[2026-06-04T18:35:08.383+0000] {subprocess.py:106} INFO - +---------------+-----+
[2026-06-04T18:35:08.391+0000] {subprocess.py:106} INFO - |distance_bucket|count|
[2026-06-04T18:35:08.393+0000] {subprocess.py:106} INFO - +---------------+-----+
[2026-06-04T18:35:08.395+0000] {subprocess.py:106} INFO - |Same State     |34954|
[2026-06-04T18:35:08.400+0000] {subprocess.py:106} INFO - |Unknown        |775  |
[2026-06-04T18:35:08.403+0000] {subprocess.py:106} INFO - |Cross Region   |36733|
[2026-06-04T18:35:08.406+0000] {subprocess.py:106} INFO - |Same Region    |25589|
[2026-06-04T18:35:08.407+0000] {subprocess.py:106} INFO - +---------------+-----+
[2026-06-04T18:35:08.411+0000] {subprocess.py:106} INFO - 
[2026-06-04T18:35:08.413+0000] {subprocess.py:106} INFO - 
[2026-06-04T18:35:08.415+0000] {subprocess.py:106} INFO - =================================================
[2026-06-04T18:35:08.416+0000] {subprocess.py:106} INFO - ALL VALIDATIONS COMPLETED
[2026-06-04T18:35:08.418+0000] {subprocess.py:106} INFO - =================================================
[2026-06-04T18:35:08.419+0000] {subprocess.py:106} INFO - 
[2026-06-04T18:35:08.421+0000] {subprocess.py:106} INFO - =================================================
[2026-06-04T18:35:08.425+0000] {subprocess.py:106} INFO - WRITING ORDER DELIVERY STAGING
[2026-06-04T18:35:08.427+0000] {subprocess.py:106} INFO - =================================================
[2026-06-04T18:35:16.868+0000] {subprocess.py:106} INFO - Order Delivery Staging Written Successfully
[2026-06-04T18:35:16.895+0000] {subprocess.py:106} INFO - 
[2026-06-04T18:35:16.900+0000] {subprocess.py:106} INFO - =================================================
[2026-06-04T18:35:16.904+0000] {subprocess.py:106} INFO - ORDER DELIVERY STAGING PIPELINE COMPLETED
[2026-06-04T18:35:16.907+0000] {subprocess.py:106} INFO - =================================================
[2026-06-04T18:35:19.042+0000] {subprocess.py:106} INFO - Final Row Count: 98051
[2026-06-04T18:35:19.063+0000] {subprocess.py:106} INFO - root
[2026-06-04T18:35:19.070+0000] {subprocess.py:106} INFO -  |-- order_id: string (nullable = true)
[2026-06-04T18:35:19.074+0000] {subprocess.py:106} INFO -  |-- customer_id: string (nullable = true)
[2026-06-04T18:35:19.079+0000] {subprocess.py:106} INFO -  |-- primary_seller_id: string (nullable = true)
[2026-06-04T18:35:19.088+0000] {subprocess.py:106} INFO -  |-- order_status: string (nullable = true)
[2026-06-04T18:35:19.098+0000] {subprocess.py:106} INFO -  |-- order_purchase_timestamp: timestamp (nullable = true)
[2026-06-04T18:35:19.101+0000] {subprocess.py:106} INFO -  |-- order_approved_at: timestamp (nullable = true)
[2026-06-04T18:35:19.107+0000] {subprocess.py:106} INFO -  |-- order_delivered_carrier_date: timestamp (nullable = true)
[2026-06-04T18:35:19.114+0000] {subprocess.py:106} INFO -  |-- order_delivered_customer_date: timestamp (nullable = true)
[2026-06-04T18:35:19.122+0000] {subprocess.py:106} INFO -  |-- order_estimated_delivery_date: timestamp (nullable = true)
[2026-06-04T18:35:19.128+0000] {subprocess.py:106} INFO -  |-- delivery_duration_days: integer (nullable = true)
[2026-06-04T18:35:19.139+0000] {subprocess.py:106} INFO -  |-- delay_days: integer (nullable = true)
[2026-06-04T18:35:19.148+0000] {subprocess.py:106} INFO -  |-- delivery_status_category: string (nullable = true)
[2026-06-04T18:35:19.158+0000] {subprocess.py:106} INFO -  |-- buffer_days: integer (nullable = true)
[2026-06-04T18:35:19.166+0000] {subprocess.py:106} INFO -  |-- freight_total_value: decimal(22,2) (nullable = true)
[2026-06-04T18:35:19.168+0000] {subprocess.py:106} INFO -  |-- total_items_count: long (nullable = true)
[2026-06-04T18:35:19.171+0000] {subprocess.py:106} INFO -  |-- seller_count: long (nullable = true)
[2026-06-04T18:35:19.174+0000] {subprocess.py:106} INFO -  |-- is_multi_seller_order: boolean (nullable = true)
[2026-06-04T18:35:19.183+0000] {subprocess.py:106} INFO -  |-- distance_bucket: string (nullable = false)
[2026-06-04T18:35:19.190+0000] {subprocess.py:106} INFO -  |-- seller_state: string (nullable = true)
[2026-06-04T18:35:19.195+0000] {subprocess.py:106} INFO -  |-- customer_state: string (nullable = true)
[2026-06-04T18:35:19.209+0000] {subprocess.py:106} INFO -  |-- seller_region: string (nullable = false)
[2026-06-04T18:35:19.216+0000] {subprocess.py:106} INFO -  |-- customer_region: string (nullable = false)
[2026-06-04T18:35:19.225+0000] {subprocess.py:106} INFO -  |-- seller_lat: double (nullable = true)
[2026-06-04T18:35:19.229+0000] {subprocess.py:106} INFO -  |-- seller_lng: double (nullable = true)
[2026-06-04T18:35:19.247+0000] {subprocess.py:106} INFO -  |-- customer_lat: double (nullable = true)
[2026-06-04T18:35:19.249+0000] {subprocess.py:106} INFO -  |-- customer_lng: double (nullable = true)
[2026-06-04T18:35:19.256+0000] {subprocess.py:106} INFO -  |-- silver_loaded_at: timestamp (nullable = false)
[2026-06-04T18:35:19.265+0000] {subprocess.py:106} INFO -  |-- source_system: string (nullable = false)
[2026-06-04T18:35:19.282+0000] {subprocess.py:106} INFO -  |-- transformation_version: string (nullable = false)
[2026-06-04T18:35:19.290+0000] {subprocess.py:106} INFO - 
[2026-06-04T18:35:20.357+0000] {subprocess.py:106} INFO - Execution Time: 46.9 seconds
[2026-06-04T18:35:20.359+0000] {subprocess.py:106} INFO - SUCCESS
[2026-06-04T18:35:20.363+0000] {subprocess.py:106} INFO - 
[2026-06-04T18:35:20.364+0000] {subprocess.py:106} INFO - ======================================================================
[2026-06-04T18:35:20.367+0000] {subprocess.py:106} INFO - RUNNING: transform_seller_fulfillment_staging.py
[2026-06-04T18:35:20.368+0000] {subprocess.py:106} INFO - ======================================================================
[2026-06-04T18:35:20.496+0000] {subprocess.py:106} INFO - Project Root Added: /workspace/project
[2026-06-04T18:35:21.126+0000] {subprocess.py:106} INFO - 
[2026-06-04T18:35:21.130+0000] {subprocess.py:106} INFO - =================================================
[2026-06-04T18:35:21.131+0000] {subprocess.py:106} INFO - LOADING SILVER DATASETS
[2026-06-04T18:35:21.134+0000] {subprocess.py:106} INFO - =================================================
[2026-06-04T18:35:21.658+0000] {subprocess.py:106} INFO - Order Items Count: 111041
[2026-06-04T18:35:21.713+0000] {subprocess.py:106} INFO - Sellers Count: 3095
[2026-06-04T18:35:21.715+0000] {subprocess.py:106} INFO - 
[2026-06-04T18:35:21.716+0000] {subprocess.py:106} INFO - =================================================
[2026-06-04T18:35:21.718+0000] {subprocess.py:106} INFO - SELECTING SELLER ENRICHMENT COLUMNS
[2026-06-04T18:35:21.719+0000] {subprocess.py:106} INFO - =================================================
[2026-06-04T18:35:21.729+0000] {subprocess.py:106} INFO - 
[2026-06-04T18:35:21.731+0000] {subprocess.py:106} INFO - =================================================
[2026-06-04T18:35:21.734+0000] {subprocess.py:106} INFO - JOINING SELLER ENRICHMENT
[2026-06-04T18:35:21.742+0000] {subprocess.py:106} INFO - =================================================
[2026-06-04T18:35:21.746+0000] {subprocess.py:106} INFO - 
[2026-06-04T18:35:21.749+0000] {subprocess.py:106} INFO - =================================================
[2026-06-04T18:35:21.753+0000] {subprocess.py:106} INFO - DERIVING SELLER WORKLOAD METRICS
[2026-06-04T18:35:21.757+0000] {subprocess.py:106} INFO - =================================================
[2026-06-04T18:35:21.783+0000] {subprocess.py:106} INFO - 
[2026-06-04T18:35:21.785+0000] {subprocess.py:106} INFO - Applying workload risk flags...
[2026-06-04T18:35:21.838+0000] {subprocess.py:106} INFO - 
[2026-06-04T18:35:21.841+0000] {subprocess.py:106} INFO - =================================================
[2026-06-04T18:35:21.844+0000] {subprocess.py:106} INFO - FINAL COLUMN SELECTION
[2026-06-04T18:35:21.845+0000] {subprocess.py:106} INFO - =================================================
[2026-06-04T18:35:21.871+0000] {subprocess.py:106} INFO - 
[2026-06-04T18:35:21.874+0000] {subprocess.py:106} INFO - =================================================
[2026-06-04T18:35:21.875+0000] {subprocess.py:106} INFO - RUNNING VALIDATIONS
[2026-06-04T18:35:21.876+0000] {subprocess.py:106} INFO - =================================================
[2026-06-04T18:35:21.877+0000] {subprocess.py:106} INFO - 
[2026-06-04T18:35:21.878+0000] {subprocess.py:106} INFO - =================================================
[2026-06-04T18:35:21.879+0000] {subprocess.py:106} INFO - SELLER FULFILLMENT STAGING VALIDATION
[2026-06-04T18:35:21.880+0000] {subprocess.py:106} INFO - =================================================
[2026-06-04T18:35:22.174+0000] {subprocess.py:106} INFO - 
[2026-06-04T18:35:22.181+0000] {subprocess.py:106} INFO - Final Row Count: 111041
[2026-06-04T18:35:23.751+0000] {subprocess.py:106} INFO - 
[2026-06-04T18:35:23.758+0000] {subprocess.py:106} INFO - Duplicate Grain Violations: 0
[2026-06-04T18:35:23.762+0000] {subprocess.py:106} INFO - 
[2026-06-04T18:35:23.763+0000] {subprocess.py:106} INFO - Critical Null Validation:
[2026-06-04T18:35:24.067+0000] {subprocess.py:106} INFO - order_id: 0 nulls
[2026-06-04T18:35:24.317+0000] {subprocess.py:106} INFO - order_item_id: 0 nulls
[2026-06-04T18:35:24.572+0000] {subprocess.py:106} INFO - seller_id: 0 nulls
[2026-06-04T18:35:24.763+0000] {subprocess.py:106} INFO - price: 0 nulls
[2026-06-04T18:35:24.940+0000] {subprocess.py:106} INFO - freight_value: 0 nulls
[2026-06-04T18:35:24.997+0000] {subprocess.py:106} INFO - seller_monthly_orders: 0 nulls
[2026-06-04T18:35:25.044+0000] {subprocess.py:106} INFO - workload_bucket: 0 nulls
[2026-06-04T18:35:25.046+0000] {subprocess.py:106} INFO - 
[2026-06-04T18:35:25.048+0000] {subprocess.py:106} INFO - Workload Bucket Distribution:
[2026-06-04T18:35:26.944+0000] {subprocess.py:106} INFO - +---------------+-----+
[2026-06-04T18:35:26.950+0000] {subprocess.py:106} INFO - |workload_bucket|count|
[2026-06-04T18:35:26.952+0000] {subprocess.py:106} INFO - +---------------+-----+
[2026-06-04T18:35:26.954+0000] {subprocess.py:106} INFO - |High Volume    |12033|
[2026-06-04T18:35:26.956+0000] {subprocess.py:106} INFO - |Low Volume     |62781|
[2026-06-04T18:35:26.957+0000] {subprocess.py:106} INFO - |Medium Volume  |36227|
[2026-06-04T18:35:26.959+0000] {subprocess.py:106} INFO - +---------------+-----+
[2026-06-04T18:35:26.962+0000] {subprocess.py:106} INFO - 
[2026-06-04T18:35:27.305+0000] {subprocess.py:106} INFO - 
[2026-06-04T18:35:27.308+0000] {subprocess.py:106} INFO - Orders Missing Seller Geography: 0
[2026-06-04T18:35:27.803+0000] {subprocess.py:106} INFO - 
[2026-06-04T18:35:27.826+0000] {subprocess.py:106} INFO - Freight Metric Validation:
[2026-06-04T18:35:27.834+0000] {subprocess.py:106} INFO - Negative Freight Values: 0
[2026-06-04T18:35:27.837+0000] {subprocess.py:106} INFO - Negative Price Values: 0
[2026-06-04T18:35:27.841+0000] {subprocess.py:106} INFO - 
[2026-06-04T18:35:27.845+0000] {subprocess.py:106} INFO - =================================================
[2026-06-04T18:35:27.847+0000] {subprocess.py:106} INFO - ALL VALIDATIONS COMPLETED
[2026-06-04T18:35:27.850+0000] {subprocess.py:106} INFO - =================================================
[2026-06-04T18:35:27.851+0000] {subprocess.py:106} INFO - 
[2026-06-04T18:35:27.853+0000] {subprocess.py:106} INFO - =================================================
[2026-06-04T18:35:27.854+0000] {subprocess.py:106} INFO - WRITING SELLER FULFILLMENT STAGING
[2026-06-04T18:35:27.855+0000] {subprocess.py:106} INFO - =================================================
[2026-06-04T18:35:32.589+0000] {subprocess.py:106} INFO - Seller Fulfillment Staging Written Successfully
[2026-06-04T18:35:32.610+0000] {subprocess.py:106} INFO - 
[2026-06-04T18:35:32.614+0000] {subprocess.py:106} INFO - =================================================
[2026-06-04T18:35:32.616+0000] {subprocess.py:106} INFO - SELLER FULFILLMENT STAGING PIPELINE COMPLETED
[2026-06-04T18:35:32.619+0000] {subprocess.py:106} INFO - =================================================
[2026-06-04T18:35:33.008+0000] {subprocess.py:106} INFO - Final Row Count: 111041
[2026-06-04T18:35:33.019+0000] {subprocess.py:106} INFO - root
[2026-06-04T18:35:33.022+0000] {subprocess.py:106} INFO -  |-- order_id: string (nullable = true)
[2026-06-04T18:35:33.028+0000] {subprocess.py:106} INFO -  |-- order_item_id: string (nullable = true)
[2026-06-04T18:35:33.033+0000] {subprocess.py:106} INFO -  |-- product_id: string (nullable = true)
[2026-06-04T18:35:33.037+0000] {subprocess.py:106} INFO -  |-- seller_id: string (nullable = true)
[2026-06-04T18:35:33.040+0000] {subprocess.py:106} INFO -  |-- order_purchase_timestamp: timestamp (nullable = true)
[2026-06-04T18:35:33.043+0000] {subprocess.py:106} INFO -  |-- shipping_limit_date: timestamp (nullable = true)
[2026-06-04T18:35:33.048+0000] {subprocess.py:106} INFO -  |-- price: decimal(12,2) (nullable = true)
[2026-06-04T18:35:33.052+0000] {subprocess.py:106} INFO -  |-- freight_value: decimal(12,2) (nullable = true)
[2026-06-04T18:35:33.054+0000] {subprocess.py:106} INFO -  |-- freight_ratio: decimal(10,4) (nullable = true)
[2026-06-04T18:35:33.058+0000] {subprocess.py:106} INFO -  |-- product_volume_cm3: decimal(18,2) (nullable = true)
[2026-06-04T18:35:33.060+0000] {subprocess.py:106} INFO -  |-- seller_item_count_in_order: integer (nullable = false)
[2026-06-04T18:35:33.062+0000] {subprocess.py:106} INFO -  |-- seller_state: string (nullable = true)
[2026-06-04T18:35:33.065+0000] {subprocess.py:106} INFO -  |-- seller_lat: double (nullable = true)
[2026-06-04T18:35:33.065+0000] {subprocess.py:106} INFO -  |-- seller_lng: double (nullable = true)
[2026-06-04T18:35:33.066+0000] {subprocess.py:106} INFO -  |-- acquisition_source: string (nullable = true)
[2026-06-04T18:35:33.068+0000] {subprocess.py:106} INFO -  |-- seller_monthly_orders: integer (nullable = false)
[2026-06-04T18:35:33.069+0000] {subprocess.py:106} INFO -  |-- workload_bucket: string (nullable = false)
[2026-06-04T18:35:33.071+0000] {subprocess.py:106} INFO -  |-- is_overloaded_seller: boolean (nullable = false)
[2026-06-04T18:35:33.078+0000] {subprocess.py:106} INFO -  |-- silver_loaded_at: timestamp (nullable = false)
[2026-06-04T18:35:33.080+0000] {subprocess.py:106} INFO -  |-- source_system: string (nullable = false)
[2026-06-04T18:35:33.082+0000] {subprocess.py:106} INFO -  |-- transformation_version: string (nullable = false)
[2026-06-04T18:35:33.083+0000] {subprocess.py:106} INFO - 
[2026-06-04T18:35:33.707+0000] {subprocess.py:106} INFO - Execution Time: 13.34 seconds
[2026-06-04T18:35:33.722+0000] {subprocess.py:106} INFO - SUCCESS
[2026-06-04T18:35:33.725+0000] {subprocess.py:106} INFO - 
[2026-06-04T18:35:33.727+0000] {subprocess.py:106} INFO - ======================================================================
[2026-06-04T18:35:33.728+0000] {subprocess.py:106} INFO - RUNNING: transform_reviews_staging.py
[2026-06-04T18:35:33.730+0000] {subprocess.py:106} INFO - ======================================================================
[2026-06-04T18:35:33.761+0000] {subprocess.py:106} INFO - Project Root Added: /workspace/project
[2026-06-04T18:35:34.373+0000] {subprocess.py:106} INFO - 
[2026-06-04T18:35:34.375+0000] {subprocess.py:106} INFO - =================================================
[2026-06-04T18:35:34.378+0000] {subprocess.py:106} INFO - LOADING SOURCE DATASETS
[2026-06-04T18:35:34.381+0000] {subprocess.py:106} INFO - =================================================
[2026-06-04T18:35:35.642+0000] {subprocess.py:106} INFO - Reviews Count: 93263
[2026-06-04T18:35:35.784+0000] {subprocess.py:106} INFO - Delivery Staging Count: 98051
[2026-06-04T18:35:35.785+0000] {subprocess.py:106} INFO - 
[2026-06-04T18:35:35.787+0000] {subprocess.py:106} INFO - =================================================
[2026-06-04T18:35:35.789+0000] {subprocess.py:106} INFO - SELECTING DELIVERY CONTEXT
[2026-06-04T18:35:35.794+0000] {subprocess.py:106} INFO - =================================================
[2026-06-04T18:35:35.834+0000] {subprocess.py:106} INFO - 
[2026-06-04T18:35:35.835+0000] {subprocess.py:106} INFO - =================================================
[2026-06-04T18:35:35.837+0000] {subprocess.py:106} INFO - JOINING DELIVERY CONTEXT
[2026-06-04T18:35:35.838+0000] {subprocess.py:106} INFO - =================================================
[2026-06-04T18:35:35.844+0000] {subprocess.py:106} INFO - 
[2026-06-04T18:35:35.846+0000] {subprocess.py:106} INFO - =================================================
[2026-06-04T18:35:35.847+0000] {subprocess.py:106} INFO - DERIVING SENTIMENT METRICS
[2026-06-04T18:35:35.848+0000] {subprocess.py:106} INFO - =================================================
[2026-06-04T18:35:35.987+0000] {subprocess.py:106} INFO - 
[2026-06-04T18:35:35.989+0000] {subprocess.py:106} INFO - =================================================
[2026-06-04T18:35:35.994+0000] {subprocess.py:106} INFO - FINAL COLUMN SELECTION
[2026-06-04T18:35:35.995+0000] {subprocess.py:106} INFO - =================================================
[2026-06-04T18:35:36.041+0000] {subprocess.py:106} INFO - 
[2026-06-04T18:35:36.043+0000] {subprocess.py:106} INFO - =================================================
[2026-06-04T18:35:36.044+0000] {subprocess.py:106} INFO - RUNNING VALIDATIONS
[2026-06-04T18:35:36.046+0000] {subprocess.py:106} INFO - =================================================
[2026-06-04T18:35:36.047+0000] {subprocess.py:106} INFO - 
[2026-06-04T18:35:36.049+0000] {subprocess.py:106} INFO - =================================================
[2026-06-04T18:35:36.051+0000] {subprocess.py:106} INFO - REVIEWS STAGING VALIDATION
[2026-06-04T18:35:36.057+0000] {subprocess.py:106} INFO - =================================================
[2026-06-04T18:35:38.052+0000] {subprocess.py:106} INFO - 
[2026-06-04T18:35:38.059+0000] {subprocess.py:106} INFO - Final Row Count: 93263
[2026-06-04T18:35:39.702+0000] {subprocess.py:106} INFO - 
[2026-06-04T18:35:39.717+0000] {subprocess.py:106} INFO - Duplicate review_id Count: 0
[2026-06-04T18:35:39.719+0000] {subprocess.py:106} INFO - 
[2026-06-04T18:35:39.720+0000] {subprocess.py:106} INFO - Critical Null Validation:
[2026-06-04T18:35:40.938+0000] {subprocess.py:106} INFO - review_id: 1 nulls
[2026-06-04T18:35:42.266+0000] {subprocess.py:106} INFO - order_id: 0 nulls
[2026-06-04T18:35:43.517+0000] {subprocess.py:106} INFO - review_score: 1 nulls
[2026-06-04T18:35:43.641+0000] {subprocess.py:106} INFO - sentiment_category: 0 nulls
[2026-06-04T18:35:43.672+0000] {subprocess.py:106} INFO - delivery_experience_segment: 0 nulls
[2026-06-04T18:35:46.244+0000] {subprocess.py:106} INFO - 
[2026-06-04T18:35:46.273+0000] {subprocess.py:106} INFO - Invalid Review Scores: 0
[2026-06-04T18:35:46.279+0000] {subprocess.py:106} INFO - 
[2026-06-04T18:35:46.307+0000] {subprocess.py:106} INFO - Sentiment Distribution:
[2026-06-04T18:35:48.973+0000] {subprocess.py:106} INFO - +------------------+-----+
[2026-06-04T18:35:49.003+0000] {subprocess.py:106} INFO - |sentiment_category|count|
[2026-06-04T18:35:49.005+0000] {subprocess.py:106} INFO - +------------------+-----+
[2026-06-04T18:35:49.010+0000] {subprocess.py:106} INFO - |Positive          |72561|
[2026-06-04T18:35:49.015+0000] {subprocess.py:106} INFO - |Neutral           |7671 |
[2026-06-04T18:35:49.017+0000] {subprocess.py:106} INFO - |Negative          |13031|
[2026-06-04T18:35:49.018+0000] {subprocess.py:106} INFO - +------------------+-----+
[2026-06-04T18:35:49.024+0000] {subprocess.py:106} INFO - 
[2026-06-04T18:35:51.730+0000] {subprocess.py:106} INFO - 
[2026-06-04T18:35:51.832+0000] {subprocess.py:106} INFO - Reviews Missing Delivery Context: 1
[2026-06-04T18:35:56.027+0000] {subprocess.py:106} INFO - 
[2026-06-04T18:35:56.040+0000] {subprocess.py:106} INFO - Delayed Delivery Negative Reviews: 3717
[2026-06-04T18:35:56.044+0000] {subprocess.py:106} INFO - 
[2026-06-04T18:35:56.048+0000] {subprocess.py:106} INFO - =================================================
[2026-06-04T18:35:56.051+0000] {subprocess.py:106} INFO - ALL VALIDATIONS COMPLETED
[2026-06-04T18:35:56.056+0000] {subprocess.py:106} INFO - =================================================
[2026-06-04T18:35:56.059+0000] {subprocess.py:106} INFO - 
[2026-06-04T18:35:56.063+0000] {subprocess.py:106} INFO - =================================================
[2026-06-04T18:35:56.067+0000] {subprocess.py:106} INFO - WRITING REVIEWS STAGING
[2026-06-04T18:35:56.072+0000] {subprocess.py:106} INFO - =================================================
[2026-06-04T18:36:02.258+0000] {subprocess.py:106} INFO - Reviews Staging Written Successfully
[2026-06-04T18:36:02.291+0000] {subprocess.py:106} INFO - 
[2026-06-04T18:36:02.300+0000] {subprocess.py:106} INFO - =================================================
[2026-06-04T18:36:02.307+0000] {subprocess.py:106} INFO - REVIEWS STAGING PIPELINE COMPLETED
[2026-06-04T18:36:02.318+0000] {subprocess.py:106} INFO - =================================================
[2026-06-04T18:36:04.924+0000] {subprocess.py:106} INFO - Final Row Count: 93263
[2026-06-04T18:36:04.962+0000] {subprocess.py:106} INFO - root
[2026-06-04T18:36:04.967+0000] {subprocess.py:106} INFO -  |-- review_id: string (nullable = true)
[2026-06-04T18:36:04.970+0000] {subprocess.py:106} INFO -  |-- order_id: string (nullable = true)
[2026-06-04T18:36:04.975+0000] {subprocess.py:106} INFO -  |-- primary_seller_id: string (nullable = true)
[2026-06-04T18:36:04.983+0000] {subprocess.py:106} INFO -  |-- review_score: integer (nullable = true)
[2026-06-04T18:36:04.986+0000] {subprocess.py:106} INFO -  |-- review_comment_title: string (nullable = true)
[2026-06-04T18:36:04.992+0000] {subprocess.py:106} INFO -  |-- review_comment_message: string (nullable = true)
[2026-06-04T18:36:04.997+0000] {subprocess.py:106} INFO -  |-- review_creation_date: timestamp (nullable = true)
[2026-06-04T18:36:05.002+0000] {subprocess.py:106} INFO -  |-- review_answer_timestamp: timestamp (nullable = true)
[2026-06-04T18:36:05.010+0000] {subprocess.py:106} INFO -  |-- review_response_days: integer (nullable = true)
[2026-06-04T18:36:05.015+0000] {subprocess.py:106} INFO -  |-- sentiment_category: string (nullable = false)
[2026-06-04T18:36:05.020+0000] {subprocess.py:106} INFO -  |-- negative_review_flag: boolean (nullable = false)
[2026-06-04T18:36:05.025+0000] {subprocess.py:106} INFO -  |-- neutral_review_flag: boolean (nullable = false)
[2026-06-04T18:36:05.027+0000] {subprocess.py:106} INFO -  |-- positive_review_flag: boolean (nullable = false)
[2026-06-04T18:36:05.030+0000] {subprocess.py:106} INFO -  |-- delayed_delivery_review_flag: boolean (nullable = false)
[2026-06-04T18:36:05.032+0000] {subprocess.py:106} INFO -  |-- delivery_experience_segment: string (nullable = false)
[2026-06-04T18:36:05.036+0000] {subprocess.py:106} INFO -  |-- order_status: string (nullable = true)
[2026-06-04T18:36:05.040+0000] {subprocess.py:106} INFO -  |-- delivery_duration_days: integer (nullable = true)
[2026-06-04T18:36:05.042+0000] {subprocess.py:106} INFO -  |-- delay_days: integer (nullable = true)
[2026-06-04T18:36:05.044+0000] {subprocess.py:106} INFO -  |-- delivery_status_category: string (nullable = true)
[2026-06-04T18:36:05.046+0000] {subprocess.py:106} INFO -  |-- distance_bucket: string (nullable = true)
[2026-06-04T18:36:05.048+0000] {subprocess.py:106} INFO -  |-- is_multi_seller_order: boolean (nullable = true)
[2026-06-04T18:36:05.050+0000] {subprocess.py:106} INFO -  |-- order_estimated_delivery_date: timestamp (nullable = true)
[2026-06-04T18:36:05.053+0000] {subprocess.py:106} INFO -  |-- order_delivered_customer_date: timestamp (nullable = true)
[2026-06-04T18:36:05.055+0000] {subprocess.py:106} INFO -  |-- silver_loaded_at: timestamp (nullable = false)
[2026-06-04T18:36:05.057+0000] {subprocess.py:106} INFO -  |-- source_system: string (nullable = false)
[2026-06-04T18:36:05.059+0000] {subprocess.py:106} INFO -  |-- transformation_version: string (nullable = false)
[2026-06-04T18:36:05.061+0000] {subprocess.py:106} INFO - 
[2026-06-04T18:36:05.825+0000] {subprocess.py:106} INFO - Execution Time: 32.12 seconds
[2026-06-04T18:36:05.826+0000] {subprocess.py:106} INFO - SUCCESS
[2026-06-04T18:36:05.829+0000] {subprocess.py:106} INFO - 
[2026-06-04T18:36:05.831+0000] {subprocess.py:106} INFO - ======================================================================
[2026-06-04T18:36:05.832+0000] {subprocess.py:106} INFO - RUNNING: transform_sales_staging.py
[2026-06-04T18:36:05.835+0000] {subprocess.py:106} INFO - ======================================================================
[2026-06-04T18:36:05.931+0000] {subprocess.py:106} INFO - Project Root Added: /workspace/project
[2026-06-04T18:36:06.823+0000] {subprocess.py:106} INFO - 
[2026-06-04T18:36:06.831+0000] {subprocess.py:106} INFO - =================================================
[2026-06-04T18:36:06.834+0000] {subprocess.py:106} INFO - LOADING SOURCE DATASETS
[2026-06-04T18:36:06.837+0000] {subprocess.py:106} INFO - =================================================
[2026-06-04T18:36:07.914+0000] {subprocess.py:106} INFO - Order Items Count: 111041
[2026-06-04T18:36:08.079+0000] {subprocess.py:106} INFO - Payments Count: 102445
[2026-06-04T18:36:08.273+0000] {subprocess.py:106} INFO - Orders Count: 98051
[2026-06-04T18:36:08.296+0000] {subprocess.py:106} INFO - 
[2026-06-04T18:36:08.298+0000] {subprocess.py:106} INFO - =================================================
[2026-06-04T18:36:08.301+0000] {subprocess.py:106} INFO - AGGREGATING PAYMENTS
[2026-06-04T18:36:08.303+0000] {subprocess.py:106} INFO - =================================================
[2026-06-04T18:36:09.070+0000] {subprocess.py:106} INFO - Aggregated Payment Orders: 98050
[2026-06-04T18:36:09.079+0000] {subprocess.py:106} INFO - 
[2026-06-04T18:36:09.082+0000] {subprocess.py:106} INFO - Payment Installment Distribution:
[2026-06-04T18:36:09.773+0000] {subprocess.py:106} INFO - +--------------------+-----+
[2026-06-04T18:36:09.796+0000] {subprocess.py:106} INFO - |payment_installments|count|
[2026-06-04T18:36:09.806+0000] {subprocess.py:106} INFO - +--------------------+-----+
[2026-06-04T18:36:09.813+0000] {subprocess.py:106} INFO - |                   1|51825|
[2026-06-04T18:36:09.818+0000] {subprocess.py:106} INFO - |                   2|12235|
[2026-06-04T18:36:09.825+0000] {subprocess.py:106} INFO - |                   3|10298|
[2026-06-04T18:36:09.827+0000] {subprocess.py:106} INFO - |                   4| 6989|
[2026-06-04T18:36:09.830+0000] {subprocess.py:106} INFO - |                   5| 5168|
[2026-06-04T18:36:09.831+0000] {subprocess.py:106} INFO - |                   6| 3881|
[2026-06-04T18:36:09.833+0000] {subprocess.py:106} INFO - |                   7| 1609|
[2026-06-04T18:36:09.835+0000] {subprocess.py:106} INFO - |                   8| 4190|
[2026-06-04T18:36:09.837+0000] {subprocess.py:106} INFO - |                   9|  633|
[2026-06-04T18:36:09.841+0000] {subprocess.py:106} INFO - |                  10| 5279|
[2026-06-04T18:36:09.845+0000] {subprocess.py:106} INFO - |                  11|   23|
[2026-06-04T18:36:09.848+0000] {subprocess.py:106} INFO - |                  12|  131|
[2026-06-04T18:36:09.856+0000] {subprocess.py:106} INFO - |                  13|   16|
[2026-06-04T18:36:09.861+0000] {subprocess.py:106} INFO - |                  14|   15|
[2026-06-04T18:36:09.866+0000] {subprocess.py:106} INFO - |                  15|   74|
[2026-06-04T18:36:09.869+0000] {subprocess.py:106} INFO - |                  16|    5|
[2026-06-04T18:36:09.874+0000] {subprocess.py:106} INFO - |                  17|    8|
[2026-06-04T18:36:09.878+0000] {subprocess.py:106} INFO - |                  18|   26|
[2026-06-04T18:36:09.881+0000] {subprocess.py:106} INFO - |                  20|   17|
[2026-06-04T18:36:09.884+0000] {subprocess.py:106} INFO - |                  21|    3|
[2026-06-04T18:36:09.888+0000] {subprocess.py:106} INFO - |                  22|    1|
[2026-06-04T18:36:09.890+0000] {subprocess.py:106} INFO - |                  23|    1|
[2026-06-04T18:36:09.894+0000] {subprocess.py:106} INFO - |                  24|   18|
[2026-06-04T18:36:09.895+0000] {subprocess.py:106} INFO - +--------------------+-----+
[2026-06-04T18:36:09.897+0000] {subprocess.py:106} INFO - 
[2026-06-04T18:36:09.898+0000] {subprocess.py:106} INFO - 
[2026-06-04T18:36:09.899+0000] {subprocess.py:106} INFO - Aggregated Installment Distribution:
[2026-06-04T18:36:10.861+0000] {subprocess.py:106} INFO - +--------------------------+-----+
[2026-06-04T18:36:10.869+0000] {subprocess.py:106} INFO - |total_payment_installments|count|
[2026-06-04T18:36:10.872+0000] {subprocess.py:106} INFO - +--------------------------+-----+
[2026-06-04T18:36:10.875+0000] {subprocess.py:106} INFO - |                         1|47597|
[2026-06-04T18:36:10.877+0000] {subprocess.py:106} INFO - |                         2|12185|
[2026-06-04T18:36:10.879+0000] {subprocess.py:106} INFO - |                         3|10267|
[2026-06-04T18:36:10.883+0000] {subprocess.py:106} INFO - |                         4| 6961|
[2026-06-04T18:36:10.884+0000] {subprocess.py:106} INFO - |                         5| 5156|
[2026-06-04T18:36:10.888+0000] {subprocess.py:106} INFO - |                         6| 3869|
[2026-06-04T18:36:10.891+0000] {subprocess.py:106} INFO - |                         7| 1605|
[2026-06-04T18:36:10.896+0000] {subprocess.py:106} INFO - |                         8| 4173|
[2026-06-04T18:36:10.900+0000] {subprocess.py:106} INFO - |                         9|  633|
[2026-06-04T18:36:10.906+0000] {subprocess.py:106} INFO - |                        10| 5266|
[2026-06-04T18:36:10.913+0000] {subprocess.py:106} INFO - |                        11|   23|
[2026-06-04T18:36:10.921+0000] {subprocess.py:106} INFO - |                        12|  131|
[2026-06-04T18:36:10.924+0000] {subprocess.py:106} INFO - |                        13|   16|
[2026-06-04T18:36:10.927+0000] {subprocess.py:106} INFO - |                        14|   15|
[2026-06-04T18:36:10.929+0000] {subprocess.py:106} INFO - |                        15|   74|
[2026-06-04T18:36:10.932+0000] {subprocess.py:106} INFO - |                        16|    5|
[2026-06-04T18:36:10.934+0000] {subprocess.py:106} INFO - |                        17|    8|
[2026-06-04T18:36:10.935+0000] {subprocess.py:106} INFO - |                        18|   26|
[2026-06-04T18:36:10.937+0000] {subprocess.py:106} INFO - |                        20|   17|
[2026-06-04T18:36:10.938+0000] {subprocess.py:106} INFO - |                        21|    3|
[2026-06-04T18:36:10.942+0000] {subprocess.py:106} INFO - |                        22|    1|
[2026-06-04T18:36:10.943+0000] {subprocess.py:106} INFO - |                        23|    1|
[2026-06-04T18:36:10.944+0000] {subprocess.py:106} INFO - |                        24|   18|
[2026-06-04T18:36:10.945+0000] {subprocess.py:106} INFO - +--------------------------+-----+
[2026-06-04T18:36:10.947+0000] {subprocess.py:106} INFO - 
[2026-06-04T18:36:10.949+0000] {subprocess.py:106} INFO - 
[2026-06-04T18:36:10.950+0000] {subprocess.py:106} INFO - =================================================
[2026-06-04T18:36:10.952+0000] {subprocess.py:106} INFO - CALCULATING ORDER TOTALS
[2026-06-04T18:36:10.953+0000] {subprocess.py:106} INFO - =================================================
[2026-06-04T18:36:10.971+0000] {subprocess.py:106} INFO - 
[2026-06-04T18:36:10.973+0000] {subprocess.py:106} INFO - =================================================
[2026-06-04T18:36:10.975+0000] {subprocess.py:106} INFO - JOINING PAYMENT INTELLIGENCE
[2026-06-04T18:36:10.977+0000] {subprocess.py:106} INFO - =================================================
[2026-06-04T18:36:10.992+0000] {subprocess.py:106} INFO - 
[2026-06-04T18:36:10.995+0000] {subprocess.py:106} INFO - =================================================
[2026-06-04T18:36:10.998+0000] {subprocess.py:106} INFO - ALLOCATING PAYMENTS
[2026-06-04T18:36:11.001+0000] {subprocess.py:106} INFO - =================================================
[2026-06-04T18:36:11.017+0000] {subprocess.py:106} INFO - 
[2026-06-04T18:36:11.020+0000] {subprocess.py:106} INFO - Sales Staging Installments:
[2026-06-04T18:36:12.846+0000] {subprocess.py:106} INFO - +--------------------------+-----+
[2026-06-04T18:36:12.858+0000] {subprocess.py:106} INFO - |total_payment_installments|count|
[2026-06-04T18:36:12.862+0000] {subprocess.py:106} INFO - +--------------------------+-----+
[2026-06-04T18:36:12.863+0000] {subprocess.py:106} INFO - |                      NULL|    3|
[2026-06-04T18:36:12.868+0000] {subprocess.py:106} INFO - |                         1|53103|
[2026-06-04T18:36:12.876+0000] {subprocess.py:106} INFO - |                         2|13468|
[2026-06-04T18:36:12.884+0000] {subprocess.py:106} INFO - |                         3|11538|
[2026-06-04T18:36:12.897+0000] {subprocess.py:106} INFO - |                         4| 7818|
[2026-06-04T18:36:12.902+0000] {subprocess.py:106} INFO - |                         5| 5914|
[2026-06-04T18:36:12.904+0000] {subprocess.py:106} INFO - |                         6| 4553|
[2026-06-04T18:36:12.909+0000] {subprocess.py:106} INFO - |                         7| 1803|
[2026-06-04T18:36:12.912+0000] {subprocess.py:106} INFO - |                         8| 4941|
[2026-06-04T18:36:12.914+0000] {subprocess.py:106} INFO - |                         9|  712|
[2026-06-04T18:36:12.916+0000] {subprocess.py:106} INFO - |                        10| 6766|
[2026-06-04T18:36:12.920+0000] {subprocess.py:106} INFO - |                        11|   25|
[2026-06-04T18:36:12.924+0000] {subprocess.py:106} INFO - |                        12|  161|
[2026-06-04T18:36:12.927+0000] {subprocess.py:106} INFO - |                        13|   18|
[2026-06-04T18:36:12.929+0000] {subprocess.py:106} INFO - |                        14|   16|
[2026-06-04T18:36:12.931+0000] {subprocess.py:106} INFO - |                        15|   92|
[2026-06-04T18:36:12.933+0000] {subprocess.py:106} INFO - |                        16|    7|
[2026-06-04T18:36:12.937+0000] {subprocess.py:106} INFO - |                        17|    7|
[2026-06-04T18:36:12.942+0000] {subprocess.py:106} INFO - |                        18|   34|
[2026-06-04T18:36:12.946+0000] {subprocess.py:106} INFO - |                        20|   21|
[2026-06-04T18:36:12.948+0000] {subprocess.py:106} INFO - |                        21|    5|
[2026-06-04T18:36:12.951+0000] {subprocess.py:106} INFO - |                        22|    1|
[2026-06-04T18:36:12.956+0000] {subprocess.py:106} INFO - |                        23|    1|
[2026-06-04T18:36:12.960+0000] {subprocess.py:106} INFO - |                        24|   34|
[2026-06-04T18:36:12.963+0000] {subprocess.py:106} INFO - +--------------------------+-----+
[2026-06-04T18:36:12.965+0000] {subprocess.py:106} INFO - 
[2026-06-04T18:36:13.005+0000] {subprocess.py:106} INFO - 
[2026-06-04T18:36:13.008+0000] {subprocess.py:106} INFO - =================================================
[2026-06-04T18:36:13.009+0000] {subprocess.py:106} INFO - FINAL COLUMN SELECTION
[2026-06-04T18:36:13.011+0000] {subprocess.py:106} INFO - =================================================
[2026-06-04T18:36:13.082+0000] {subprocess.py:106} INFO - 
[2026-06-04T18:36:13.084+0000] {subprocess.py:106} INFO - =================================================
[2026-06-04T18:36:13.085+0000] {subprocess.py:106} INFO - RUNNING VALIDATIONS
[2026-06-04T18:36:13.086+0000] {subprocess.py:106} INFO - =================================================
[2026-06-04T18:36:13.088+0000] {subprocess.py:106} INFO - 
[2026-06-04T18:36:13.089+0000] {subprocess.py:106} INFO - =================================================
[2026-06-04T18:36:13.090+0000] {subprocess.py:106} INFO - SALES STAGING VALIDATION
[2026-06-04T18:36:13.091+0000] {subprocess.py:106} INFO - =================================================
[2026-06-04T18:36:13.797+0000] {subprocess.py:106} INFO - 
[2026-06-04T18:36:13.810+0000] {subprocess.py:106} INFO - Final Row Count: 111041
[2026-06-04T18:36:16.326+0000] {subprocess.py:106} INFO - 
[2026-06-04T18:36:16.349+0000] {subprocess.py:106} INFO - Duplicate Sales Grain Violations: 0
[2026-06-04T18:36:16.352+0000] {subprocess.py:106} INFO - 
[2026-06-04T18:36:16.357+0000] {subprocess.py:106} INFO - Critical Null Validation:
[2026-06-04T18:36:16.817+0000] {subprocess.py:106} INFO - order_id: 0 nulls
[2026-06-04T18:36:17.776+0000] {subprocess.py:106} INFO - order_item_id: 0 nulls
[2026-06-04T18:36:18.333+0000] {subprocess.py:106} INFO - seller_id: 0 nulls
[2026-06-04T18:36:19.845+0000] {subprocess.py:106} INFO - gross_item_value: 0 nulls
[2026-06-04T18:36:23.371+0000] {subprocess.py:106} INFO - allocated_payment_value: 3 nulls
[2026-06-04T18:36:25.408+0000] {subprocess.py:106} INFO - item_sales_ratio: 0 nulls
[2026-06-04T18:36:30.691+0000] {subprocess.py:106} INFO - 
[2026-06-04T18:36:30.702+0000] {subprocess.py:106} INFO - Negative Financial Validation:
[2026-06-04T18:36:30.704+0000] {subprocess.py:106} INFO - Negative Prices: 0
[2026-06-04T18:36:30.708+0000] {subprocess.py:106} INFO - Negative Freight Values: 0
[2026-06-04T18:36:30.716+0000] {subprocess.py:106} INFO - Negative Allocated Payments: 0
[2026-06-04T18:36:36.709+0000] {subprocess.py:106} INFO - 
[2026-06-04T18:36:36.726+0000] {subprocess.py:106} INFO - Payment Allocation Mismatches: 9644
[2026-06-04T18:36:38.856+0000] {subprocess.py:106} INFO - 
[2026-06-04T18:36:38.877+0000] {subprocess.py:106} INFO - Invalid Sales Ratios: 0
[2026-06-04T18:36:38.885+0000] {subprocess.py:106} INFO - 
[2026-06-04T18:36:38.890+0000] {subprocess.py:106} INFO - Installment Distribution:
[2026-06-04T18:36:41.786+0000] {subprocess.py:106} INFO - +----------------+-----+
[2026-06-04T18:36:41.795+0000] {subprocess.py:106} INFO - |installment_flag|count|
[2026-06-04T18:36:41.802+0000] {subprocess.py:106} INFO - +----------------+-----+
[2026-06-04T18:36:41.805+0000] {subprocess.py:106} INFO - |true            |57935|
[2026-06-04T18:36:41.808+0000] {subprocess.py:106} INFO - |false           |53106|
[2026-06-04T18:36:41.811+0000] {subprocess.py:106} INFO - +----------------+-----+
[2026-06-04T18:36:41.813+0000] {subprocess.py:106} INFO - 
[2026-06-04T18:36:41.816+0000] {subprocess.py:106} INFO - 
[2026-06-04T18:36:41.819+0000] {subprocess.py:106} INFO - =================================================
[2026-06-04T18:36:41.821+0000] {subprocess.py:106} INFO - ALL VALIDATIONS COMPLETED
[2026-06-04T18:36:41.824+0000] {subprocess.py:106} INFO - =================================================
[2026-06-04T18:36:41.831+0000] {subprocess.py:106} INFO - 
[2026-06-04T18:36:41.837+0000] {subprocess.py:106} INFO - =================================================
[2026-06-04T18:36:41.848+0000] {subprocess.py:106} INFO - WRITING SALES STAGING
[2026-06-04T18:36:41.852+0000] {subprocess.py:106} INFO - =================================================
[2026-06-04T18:36:52.637+0000] {subprocess.py:106} INFO - Sales Staging Written Successfully
[2026-06-04T18:36:52.650+0000] {subprocess.py:106} INFO - 
[2026-06-04T18:36:52.653+0000] {subprocess.py:106} INFO - =================================================
[2026-06-04T18:36:52.655+0000] {subprocess.py:106} INFO - SALES STAGING PIPELINE COMPLETED
[2026-06-04T18:36:52.657+0000] {subprocess.py:106} INFO - =================================================
[2026-06-04T18:36:53.440+0000] {subprocess.py:106} INFO - Final Row Count: 111041
[2026-06-04T18:36:53.466+0000] {subprocess.py:106} INFO - root
[2026-06-04T18:36:53.468+0000] {subprocess.py:106} INFO -  |-- order_id: string (nullable = true)
[2026-06-04T18:36:53.471+0000] {subprocess.py:106} INFO -  |-- customer_id: string (nullable = true)
[2026-06-04T18:36:53.474+0000] {subprocess.py:106} INFO -  |-- order_item_id: string (nullable = true)
[2026-06-04T18:36:53.476+0000] {subprocess.py:106} INFO -  |-- product_id: string (nullable = true)
[2026-06-04T18:36:53.478+0000] {subprocess.py:106} INFO -  |-- seller_id: string (nullable = true)
[2026-06-04T18:36:53.480+0000] {subprocess.py:106} INFO -  |-- order_purchase_timestamp: timestamp (nullable = true)
[2026-06-04T18:36:53.482+0000] {subprocess.py:106} INFO -  |-- shipping_limit_date: timestamp (nullable = true)
[2026-06-04T18:36:53.486+0000] {subprocess.py:106} INFO -  |-- price: decimal(12,2) (nullable = true)
[2026-06-04T18:36:53.490+0000] {subprocess.py:106} INFO -  |-- freight_value: decimal(12,2) (nullable = true)
[2026-06-04T18:36:53.492+0000] {subprocess.py:106} INFO -  |-- gross_item_value: decimal(13,2) (nullable = true)
[2026-06-04T18:36:53.494+0000] {subprocess.py:106} INFO -  |-- total_order_item_value: decimal(23,2) (nullable = true)
[2026-06-04T18:36:53.496+0000] {subprocess.py:106} INFO -  |-- item_sales_ratio: decimal(38,25) (nullable = true)
[2026-06-04T18:36:53.498+0000] {subprocess.py:106} INFO -  |-- total_payment_value: decimal(28,2) (nullable = true)
[2026-06-04T18:36:53.499+0000] {subprocess.py:106} INFO -  |-- allocated_payment_value: decimal(38,6) (nullable = true)
[2026-06-04T18:36:53.500+0000] {subprocess.py:106} INFO -  |-- total_payment_installments: integer (nullable = true)
[2026-06-04T18:36:53.502+0000] {subprocess.py:106} INFO -  |-- installment_flag: boolean (nullable = false)
[2026-06-04T18:36:53.504+0000] {subprocess.py:106} INFO -  |-- high_ticket_order_flag: boolean (nullable = false)
[2026-06-04T18:36:53.507+0000] {subprocess.py:106} INFO -  |-- freight_ratio: decimal(10,4) (nullable = true)
[2026-06-04T18:36:53.509+0000] {subprocess.py:106} INFO -  |-- product_volume_cm3: decimal(18,2) (nullable = true)
[2026-06-04T18:36:53.511+0000] {subprocess.py:106} INFO -  |-- seller_item_count_in_order: integer (nullable = false)
[2026-06-04T18:36:53.512+0000] {subprocess.py:106} INFO -  |-- silver_loaded_at: timestamp (nullable = false)
[2026-06-04T18:36:53.514+0000] {subprocess.py:106} INFO -  |-- source_system: string (nullable = false)
[2026-06-04T18:36:53.515+0000] {subprocess.py:106} INFO -  |-- transformation_version: string (nullable = false)
[2026-06-04T18:36:53.516+0000] {subprocess.py:106} INFO - 
[2026-06-04T18:36:54.167+0000] {subprocess.py:106} INFO - Execution Time: 48.34 seconds
[2026-06-04T18:36:54.169+0000] {subprocess.py:106} INFO - SUCCESS
[2026-06-04T18:36:54.171+0000] {subprocess.py:106} INFO - 
[2026-06-04T18:36:54.173+0000] {subprocess.py:106} INFO - 
[2026-06-04T18:36:54.175+0000] {subprocess.py:106} INFO - ======================================================================
[2026-06-04T18:36:54.176+0000] {subprocess.py:106} INFO - STARTING PERFORMANCE INTELLIGENCE LAYER
[2026-06-04T18:36:54.177+0000] {subprocess.py:106} INFO - ======================================================================
[2026-06-04T18:36:54.179+0000] {subprocess.py:106} INFO - 
[2026-06-04T18:36:54.181+0000] {subprocess.py:106} INFO - ======================================================================
[2026-06-04T18:36:54.183+0000] {subprocess.py:106} INFO - RUNNING: transform_seller_performance_monthly_staging.py
[2026-06-04T18:36:54.184+0000] {subprocess.py:106} INFO - ======================================================================
[2026-06-04T18:36:54.298+0000] {subprocess.py:106} INFO - Project Root Added: /workspace/project
[2026-06-04T18:36:55.041+0000] {subprocess.py:106} INFO - 
[2026-06-04T18:36:55.046+0000] {subprocess.py:106} INFO - =================================================
[2026-06-04T18:36:55.048+0000] {subprocess.py:106} INFO - LOADING STAGING DATASETS
[2026-06-04T18:36:55.049+0000] {subprocess.py:106} INFO - =================================================
[2026-06-04T18:36:55.906+0000] {subprocess.py:106} INFO - Delivery Rows: 98051
[2026-06-04T18:36:56.051+0000] {subprocess.py:106} INFO - Reviews Rows: 93263
[2026-06-04T18:36:56.244+0000] {subprocess.py:106} INFO - Fulfillment Rows: 111041
[2026-06-04T18:36:56.261+0000] {subprocess.py:106} INFO - 
[2026-06-04T18:36:56.263+0000] {subprocess.py:106} INFO - =================================================
[2026-06-04T18:36:56.264+0000] {subprocess.py:106} INFO - AGGREGATING DELIVERY PERFORMANCE
[2026-06-04T18:36:56.267+0000] {subprocess.py:106} INFO - =================================================
[2026-06-04T18:36:56.340+0000] {subprocess.py:106} INFO - 
[2026-06-04T18:36:56.341+0000] {subprocess.py:106} INFO - =================================================
[2026-06-04T18:36:56.344+0000] {subprocess.py:106} INFO - AGGREGATING REVIEW PERFORMANCE
[2026-06-04T18:36:56.346+0000] {subprocess.py:106} INFO - =================================================
[2026-06-04T18:36:56.401+0000] {subprocess.py:106} INFO - 
[2026-06-04T18:36:56.404+0000] {subprocess.py:106} INFO - =================================================
[2026-06-04T18:36:56.408+0000] {subprocess.py:106} INFO - AGGREGATING WORKLOAD PERFORMANCE
[2026-06-04T18:36:56.411+0000] {subprocess.py:106} INFO - =================================================
[2026-06-04T18:36:56.487+0000] {subprocess.py:106} INFO - 
[2026-06-04T18:36:56.490+0000] {subprocess.py:106} INFO - =================================================
[2026-06-04T18:36:56.504+0000] {subprocess.py:106} INFO - JOINING PERFORMANCE DOMAINS
[2026-06-04T18:36:56.507+0000] {subprocess.py:106} INFO - =================================================
[2026-06-04T18:36:56.607+0000] {subprocess.py:106} INFO - 
[2026-06-04T18:36:56.610+0000] {subprocess.py:106} INFO - =================================================
[2026-06-04T18:36:56.612+0000] {subprocess.py:106} INFO - DERIVING TEMPORAL PERFORMANCE METRICS
[2026-06-04T18:36:56.613+0000] {subprocess.py:106} INFO - =================================================
[2026-06-04T18:36:56.736+0000] {subprocess.py:106} INFO - 
[2026-06-04T18:36:56.740+0000] {subprocess.py:106} INFO - =================================================
[2026-06-04T18:36:56.745+0000] {subprocess.py:106} INFO - FINAL COLUMN SELECTION
[2026-06-04T18:36:56.748+0000] {subprocess.py:106} INFO - =================================================
[2026-06-04T18:36:56.783+0000] {subprocess.py:106} INFO - 
[2026-06-04T18:36:56.785+0000] {subprocess.py:106} INFO - =================================================
[2026-06-04T18:36:56.787+0000] {subprocess.py:106} INFO - RUNNING VALIDATIONS
[2026-06-04T18:36:56.788+0000] {subprocess.py:106} INFO - =================================================
[2026-06-04T18:36:56.793+0000] {subprocess.py:106} INFO - 
[2026-06-04T18:36:56.795+0000] {subprocess.py:106} INFO - =================================================
[2026-06-04T18:36:56.796+0000] {subprocess.py:106} INFO - SELLER PERFORMANCE MONTHLY VALIDATION
[2026-06-04T18:36:56.797+0000] {subprocess.py:106} INFO - =================================================
[2026-06-04T18:36:58.240+0000] {subprocess.py:106} INFO - 
[2026-06-04T18:36:58.259+0000] {subprocess.py:106} INFO - Final Row Count: 16169
[2026-06-04T18:36:59.286+0000] {subprocess.py:106} INFO - 
[2026-06-04T18:36:59.301+0000] {subprocess.py:106} INFO - Temporal Grain Violations: 0
[2026-06-04T18:36:59.304+0000] {subprocess.py:106} INFO - 
[2026-06-04T18:36:59.309+0000] {subprocess.py:106} INFO - Critical Null Validation:
[2026-06-04T18:36:59.602+0000] {subprocess.py:106} INFO - seller_id: 0 nulls
[2026-06-04T18:36:59.806+0000] {subprocess.py:106} INFO - performance_year: 0 nulls
[2026-06-04T18:37:00.136+0000] {subprocess.py:106} INFO - performance_month: 0 nulls
[2026-06-04T18:37:00.251+0000] {subprocess.py:106} INFO - monthly_orders: 0 nulls
[2026-06-04T18:37:01.249+0000] {subprocess.py:106} INFO - on_time_rate: 0 nulls
[2026-06-04T18:37:01.340+0000] {subprocess.py:106} INFO - seller_performance_category: 0 nulls
[2026-06-04T18:37:04.760+0000] {subprocess.py:106} INFO - 
[2026-06-04T18:37:04.790+0000] {subprocess.py:106} INFO - Performance Range Validation:
[2026-06-04T18:37:04.795+0000] {subprocess.py:106} INFO - Invalid On-Time Rates: 0
[2026-06-04T18:37:04.798+0000] {subprocess.py:106} INFO - Invalid Review Scores: 0
[2026-06-04T18:37:07.310+0000] {subprocess.py:106} INFO - 
[2026-06-04T18:37:07.363+0000] {subprocess.py:106} INFO - Extreme Growth Rates (>1000%): 45
[2026-06-04T18:37:07.377+0000] {subprocess.py:106} INFO - 
[2026-06-04T18:37:07.379+0000] {subprocess.py:106} INFO - Performance Category Distribution:
[2026-06-04T18:37:09.681+0000] {subprocess.py:106} INFO - +---------------------------+-----+
[2026-06-04T18:37:09.691+0000] {subprocess.py:106} INFO - |seller_performance_category|count|
[2026-06-04T18:37:09.693+0000] {subprocess.py:106} INFO - +---------------------------+-----+
[2026-06-04T18:37:09.696+0000] {subprocess.py:106} INFO - |Top Performer              |4546 |
[2026-06-04T18:37:09.698+0000] {subprocess.py:106} INFO - |At Risk                    |778  |
[2026-06-04T18:37:09.700+0000] {subprocess.py:106} INFO - |Stable                     |7775 |
[2026-06-04T18:37:09.701+0000] {subprocess.py:106} INFO - |New Seller                 |3070 |
[2026-06-04T18:37:09.703+0000] {subprocess.py:106} INFO - +---------------------------+-----+
[2026-06-04T18:37:09.704+0000] {subprocess.py:106} INFO - 
[2026-06-04T18:37:09.706+0000] {subprocess.py:106} INFO - 
[2026-06-04T18:37:09.708+0000] {subprocess.py:106} INFO - Growth Category Distribution:
[2026-06-04T18:37:09.709+0000] {subprocess.py:106} INFO - 
[2026-06-04T18:37:09.711+0000] {subprocess.py:106} INFO - Performance Category Distribution:
[2026-06-04T18:37:11.611+0000] {subprocess.py:106} INFO - +----------------------+-----+
[2026-06-04T18:37:11.622+0000] {subprocess.py:106} INFO - |seller_growth_category|count|
[2026-06-04T18:37:11.628+0000] {subprocess.py:106} INFO - +----------------------+-----+
[2026-06-04T18:37:11.634+0000] {subprocess.py:106} INFO - |High Growth           |4086 |
[2026-06-04T18:37:11.641+0000] {subprocess.py:106} INFO - |Moderate Growth       |1022 |
[2026-06-04T18:37:11.645+0000] {subprocess.py:106} INFO - |Declining             |4871 |
[2026-06-04T18:37:11.648+0000] {subprocess.py:106} INFO - |Stable                |3120 |
[2026-06-04T18:37:11.652+0000] {subprocess.py:106} INFO - |New Seller            |3070 |
[2026-06-04T18:37:11.657+0000] {subprocess.py:106} INFO - +----------------------+-----+
[2026-06-04T18:37:11.661+0000] {subprocess.py:106} INFO - 
[2026-06-04T18:37:11.665+0000] {subprocess.py:106} INFO - 
[2026-06-04T18:37:11.667+0000] {subprocess.py:106} INFO - =================================================
[2026-06-04T18:37:11.670+0000] {subprocess.py:106} INFO - ALL VALIDATIONS COMPLETED
[2026-06-04T18:37:11.705+0000] {subprocess.py:106} INFO - =================================================
[2026-06-04T18:37:11.710+0000] {subprocess.py:106} INFO - 
[2026-06-04T18:37:11.714+0000] {subprocess.py:106} INFO - =================================================
[2026-06-04T18:37:11.718+0000] {subprocess.py:106} INFO - WRITING SELLER PERFORMANCE MONTHLY STAGING
[2026-06-04T18:37:11.720+0000] {subprocess.py:106} INFO - =================================================
[2026-06-04T18:37:17.127+0000] {subprocess.py:106} INFO - Seller Performance Monthly Staging Written Successfully
[2026-06-04T18:37:17.149+0000] {subprocess.py:106} INFO - 
[2026-06-04T18:37:17.156+0000] {subprocess.py:106} INFO - =================================================
[2026-06-04T18:37:17.161+0000] {subprocess.py:106} INFO - SELLER PERFORMANCE MONTHLY STAGING COMPLETED
[2026-06-04T18:37:17.165+0000] {subprocess.py:106} INFO - =================================================
[2026-06-04T18:37:18.350+0000] {subprocess.py:106} INFO - Final Row Count: 16169
[2026-06-04T18:37:18.358+0000] {subprocess.py:106} INFO - root
[2026-06-04T18:37:18.361+0000] {subprocess.py:106} INFO -  |-- seller_id: string (nullable = true)
[2026-06-04T18:37:18.370+0000] {subprocess.py:106} INFO -  |-- performance_year: integer (nullable = true)
[2026-06-04T18:37:18.375+0000] {subprocess.py:106} INFO -  |-- performance_month: integer (nullable = true)
[2026-06-04T18:37:18.379+0000] {subprocess.py:106} INFO -  |-- monthly_orders: long (nullable = false)
[2026-06-04T18:37:18.382+0000] {subprocess.py:106} INFO -  |-- avg_shipping_days: double (nullable = true)
[2026-06-04T18:37:18.385+0000] {subprocess.py:106} INFO -  |-- on_time_rate: double (nullable = true)
[2026-06-04T18:37:18.387+0000] {subprocess.py:106} INFO -  |-- avg_delay_days: double (nullable = true)
[2026-06-04T18:37:18.389+0000] {subprocess.py:106} INFO -  |-- delayed_orders_count: long (nullable = true)
[2026-06-04T18:37:18.395+0000] {subprocess.py:106} INFO -  |-- avg_review_score: double (nullable = true)
[2026-06-04T18:37:18.400+0000] {subprocess.py:106} INFO -  |-- negative_review_rate: double (nullable = true)
[2026-06-04T18:37:18.402+0000] {subprocess.py:106} INFO -  |-- monthly_review_count: long (nullable = true)
[2026-06-04T18:37:18.403+0000] {subprocess.py:106} INFO -  |-- avg_monthly_workload: double (nullable = true)
[2026-06-04T18:37:18.405+0000] {subprocess.py:106} INFO -  |-- avg_freight_ratio: decimal(11,4) (nullable = true)
[2026-06-04T18:37:18.407+0000] {subprocess.py:106} INFO -  |-- avg_product_volume_cm3: decimal(19,2) (nullable = true)
[2026-06-04T18:37:18.410+0000] {subprocess.py:106} INFO -  |-- previous_month_orders: long (nullable = true)
[2026-06-04T18:37:18.413+0000] {subprocess.py:106} INFO -  |-- is_new_seller_month: boolean (nullable = false)
[2026-06-04T18:37:18.415+0000] {subprocess.py:106} INFO -  |-- volume_growth_rate: double (nullable = true)
[2026-06-04T18:37:18.421+0000] {subprocess.py:106} INFO -  |-- seller_growth_category: string (nullable = false)
[2026-06-04T18:37:18.423+0000] {subprocess.py:106} INFO -  |-- seller_performance_category: string (nullable = false)
[2026-06-04T18:37:18.426+0000] {subprocess.py:106} INFO -  |-- silver_loaded_at: timestamp (nullable = false)
[2026-06-04T18:37:18.428+0000] {subprocess.py:106} INFO -  |-- source_system: string (nullable = false)
[2026-06-04T18:37:18.429+0000] {subprocess.py:106} INFO -  |-- transformation_version: string (nullable = false)
[2026-06-04T18:37:18.430+0000] {subprocess.py:106} INFO - 
[2026-06-04T18:37:18.664+0000] {subprocess.py:106} INFO - Execution Time: 24.5 seconds
[2026-06-04T18:37:18.666+0000] {subprocess.py:106} INFO - SUCCESS
[2026-06-04T18:37:18.668+0000] {subprocess.py:106} INFO - 
[2026-06-04T18:37:18.672+0000] {subprocess.py:106} INFO - 
[2026-06-04T18:37:18.674+0000] {subprocess.py:106} INFO - ======================================================================
[2026-06-04T18:37:18.676+0000] {subprocess.py:106} INFO - SILVER PIPELINE COMPLETED
[2026-06-04T18:37:18.677+0000] {subprocess.py:106} INFO - ======================================================================
[2026-06-04T18:37:18.679+0000] {subprocess.py:106} INFO - Total Runtime: 729.94 seconds
[2026-06-04T18:37:18.680+0000] {subprocess.py:106} INFO - ======================================================================
[2026-06-04T18:37:19.077+0000] {subprocess.py:106} INFO - Silver Pipeline completed successfully (733.85 sec)
[2026-06-04T18:37:19.081+0000] {subprocess.py:106} INFO - 
[2026-06-04T18:37:19.084+0000] {subprocess.py:106} INFO - 
[2026-06-04T18:37:19.090+0000] {subprocess.py:106} INFO - ================================================================================
[2026-06-04T18:37:19.092+0000] {subprocess.py:106} INFO - STARTING GOLD PIPELINE
[2026-06-04T18:37:19.094+0000] {subprocess.py:106} INFO - ================================================================================
[2026-06-04T18:37:21.703+0000] {subprocess.py:106} INFO - 
[2026-06-04T18:37:21.708+0000] {subprocess.py:106} INFO - 
[2026-06-04T18:37:21.711+0000] {subprocess.py:106} INFO - ======================================================================
[2026-06-04T18:37:21.713+0000] {subprocess.py:106} INFO - STARTING GOLD PIPELINE
[2026-06-04T18:37:21.715+0000] {subprocess.py:106} INFO - ======================================================================
[2026-06-04T18:37:21.716+0000] {subprocess.py:106} INFO - Environment: minio
[2026-06-04T18:37:21.717+0000] {subprocess.py:106} INFO - Project Root: /workspace/project
[2026-06-04T18:37:21.719+0000] {subprocess.py:106} INFO - 
[2026-06-04T18:37:21.721+0000] {subprocess.py:106} INFO - 
[2026-06-04T18:37:21.723+0000] {subprocess.py:106} INFO - ======================================================================
[2026-06-04T18:37:21.725+0000] {subprocess.py:106} INFO - STARTING DIMENSIONS
[2026-06-04T18:37:21.728+0000] {subprocess.py:106} INFO - ======================================================================
[2026-06-04T18:37:21.729+0000] {subprocess.py:106} INFO - 
[2026-06-04T18:37:21.731+0000] {subprocess.py:106} INFO - ======================================================================
[2026-06-04T18:37:21.732+0000] {subprocess.py:106} INFO - RUNNING: build_dim_date.py
[2026-06-04T18:37:21.732+0000] {subprocess.py:106} INFO - ======================================================================
[2026-06-04T18:37:21.753+0000] {subprocess.py:106} INFO - Project Root Added: /workspace/project
[2026-06-04T18:37:22.230+0000] {subprocess.py:106} INFO - 26/06/04 18:37:22 INFO SparkContext: Running Spark version 3.5.3
[2026-06-04T18:37:22.233+0000] {subprocess.py:106} INFO - 26/06/04 18:37:22 INFO SparkContext: OS info Linux, 6.5.11-linuxkit, aarch64
[2026-06-04T18:37:22.234+0000] {subprocess.py:106} INFO - 26/06/04 18:37:22 INFO SparkContext: Java version 11.0.24
[2026-06-04T18:37:22.299+0000] {subprocess.py:106} INFO - 26/06/04 18:37:22 WARN NativeCodeLoader: Unable to load native-hadoop library for your platform... using builtin-java classes where applicable
[2026-06-04T18:37:22.387+0000] {subprocess.py:106} INFO - 26/06/04 18:37:22 INFO ResourceUtils: ==============================================================
[2026-06-04T18:37:22.388+0000] {subprocess.py:106} INFO - 26/06/04 18:37:22 INFO ResourceUtils: No custom resources configured for spark.driver.
[2026-06-04T18:37:22.389+0000] {subprocess.py:106} INFO - 26/06/04 18:37:22 INFO ResourceUtils: ==============================================================
[2026-06-04T18:37:22.391+0000] {subprocess.py:106} INFO - 26/06/04 18:37:22 INFO SparkContext: Submitted application: BuildDimDate
[2026-06-04T18:37:22.410+0000] {subprocess.py:106} INFO - 26/06/04 18:37:22 INFO ResourceProfile: Default ResourceProfile created, executor resources: Map(cores -> name: cores, amount: 1, script: , vendor: , memory -> name: memory, amount: 1024, script: , vendor: , offHeap -> name: offHeap, amount: 0, script: , vendor: ), task resources: Map(cpus -> name: cpus, amount: 1.0)
[2026-06-04T18:37:22.420+0000] {subprocess.py:106} INFO - 26/06/04 18:37:22 INFO ResourceProfile: Limiting resource is cpu
[2026-06-04T18:37:22.423+0000] {subprocess.py:106} INFO - 26/06/04 18:37:22 INFO ResourceProfileManager: Added ResourceProfile id: 0
[2026-06-04T18:37:22.490+0000] {subprocess.py:106} INFO - 26/06/04 18:37:22 INFO SecurityManager: Changing view acls to: spark
[2026-06-04T18:37:22.493+0000] {subprocess.py:106} INFO - 26/06/04 18:37:22 INFO SecurityManager: Changing modify acls to: spark
[2026-06-04T18:37:22.495+0000] {subprocess.py:106} INFO - 26/06/04 18:37:22 INFO SecurityManager: Changing view acls groups to:
[2026-06-04T18:37:22.497+0000] {subprocess.py:106} INFO - 26/06/04 18:37:22 INFO SecurityManager: Changing modify acls groups to:
[2026-06-04T18:37:22.500+0000] {subprocess.py:106} INFO - 26/06/04 18:37:22 INFO SecurityManager: SecurityManager: authentication disabled; ui acls disabled; users with view permissions: spark; groups with view permissions: EMPTY; users with modify permissions: spark; groups with modify permissions: EMPTY
[2026-06-04T18:37:22.863+0000] {subprocess.py:106} INFO - 26/06/04 18:37:22 INFO Utils: Successfully started service 'sparkDriver' on port 43755.
[2026-06-04T18:37:22.950+0000] {subprocess.py:106} INFO - 26/06/04 18:37:22 INFO SparkEnv: Registering MapOutputTracker
[2026-06-04T18:37:22.980+0000] {subprocess.py:106} INFO - 26/06/04 18:37:22 INFO SparkEnv: Registering BlockManagerMaster
[2026-06-04T18:37:23.008+0000] {subprocess.py:106} INFO - 26/06/04 18:37:23 INFO BlockManagerMasterEndpoint: Using org.apache.spark.storage.DefaultTopologyMapper for getting topology information
[2026-06-04T18:37:23.010+0000] {subprocess.py:106} INFO - 26/06/04 18:37:23 INFO BlockManagerMasterEndpoint: BlockManagerMasterEndpoint up
[2026-06-04T18:37:23.013+0000] {subprocess.py:106} INFO - 26/06/04 18:37:23 INFO SparkEnv: Registering BlockManagerMasterHeartbeat
[2026-06-04T18:37:23.042+0000] {subprocess.py:106} INFO - 26/06/04 18:37:23 INFO DiskBlockManager: Created local directory at /tmp/blockmgr-4c0c23cc-a656-40c0-9231-ee16bee3f8d1
[2026-06-04T18:37:23.057+0000] {subprocess.py:106} INFO - 26/06/04 18:37:23 INFO MemoryStore: MemoryStore started with capacity 434.4 MiB
[2026-06-04T18:37:23.088+0000] {subprocess.py:106} INFO - 26/06/04 18:37:23 INFO SparkEnv: Registering OutputCommitCoordinator
[2026-06-04T18:37:23.236+0000] {subprocess.py:106} INFO - 26/06/04 18:37:23 INFO JettyUtils: Start Jetty 0.0.0.0:4040 for SparkUI
[2026-06-04T18:37:23.289+0000] {subprocess.py:106} INFO - 26/06/04 18:37:23 INFO Utils: Successfully started service 'SparkUI' on port 4040.
[2026-06-04T18:37:23.365+0000] {subprocess.py:106} INFO - 26/06/04 18:37:23 INFO Executor: Starting executor ID driver on host spark-master
[2026-06-04T18:37:23.366+0000] {subprocess.py:106} INFO - 26/06/04 18:37:23 INFO Executor: OS info Linux, 6.5.11-linuxkit, aarch64
[2026-06-04T18:37:23.367+0000] {subprocess.py:106} INFO - 26/06/04 18:37:23 INFO Executor: Java version 11.0.24
[2026-06-04T18:37:23.371+0000] {subprocess.py:106} INFO - 26/06/04 18:37:23 INFO Executor: Starting executor with user classpath (userClassPathFirst = false): ''
[2026-06-04T18:37:23.373+0000] {subprocess.py:106} INFO - 26/06/04 18:37:23 INFO Executor: Created or updated repl class loader org.apache.spark.util.MutableURLClassLoader@7c0dbf61 for default.
[2026-06-04T18:37:23.394+0000] {subprocess.py:106} INFO - 26/06/04 18:37:23 INFO Utils: Successfully started service 'org.apache.spark.network.netty.NettyBlockTransferService' on port 45081.
[2026-06-04T18:37:23.396+0000] {subprocess.py:106} INFO - 26/06/04 18:37:23 INFO NettyBlockTransferService: Server created on spark-master:45081
[2026-06-04T18:37:23.397+0000] {subprocess.py:106} INFO - 26/06/04 18:37:23 INFO BlockManager: Using org.apache.spark.storage.RandomBlockReplicationPolicy for block replication policy
[2026-06-04T18:37:23.407+0000] {subprocess.py:106} INFO - 26/06/04 18:37:23 INFO BlockManagerMaster: Registering BlockManager BlockManagerId(driver, spark-master, 45081, None)
[2026-06-04T18:37:23.411+0000] {subprocess.py:106} INFO - 26/06/04 18:37:23 INFO BlockManagerMasterEndpoint: Registering block manager spark-master:45081 with 434.4 MiB RAM, BlockManagerId(driver, spark-master, 45081, None)
[2026-06-04T18:37:23.417+0000] {subprocess.py:106} INFO - 26/06/04 18:37:23 INFO BlockManagerMaster: Registered BlockManager BlockManagerId(driver, spark-master, 45081, None)
[2026-06-04T18:37:23.419+0000] {subprocess.py:106} INFO - 26/06/04 18:37:23 INFO BlockManager: Initialized BlockManager: BlockManagerId(driver, spark-master, 45081, None)
[2026-06-04T18:37:26.507+0000] {subprocess.py:106} INFO - 
[2026-06-04T18:37:26.516+0000] {subprocess.py:106} INFO - =================================================
[2026-06-04T18:37:26.519+0000] {subprocess.py:106} INFO - DIM DATE VALIDATION
[2026-06-04T18:37:26.523+0000] {subprocess.py:106} INFO - =================================================
[2026-06-04T18:37:29.102+0000] {subprocess.py:106} INFO - 
[2026-06-04T18:37:29.110+0000] {subprocess.py:106} INFO - Final Row Count: 2192
[2026-06-04T18:37:30.569+0000] {subprocess.py:106} INFO - 
[2026-06-04T18:37:30.613+0000] {subprocess.py:106} INFO - Duplicate date_sk Count: 0
[2026-06-04T18:37:30.619+0000] {subprocess.py:106} INFO - PASSED: date_sk uniqueness validation
[2026-06-04T18:37:31.306+0000] {subprocess.py:106} INFO - 
[2026-06-04T18:37:31.309+0000] {subprocess.py:106} INFO - Duplicate full_date Count: 0
[2026-06-04T18:37:31.313+0000] {subprocess.py:106} INFO - PASSED: full_date uniqueness validation
[2026-06-04T18:37:31.316+0000] {subprocess.py:106} INFO - 
[2026-06-04T18:37:31.320+0000] {subprocess.py:106} INFO - Critical Null Validation:
[2026-06-04T18:37:31.558+0000] {subprocess.py:106} INFO - date_sk: 0 nulls
[2026-06-04T18:37:31.970+0000] {subprocess.py:106} INFO - full_date: 0 nulls
[2026-06-04T18:37:32.155+0000] {subprocess.py:106} INFO - year: 0 nulls
[2026-06-04T18:37:32.321+0000] {subprocess.py:106} INFO - month: 0 nulls
[2026-06-04T18:37:32.598+0000] {subprocess.py:106} INFO - day: 0 nulls
[2026-06-04T18:37:32.823+0000] {subprocess.py:106} INFO - day_name: 0 nulls
[2026-06-04T18:37:33.122+0000] {subprocess.py:106} INFO - month_name: 0 nulls
[2026-06-04T18:37:33.130+0000] {subprocess.py:106} INFO - PASSED: critical null validation
[2026-06-04T18:37:33.919+0000] {subprocess.py:106} INFO - 
[2026-06-04T18:37:33.923+0000] {subprocess.py:106} INFO - Date Range Validation:
[2026-06-04T18:37:33.926+0000] {subprocess.py:106} INFO - Minimum Date: 2015-01-01
[2026-06-04T18:37:33.930+0000] {subprocess.py:106} INFO - Maximum Date: 2020-12-31
[2026-06-04T18:37:34.349+0000] {subprocess.py:106} INFO - 
[2026-06-04T18:37:34.353+0000] {subprocess.py:106} INFO - Date Continuity Validation:
[2026-06-04T18:37:34.358+0000] {subprocess.py:106} INFO - Expected Days: 2192
[2026-06-04T18:37:34.360+0000] {subprocess.py:106} INFO - Actual Days: 2192
[2026-06-04T18:37:34.363+0000] {subprocess.py:106} INFO - PASSED: date continuity validation
[2026-06-04T18:37:34.529+0000] {subprocess.py:106} INFO - 
[2026-06-04T18:37:34.532+0000] {subprocess.py:106} INFO - Invalid Weekend Flags: 0
[2026-06-04T18:37:34.534+0000] {subprocess.py:106} INFO - PASSED: weekend validation
[2026-06-04T18:37:34.713+0000] {subprocess.py:106} INFO - 
[2026-06-04T18:37:34.716+0000] {subprocess.py:106} INFO - Invalid Business Day Flags: 0
[2026-06-04T18:37:34.719+0000] {subprocess.py:106} INFO - PASSED: business day validation
[2026-06-04T18:37:35.120+0000] {subprocess.py:106} INFO - 
[2026-06-04T18:37:35.123+0000] {subprocess.py:106} INFO - Month Logic Validation:
[2026-06-04T18:37:35.125+0000] {subprocess.py:106} INFO - Invalid Months: 0
[2026-06-04T18:37:35.129+0000] {subprocess.py:106} INFO - Invalid Quarters: 0
[2026-06-04T18:37:35.131+0000] {subprocess.py:106} INFO - PASSED: month and quarter validation
[2026-06-04T18:37:35.133+0000] {subprocess.py:106} INFO - 
[2026-06-04T18:37:35.135+0000] {subprocess.py:106} INFO - =================================================
[2026-06-04T18:37:35.137+0000] {subprocess.py:106} INFO - ALL VALIDATIONS COMPLETED SUCCESSFULLY
[2026-06-04T18:37:35.139+0000] {subprocess.py:106} INFO - =================================================
[2026-06-04T18:37:35.140+0000] {subprocess.py:106} INFO - 
[2026-06-04T18:37:35.143+0000] {subprocess.py:106} INFO - =================================================
[2026-06-04T18:37:35.145+0000] {subprocess.py:106} INFO - DIM DATE PREVIEW
[2026-06-04T18:37:35.150+0000] {subprocess.py:106} INFO - =================================================
[2026-06-04T18:37:35.971+0000] {subprocess.py:106} INFO - +--------+----------+----+-------+-----+---------+----------+----------+------------+---+-----------+---------+------------+----------+---------------+--------------+------------+----------------+--------------+-------------+-----------+-------------------------+-------------+----------------------+
[2026-06-04T18:37:35.973+0000] {subprocess.py:106} INFO - |date_sk |full_date |year|quarter|month|month_key|month_name|year_month|week_of_year|day|day_of_year|day_name |day_type    |is_weekend|is_business_day|is_month_start|is_month_end|is_quarter_start|is_quarter_end|is_year_start|is_year_end|gold_loaded_at           |source_system|transformation_version|
[2026-06-04T18:37:35.975+0000] {subprocess.py:106} INFO - +--------+----------+----+-------+-----+---------+----------+----------+------------+---+-----------+---------+------------+----------+---------------+--------------+------------+----------------+--------------+-------------+-----------+-------------------------+-------------+----------------------+
[2026-06-04T18:37:35.976+0000] {subprocess.py:106} INFO - |20150101|2015-01-01|2015|1      |1    |01       |January   |2015-01   |0           |1  |1          |Thursday |Business Day|false     |true           |true          |false       |true            |false         |true         |false      |2026-06-04 18:37:35.15473|OLIST        |1.0                   |
[2026-06-04T18:37:35.978+0000] {subprocess.py:106} INFO - |20150102|2015-01-02|2015|1      |1    |01       |January   |2015-01   |0           |2  |2          |Friday   |Business Day|false     |true           |false         |false       |false           |false         |false        |false      |2026-06-04 18:37:35.15473|OLIST        |1.0                   |
[2026-06-04T18:37:35.980+0000] {subprocess.py:106} INFO - |20150103|2015-01-03|2015|1      |1    |01       |January   |2015-01   |0           |3  |3          |Saturday |Weekend     |true      |false          |false         |false       |false           |false         |false        |false      |2026-06-04 18:37:35.15473|OLIST        |1.0                   |
[2026-06-04T18:37:35.983+0000] {subprocess.py:106} INFO - |20150104|2015-01-04|2015|1      |1    |01       |January   |2015-01   |1           |4  |4          |Sunday   |Weekend     |true      |false          |false         |false       |false           |false         |false        |false      |2026-06-04 18:37:35.15473|OLIST        |1.0                   |
[2026-06-04T18:37:35.987+0000] {subprocess.py:106} INFO - |20150105|2015-01-05|2015|1      |1    |01       |January   |2015-01   |1           |5  |5          |Monday   |Business Day|false     |true           |false         |false       |false           |false         |false        |false      |2026-06-04 18:37:35.15473|OLIST        |1.0                   |
[2026-06-04T18:37:35.991+0000] {subprocess.py:106} INFO - |20150106|2015-01-06|2015|1      |1    |01       |January   |2015-01   |1           |6  |6          |Tuesday  |Business Day|false     |true           |false         |false       |false           |false         |false        |false      |2026-06-04 18:37:35.15473|OLIST        |1.0                   |
[2026-06-04T18:37:35.995+0000] {subprocess.py:106} INFO - |20150107|2015-01-07|2015|1      |1    |01       |January   |2015-01   |1           |7  |7          |Wednesday|Business Day|false     |true           |false         |false       |false           |false         |false        |false      |2026-06-04 18:37:35.15473|OLIST        |1.0                   |
[2026-06-04T18:37:35.997+0000] {subprocess.py:106} INFO - |20150108|2015-01-08|2015|1      |1    |01       |January   |2015-01   |1           |8  |8          |Thursday |Business Day|false     |true           |false         |false       |false           |false         |false        |false      |2026-06-04 18:37:35.15473|OLIST        |1.0                   |
[2026-06-04T18:37:36.002+0000] {subprocess.py:106} INFO - |20150109|2015-01-09|2015|1      |1    |01       |January   |2015-01   |1           |9  |9          |Friday   |Business Day|false     |true           |false         |false       |false           |false         |false        |false      |2026-06-04 18:37:35.15473|OLIST        |1.0                   |
[2026-06-04T18:37:36.005+0000] {subprocess.py:106} INFO - |20150110|2015-01-10|2015|1      |1    |01       |January   |2015-01   |1           |10 |10         |Saturday |Weekend     |true      |false          |false         |false       |false           |false         |false        |false      |2026-06-04 18:37:35.15473|OLIST        |1.0                   |
[2026-06-04T18:37:36.009+0000] {subprocess.py:106} INFO - +--------+----------+----+-------+-----+---------+----------+----------+------------+---+-----------+---------+------------+----------+---------------+--------------+------------+----------------+--------------+-------------+-----------+-------------------------+-------------+----------------------+
[2026-06-04T18:37:36.014+0000] {subprocess.py:106} INFO - only showing top 10 rows
[2026-06-04T18:37:36.020+0000] {subprocess.py:106} INFO - 
[2026-06-04T18:37:36.024+0000] {subprocess.py:106} INFO - root
[2026-06-04T18:37:36.026+0000] {subprocess.py:106} INFO -  |-- date_sk: integer (nullable = true)
[2026-06-04T18:37:36.029+0000] {subprocess.py:106} INFO -  |-- full_date: date (nullable = true)
[2026-06-04T18:37:36.032+0000] {subprocess.py:106} INFO -  |-- year: integer (nullable = true)
[2026-06-04T18:37:36.034+0000] {subprocess.py:106} INFO -  |-- quarter: integer (nullable = true)
[2026-06-04T18:37:36.037+0000] {subprocess.py:106} INFO -  |-- month: integer (nullable = true)
[2026-06-04T18:37:36.039+0000] {subprocess.py:106} INFO -  |-- month_key: string (nullable = true)
[2026-06-04T18:37:36.042+0000] {subprocess.py:106} INFO -  |-- month_name: string (nullable = true)
[2026-06-04T18:37:36.044+0000] {subprocess.py:106} INFO -  |-- year_month: string (nullable = true)
[2026-06-04T18:37:36.046+0000] {subprocess.py:106} INFO -  |-- week_of_year: integer (nullable = true)
[2026-06-04T18:37:36.049+0000] {subprocess.py:106} INFO -  |-- day: integer (nullable = true)
[2026-06-04T18:37:36.053+0000] {subprocess.py:106} INFO -  |-- day_of_year: integer (nullable = true)
[2026-06-04T18:37:36.054+0000] {subprocess.py:106} INFO -  |-- day_name: string (nullable = true)
[2026-06-04T18:37:36.055+0000] {subprocess.py:106} INFO -  |-- day_type: string (nullable = true)
[2026-06-04T18:37:36.056+0000] {subprocess.py:106} INFO -  |-- is_weekend: boolean (nullable = true)
[2026-06-04T18:37:36.057+0000] {subprocess.py:106} INFO -  |-- is_business_day: boolean (nullable = true)
[2026-06-04T18:37:36.060+0000] {subprocess.py:106} INFO -  |-- is_month_start: boolean (nullable = true)
[2026-06-04T18:37:36.062+0000] {subprocess.py:106} INFO -  |-- is_month_end: boolean (nullable = true)
[2026-06-04T18:37:36.063+0000] {subprocess.py:106} INFO -  |-- is_quarter_start: boolean (nullable = true)
[2026-06-04T18:37:36.066+0000] {subprocess.py:106} INFO -  |-- is_quarter_end: boolean (nullable = true)
[2026-06-04T18:37:36.068+0000] {subprocess.py:106} INFO -  |-- is_year_start: boolean (nullable = true)
[2026-06-04T18:37:36.069+0000] {subprocess.py:106} INFO -  |-- is_year_end: boolean (nullable = true)
[2026-06-04T18:37:36.070+0000] {subprocess.py:106} INFO -  |-- gold_loaded_at: timestamp (nullable = false)
[2026-06-04T18:37:36.072+0000] {subprocess.py:106} INFO -  |-- source_system: string (nullable = false)
[2026-06-04T18:37:36.073+0000] {subprocess.py:106} INFO -  |-- transformation_version: string (nullable = false)
[2026-06-04T18:37:36.074+0000] {subprocess.py:106} INFO - 
[2026-06-04T18:37:36.075+0000] {subprocess.py:106} INFO - 
[2026-06-04T18:37:36.077+0000] {subprocess.py:106} INFO - =================================================
[2026-06-04T18:37:36.077+0000] {subprocess.py:106} INFO - WRITING DIM DATE
[2026-06-04T18:37:36.079+0000] {subprocess.py:106} INFO - =================================================
[2026-06-04T18:37:36.296+0000] {subprocess.py:106} INFO - 26/06/04 18:37:36 WARN MetricsConfig: Cannot locate configuration: tried hadoop-metrics2-s3a-file-system.properties,hadoop-metrics2.properties
[2026-06-04T18:37:40.890+0000] {subprocess.py:106} INFO - Dim Date Written To: s3a://gold/dim_date/
[2026-06-04T18:37:40.906+0000] {subprocess.py:106} INFO - 
[2026-06-04T18:37:40.913+0000] {subprocess.py:106} INFO - =================================================
[2026-06-04T18:37:40.922+0000] {subprocess.py:106} INFO - DIM DATE BUILD COMPLETED
[2026-06-04T18:37:40.925+0000] {subprocess.py:106} INFO - =================================================
[2026-06-04T18:37:41.191+0000] {subprocess.py:106} INFO - Total Rows: 2192
[2026-06-04T18:37:42.316+0000] {subprocess.py:106} INFO - Execution Time: 20.61 seconds
[2026-06-04T18:37:42.333+0000] {subprocess.py:106} INFO - SUCCESS
[2026-06-04T18:37:42.341+0000] {subprocess.py:106} INFO - 
[2026-06-04T18:37:42.345+0000] {subprocess.py:106} INFO - ======================================================================
[2026-06-04T18:37:42.347+0000] {subprocess.py:106} INFO - RUNNING: build_dim_customer.py
[2026-06-04T18:37:42.353+0000] {subprocess.py:106} INFO - ======================================================================
[2026-06-04T18:37:44.476+0000] {subprocess.py:106} INFO - ============================================================
[2026-06-04T18:37:44.490+0000] {subprocess.py:106} INFO - LOADING CUSTOMERS
[2026-06-04T18:37:44.505+0000] {subprocess.py:106} INFO - ============================================================
[2026-06-04T18:37:46.573+0000] {subprocess.py:106} INFO - Customer Count: 99441
[2026-06-04T18:37:47.459+0000] {subprocess.py:106} INFO - +------------------------+-------------------+--------------+
[2026-06-04T18:37:47.471+0000] {subprocess.py:106} INFO - |customer_zip_code_prefix|customer_city      |customer_state|
[2026-06-04T18:37:47.480+0000] {subprocess.py:106} INFO - +------------------------+-------------------+--------------+
[2026-06-04T18:37:47.492+0000] {subprocess.py:106} INFO - |49870                   |itabi              |SE            |
[2026-06-04T18:37:47.496+0000] {subprocess.py:106} INFO - |72002                   |brasilia           |DF            |
[2026-06-04T18:37:47.502+0000] {subprocess.py:106} INFO - |13307                   |itu                |SP            |
[2026-06-04T18:37:47.506+0000] {subprocess.py:106} INFO - |28617                   |nova friburgo      |RJ            |
[2026-06-04T18:37:47.509+0000] {subprocess.py:106} INFO - |73402                   |brasilia           |DF            |
[2026-06-04T18:37:47.513+0000] {subprocess.py:106} INFO - |56327                   |petrolina          |PE            |
[2026-06-04T18:37:47.526+0000] {subprocess.py:106} INFO - |72017                   |brasilia           |DF            |
[2026-06-04T18:37:47.528+0000] {subprocess.py:106} INFO - |71976                   |brasilia           |DF            |
[2026-06-04T18:37:47.531+0000] {subprocess.py:106} INFO - |72587                   |brasilia           |DF            |
[2026-06-04T18:37:47.536+0000] {subprocess.py:106} INFO - |72005                   |brasilia           |DF            |
[2026-06-04T18:37:47.539+0000] {subprocess.py:106} INFO - |85958                   |perola independente|PR            |
[2026-06-04T18:37:47.544+0000] {subprocess.py:106} INFO - |71919                   |brasilia           |DF            |
[2026-06-04T18:37:47.546+0000] {subprocess.py:106} INFO - |72596                   |brasilia           |DF            |
[2026-06-04T18:37:47.551+0000] {subprocess.py:106} INFO - |73401                   |brasilia           |DF            |
[2026-06-04T18:37:47.554+0000] {subprocess.py:106} INFO - |72238                   |brasilia           |DF            |
[2026-06-04T18:37:47.555+0000] {subprocess.py:106} INFO - |72465                   |brasilia           |DF            |
[2026-06-04T18:37:47.558+0000] {subprocess.py:106} INFO - |73369                   |brasilia           |DF            |
[2026-06-04T18:37:47.559+0000] {subprocess.py:106} INFO - |71676                   |brasilia           |DF            |
[2026-06-04T18:37:47.561+0000] {subprocess.py:106} INFO - |72002                   |brasilia           |DF            |
[2026-06-04T18:37:47.563+0000] {subprocess.py:106} INFO - |72300                   |brasilia           |DF            |
[2026-06-04T18:37:47.568+0000] {subprocess.py:106} INFO - +------------------------+-------------------+--------------+
[2026-06-04T18:37:47.572+0000] {subprocess.py:106} INFO - only showing top 20 rows
[2026-06-04T18:37:47.574+0000] {subprocess.py:106} INFO - 
[2026-06-04T18:37:48.436+0000] {subprocess.py:106} INFO - +--------------+-----+
[2026-06-04T18:37:48.452+0000] {subprocess.py:106} INFO - |customer_state|count|
[2026-06-04T18:37:48.465+0000] {subprocess.py:106} INFO - +--------------+-----+
[2026-06-04T18:37:48.475+0000] {subprocess.py:106} INFO - |            DF|  171|
[2026-06-04T18:37:48.479+0000] {subprocess.py:106} INFO - |            SP|   15|
[2026-06-04T18:37:48.483+0000] {subprocess.py:106} INFO - |            RJ|   13|
[2026-06-04T18:37:48.487+0000] {subprocess.py:106} INFO - |            MG|   11|
[2026-06-04T18:37:48.489+0000] {subprocess.py:106} INFO - |            PR|   11|
[2026-06-04T18:37:48.491+0000] {subprocess.py:106} INFO - |            GO|    9|
[2026-06-04T18:37:48.493+0000] {subprocess.py:106} INFO - |            BA|    9|
[2026-06-04T18:37:48.495+0000] {subprocess.py:106} INFO - |            ES|    6|
[2026-06-04T18:37:48.497+0000] {subprocess.py:106} INFO - |            RS|    4|
[2026-06-04T18:37:48.499+0000] {subprocess.py:106} INFO - |            PE|    4|
[2026-06-04T18:37:48.502+0000] {subprocess.py:106} INFO - |            CE|    4|
[2026-06-04T18:37:48.504+0000] {subprocess.py:106} INFO - |            MA|    4|
[2026-06-04T18:37:48.506+0000] {subprocess.py:106} INFO - |            PI|    3|
[2026-06-04T18:37:48.507+0000] {subprocess.py:106} INFO - |            PA|    3|
[2026-06-04T18:37:48.509+0000] {subprocess.py:106} INFO - |            PB|    2|
[2026-06-04T18:37:48.512+0000] {subprocess.py:106} INFO - |            RN|    2|
[2026-06-04T18:37:48.513+0000] {subprocess.py:106} INFO - |            RO|    2|
[2026-06-04T18:37:48.516+0000] {subprocess.py:106} INFO - |            MT|    2|
[2026-06-04T18:37:48.520+0000] {subprocess.py:106} INFO - |            TO|    1|
[2026-06-04T18:37:48.526+0000] {subprocess.py:106} INFO - |            SE|    1|
[2026-06-04T18:37:48.534+0000] {subprocess.py:106} INFO - +--------------+-----+
[2026-06-04T18:37:48.538+0000] {subprocess.py:106} INFO - only showing top 20 rows
[2026-06-04T18:37:48.542+0000] {subprocess.py:106} INFO - 
[2026-06-04T18:37:48.546+0000] {subprocess.py:106} INFO - ============================================================
[2026-06-04T18:37:48.549+0000] {subprocess.py:106} INFO - DIM CUSTOMER VALIDATION
[2026-06-04T18:37:48.553+0000] {subprocess.py:106} INFO - ============================================================
[2026-06-04T18:37:48.774+0000] {subprocess.py:106} INFO - 
[2026-06-04T18:37:48.779+0000] {subprocess.py:106} INFO - Final Row Count: 99,441
[2026-06-04T18:37:51.574+0000] {subprocess.py:106} INFO - 
[2026-06-04T18:37:51.612+0000] {subprocess.py:106} INFO - Duplicate Customer Grain Violations: 0
[2026-06-04T18:37:51.812+0000] {subprocess.py:106} INFO - 26/06/04 18:37:51 WARN WindowExec: No Partition Defined for Window operation! Moving all data to a single partition, this can cause serious performance degradation.
[2026-06-04T18:37:51.889+0000] {subprocess.py:106} INFO - 26/06/04 18:37:51 WARN WindowExec: No Partition Defined for Window operation! Moving all data to a single partition, this can cause serious performance degradation.
[2026-06-04T18:37:52.957+0000] {subprocess.py:106} INFO - 26/06/04 18:37:52 WARN WindowExec: No Partition Defined for Window operation! Moving all data to a single partition, this can cause serious performance degradation.
[2026-06-04T18:37:53.025+0000] {subprocess.py:106} INFO - 26/06/04 18:37:52 WARN WindowExec: No Partition Defined for Window operation! Moving all data to a single partition, this can cause serious performance degradation.
[2026-06-04T18:37:55.174+0000] {subprocess.py:106} INFO - Duplicate Customer SK Count: 0
[2026-06-04T18:37:55.190+0000] {subprocess.py:106} INFO - 
[2026-06-04T18:37:55.194+0000] {subprocess.py:106} INFO - Critical Null Validation:
[2026-06-04T18:37:55.314+0000] {subprocess.py:106} INFO - customer_sk: 0 nulls
[2026-06-04T18:37:55.505+0000] {subprocess.py:106} INFO - customer_id: 0 nulls
[2026-06-04T18:37:55.635+0000] {subprocess.py:106} INFO - customer_unique_id: 0 nulls
[2026-06-04T18:37:55.788+0000] {subprocess.py:106} INFO - customer_city: 0 nulls
[2026-06-04T18:37:56.095+0000] {subprocess.py:106} INFO - customer_state: 0 nulls
[2026-06-04T18:37:56.169+0000] {subprocess.py:106} INFO - customer_region: 0 nulls
[2026-06-04T18:37:56.173+0000] {subprocess.py:106} INFO - 
[2026-06-04T18:37:56.175+0000] {subprocess.py:106} INFO - Customer Region Distribution:
[2026-06-04T18:37:56.966+0000] {subprocess.py:106} INFO - +---------------+-----+
[2026-06-04T18:37:56.973+0000] {subprocess.py:106} INFO - |customer_region|count|
[2026-06-04T18:37:56.978+0000] {subprocess.py:106} INFO - +---------------+-----+
[2026-06-04T18:37:56.982+0000] {subprocess.py:106} INFO - |South          |14148|
[2026-06-04T18:37:56.989+0000] {subprocess.py:106} INFO - |Southeast      |68266|
[2026-06-04T18:37:57.000+0000] {subprocess.py:106} INFO - |Central-West   |5782 |
[2026-06-04T18:37:57.004+0000] {subprocess.py:106} INFO - |North          |1851 |
[2026-06-04T18:37:57.014+0000] {subprocess.py:106} INFO - |Northeast      |9394 |
[2026-06-04T18:37:57.027+0000] {subprocess.py:106} INFO - +---------------+-----+
[2026-06-04T18:37:57.034+0000] {subprocess.py:106} INFO - 
[2026-06-04T18:37:57.039+0000] {subprocess.py:106} INFO - 
[2026-06-04T18:37:57.044+0000] {subprocess.py:106} INFO - Customer Location Type Distribution:
[2026-06-04T18:37:58.120+0000] {subprocess.py:106} INFO - +----------------------+-----+
[2026-06-04T18:37:58.151+0000] {subprocess.py:106} INFO - |customer_location_type|count|
[2026-06-04T18:37:58.156+0000] {subprocess.py:106} INFO - +----------------------+-----+
[2026-06-04T18:37:58.157+0000] {subprocess.py:106} INFO - |Urban                 |41038|
[2026-06-04T18:37:58.163+0000] {subprocess.py:106} INFO - |Metropolitan          |32878|
[2026-06-04T18:37:58.167+0000] {subprocess.py:106} INFO - |Regional              |25525|
[2026-06-04T18:37:58.171+0000] {subprocess.py:106} INFO - +----------------------+-----+
[2026-06-04T18:37:58.172+0000] {subprocess.py:106} INFO - 
[2026-06-04T18:37:58.910+0000] {subprocess.py:106} INFO - 
[2026-06-04T18:37:58.921+0000] {subprocess.py:106} INFO - Customers Missing Coordinates: 278
[2026-06-04T18:37:59.060+0000] {subprocess.py:106} INFO - 
[2026-06-04T18:37:59.065+0000] {subprocess.py:106} INFO - Customers Missing Zip Codes: 0
[2026-06-04T18:37:59.212+0000] {subprocess.py:106} INFO - 
[2026-06-04T18:37:59.214+0000] {subprocess.py:106} INFO - Customers Missing Address Information: 0
[2026-06-04T18:37:59.428+0000] {subprocess.py:106} INFO - Customers With Unknown Region: 0
[2026-06-04T18:37:59.429+0000] {subprocess.py:106} INFO - 
[2026-06-04T18:37:59.430+0000] {subprocess.py:106} INFO - Validation Complete.
[2026-06-04T18:37:59.432+0000] {subprocess.py:106} INFO - ============================================================
[2026-06-04T18:37:59.433+0000] {subprocess.py:106} INFO - ============================================================
[2026-06-04T18:37:59.434+0000] {subprocess.py:106} INFO - WRITING DIM CUSTOMER
[2026-06-04T18:37:59.436+0000] {subprocess.py:106} INFO - ============================================================
[2026-06-04T18:37:59.452+0000] {subprocess.py:106} INFO - 26/06/04 18:37:59 WARN WindowExec: No Partition Defined for Window operation! Moving all data to a single partition, this can cause serious performance degradation.
[2026-06-04T18:37:59.456+0000] {subprocess.py:106} INFO - 26/06/04 18:37:59 WARN WindowExec: No Partition Defined for Window operation! Moving all data to a single partition, this can cause serious performance degradation.
[2026-06-04T18:37:59.464+0000] {subprocess.py:106} INFO - 26/06/04 18:37:59 WARN WindowExec: No Partition Defined for Window operation! Moving all data to a single partition, this can cause serious performance degradation.
[2026-06-04T18:37:59.904+0000] {subprocess.py:106} INFO - 26/06/04 18:37:59 WARN WindowExec: No Partition Defined for Window operation! Moving all data to a single partition, this can cause serious performance degradation.
[2026-06-04T18:37:59.920+0000] {subprocess.py:106} INFO - 26/06/04 18:37:59 WARN WindowExec: No Partition Defined for Window operation! Moving all data to a single partition, this can cause serious performance degradation.
[2026-06-04T18:38:02.703+0000] {subprocess.py:106} INFO - dim_customer written successfully.
[2026-06-04T18:38:03.054+0000] {subprocess.py:106} INFO - Final Row Count: 99441
[2026-06-04T18:38:04.055+0000] {subprocess.py:106} INFO - Execution Time: 21.73 seconds
[2026-06-04T18:38:04.063+0000] {subprocess.py:106} INFO - SUCCESS
[2026-06-04T18:38:04.065+0000] {subprocess.py:106} INFO - 
[2026-06-04T18:38:04.067+0000] {subprocess.py:106} INFO - ======================================================================
[2026-06-04T18:38:04.068+0000] {subprocess.py:106} INFO - RUNNING: build_dim_seller.py
[2026-06-04T18:38:04.071+0000] {subprocess.py:106} INFO - ======================================================================
[2026-06-04T18:38:04.941+0000] {subprocess.py:106} INFO - Project Root Added: /workspace/project
[2026-06-04T18:38:05.307+0000] {subprocess.py:106} INFO - ============================================================
[2026-06-04T18:38:05.309+0000] {subprocess.py:106} INFO - LOADING SELLERS
[2026-06-04T18:38:05.310+0000] {subprocess.py:106} INFO - ============================================================
[2026-06-04T18:38:06.282+0000] {subprocess.py:106} INFO - Seller Count: 3095
[2026-06-04T18:38:06.587+0000] {subprocess.py:106} INFO - 
[2026-06-04T18:38:06.590+0000] {subprocess.py:106} INFO - =================================================
[2026-06-04T18:38:06.594+0000] {subprocess.py:106} INFO - DIM SELLER VALIDATION
[2026-06-04T18:38:06.597+0000] {subprocess.py:106} INFO - =================================================
[2026-06-04T18:38:06.941+0000] {subprocess.py:106} INFO - 
[2026-06-04T18:38:06.948+0000] {subprocess.py:106} INFO - Final Row Count: 3095
[2026-06-04T18:38:07.056+0000] {subprocess.py:106} INFO - 26/06/04 18:38:07 WARN WindowExec: No Partition Defined for Window operation! Moving all data to a single partition, this can cause serious performance degradation.
[2026-06-04T18:38:07.068+0000] {subprocess.py:106} INFO - 26/06/04 18:38:07 WARN WindowExec: No Partition Defined for Window operation! Moving all data to a single partition, this can cause serious performance degradation.
[2026-06-04T18:38:07.189+0000] {subprocess.py:106} INFO - 26/06/04 18:38:07 WARN WindowExec: No Partition Defined for Window operation! Moving all data to a single partition, this can cause serious performance degradation.
[2026-06-04T18:38:07.192+0000] {subprocess.py:106} INFO - 26/06/04 18:38:07 WARN WindowExec: No Partition Defined for Window operation! Moving all data to a single partition, this can cause serious performance degradation.
[2026-06-04T18:38:07.319+0000] {subprocess.py:106} INFO - 26/06/04 18:38:07 WARN WindowExec: No Partition Defined for Window operation! Moving all data to a single partition, this can cause serious performance degradation.
[2026-06-04T18:38:07.324+0000] {subprocess.py:106} INFO - 26/06/04 18:38:07 WARN WindowExec: No Partition Defined for Window operation! Moving all data to a single partition, this can cause serious performance degradation.
[2026-06-04T18:38:07.580+0000] {subprocess.py:106} INFO - 
[2026-06-04T18:38:07.584+0000] {subprocess.py:106} INFO - Duplicate seller_sk Count: 0
[2026-06-04T18:38:09.442+0000] {subprocess.py:106} INFO - Duplicate seller_id Count: 0
[2026-06-04T18:38:09.457+0000] {subprocess.py:106} INFO - 
[2026-06-04T18:38:09.465+0000] {subprocess.py:106} INFO - Critical Null Validation:
[2026-06-04T18:38:09.548+0000] {subprocess.py:106} INFO - seller_sk: 0 nulls
[2026-06-04T18:38:09.987+0000] {subprocess.py:106} INFO - seller_id: 0 nulls
[2026-06-04T18:38:10.269+0000] {subprocess.py:106} INFO - seller_city: 0 nulls
[2026-06-04T18:38:10.670+0000] {subprocess.py:106} INFO - seller_state: 0 nulls
[2026-06-04T18:38:10.767+0000] {subprocess.py:106} INFO - seller_region: 0 nulls
[2026-06-04T18:38:10.825+0000] {subprocess.py:106} INFO - is_current: 0 nulls
[2026-06-04T18:38:11.072+0000] {subprocess.py:106} INFO - 
[2026-06-04T18:38:11.074+0000] {subprocess.py:106} INFO - SCD Integrity Validation:
[2026-06-04T18:38:11.076+0000] {subprocess.py:106} INFO - Null is_current Flags: 0
[2026-06-04T18:38:11.080+0000] {subprocess.py:106} INFO - Null effective_start_date: 0
[2026-06-04T18:38:11.388+0000] {subprocess.py:106} INFO - 
[2026-06-04T18:38:11.390+0000] {subprocess.py:106} INFO - Geography Validation:
[2026-06-04T18:38:11.392+0000] {subprocess.py:106} INFO - Missing States: 0
[2026-06-04T18:38:11.393+0000] {subprocess.py:106} INFO - Missing Regions: 0
[2026-06-04T18:38:11.914+0000] {subprocess.py:106} INFO - 
[2026-06-04T18:38:11.933+0000] {subprocess.py:106} INFO - Acquisition Validation:
[2026-06-04T18:38:11.936+0000] {subprocess.py:106} INFO - Unknown Acquisition Sources: 0
[2026-06-04T18:38:11.939+0000] {subprocess.py:106} INFO - 
[2026-06-04T18:38:11.944+0000] {subprocess.py:106} INFO - Seller Region Distribution:
[2026-06-04T18:38:12.449+0000] {subprocess.py:106} INFO - +-------------+-----+
[2026-06-04T18:38:12.450+0000] {subprocess.py:106} INFO - |seller_region|count|
[2026-06-04T18:38:12.453+0000] {subprocess.py:106} INFO - +-------------+-----+
[2026-06-04T18:38:12.457+0000] {subprocess.py:106} INFO - |South        |668  |
[2026-06-04T18:38:12.459+0000] {subprocess.py:106} INFO - |Southeast    |2287 |
[2026-06-04T18:38:12.465+0000] {subprocess.py:106} INFO - |Central-West |79   |
[2026-06-04T18:38:12.466+0000] {subprocess.py:106} INFO - |North        |5    |
[2026-06-04T18:38:12.468+0000] {subprocess.py:106} INFO - |Northeast    |56   |
[2026-06-04T18:38:12.469+0000] {subprocess.py:106} INFO - +-------------+-----+
[2026-06-04T18:38:12.470+0000] {subprocess.py:106} INFO - 
[2026-06-04T18:38:12.472+0000] {subprocess.py:106} INFO - 
[2026-06-04T18:38:12.474+0000] {subprocess.py:106} INFO - Seller Location Type Distribution:
[2026-06-04T18:38:12.856+0000] {subprocess.py:106} INFO - +--------------------+-----+
[2026-06-04T18:38:12.861+0000] {subprocess.py:106} INFO - |seller_location_type|count|
[2026-06-04T18:38:12.865+0000] {subprocess.py:106} INFO - +--------------------+-----+
[2026-06-04T18:38:12.871+0000] {subprocess.py:106} INFO - |Urban               |1403 |
[2026-06-04T18:38:12.873+0000] {subprocess.py:106} INFO - |Metropolitan        |1061 |
[2026-06-04T18:38:12.877+0000] {subprocess.py:106} INFO - |Regional            |631  |
[2026-06-04T18:38:12.881+0000] {subprocess.py:106} INFO - +--------------------+-----+
[2026-06-04T18:38:12.887+0000] {subprocess.py:106} INFO - 
[2026-06-04T18:38:12.890+0000] {subprocess.py:106} INFO - 
[2026-06-04T18:38:12.894+0000] {subprocess.py:106} INFO - =================================================
[2026-06-04T18:38:12.896+0000] {subprocess.py:106} INFO - ALL VALIDATIONS COMPLETED
[2026-06-04T18:38:12.902+0000] {subprocess.py:106} INFO - =================================================
[2026-06-04T18:38:12.905+0000] {subprocess.py:106} INFO - ============================================================
[2026-06-04T18:38:12.908+0000] {subprocess.py:106} INFO - WRITING DIM SELLER
[2026-06-04T18:38:12.910+0000] {subprocess.py:106} INFO - ============================================================
[2026-06-04T18:38:12.924+0000] {subprocess.py:106} INFO - 26/06/04 18:38:12 WARN WindowExec: No Partition Defined for Window operation! Moving all data to a single partition, this can cause serious performance degradation.
[2026-06-04T18:38:12.927+0000] {subprocess.py:106} INFO - 26/06/04 18:38:12 WARN WindowExec: No Partition Defined for Window operation! Moving all data to a single partition, this can cause serious performance degradation.
[2026-06-04T18:38:12.930+0000] {subprocess.py:106} INFO - 26/06/04 18:38:12 WARN WindowExec: No Partition Defined for Window operation! Moving all data to a single partition, this can cause serious performance degradation.
[2026-06-04T18:38:13.172+0000] {subprocess.py:106} INFO - 26/06/04 18:38:13 WARN WindowExec: No Partition Defined for Window operation! Moving all data to a single partition, this can cause serious performance degradation.
[2026-06-04T18:38:13.174+0000] {subprocess.py:106} INFO - 26/06/04 18:38:13 WARN WindowExec: No Partition Defined for Window operation! Moving all data to a single partition, this can cause serious performance degradation.
[2026-06-04T18:38:13.335+0000] {subprocess.py:106} INFO - 26/06/04 18:38:13 WARN WindowExec: No Partition Defined for Window operation! Moving all data to a single partition, this can cause serious performance degradation.
[2026-06-04T18:38:13.338+0000] {subprocess.py:106} INFO - 26/06/04 18:38:13 WARN WindowExec: No Partition Defined for Window operation! Moving all data to a single partition, this can cause serious performance degradation.
[2026-06-04T18:38:13.919+0000] {subprocess.py:106} INFO - dim_seller written successfully.
[2026-06-04T18:38:14.176+0000] {subprocess.py:106} INFO - Final Row Count: 3095
[2026-06-04T18:38:14.833+0000] {subprocess.py:106} INFO - Execution Time: 10.78 seconds
[2026-06-04T18:38:14.839+0000] {subprocess.py:106} INFO - SUCCESS
[2026-06-04T18:38:14.841+0000] {subprocess.py:106} INFO - 
[2026-06-04T18:38:14.842+0000] {subprocess.py:106} INFO - ======================================================================
[2026-06-04T18:38:14.844+0000] {subprocess.py:106} INFO - RUNNING: build_dim_product.py
[2026-06-04T18:38:14.845+0000] {subprocess.py:106} INFO - ======================================================================
[2026-06-04T18:38:15.775+0000] {subprocess.py:106} INFO - ============================================================
[2026-06-04T18:38:15.780+0000] {subprocess.py:106} INFO - LOADING PRODUCTS
[2026-06-04T18:38:15.786+0000] {subprocess.py:106} INFO - ============================================================
[2026-06-04T18:38:17.504+0000] {subprocess.py:106} INFO - Product Count: 32949
[2026-06-04T18:38:17.577+0000] {subprocess.py:106} INFO - ============================================================
[2026-06-04T18:38:17.580+0000] {subprocess.py:106} INFO - DIM PRODUCT VALIDATION
[2026-06-04T18:38:17.583+0000] {subprocess.py:106} INFO - ============================================================
[2026-06-04T18:38:18.575+0000] {subprocess.py:106} INFO - 
[2026-06-04T18:38:18.579+0000] {subprocess.py:106} INFO - Final Row Count: 32,949
[2026-06-04T18:38:20.276+0000] {subprocess.py:106} INFO - 
[2026-06-04T18:38:20.283+0000] {subprocess.py:106} INFO - Duplicate Product Grain Violations: 0
[2026-06-04T18:38:20.402+0000] {subprocess.py:106} INFO - 26/06/04 18:38:20 WARN WindowExec: No Partition Defined for Window operation! Moving all data to a single partition, this can cause serious performance degradation.
[2026-06-04T18:38:20.405+0000] {subprocess.py:106} INFO - 26/06/04 18:38:20 WARN WindowExec: No Partition Defined for Window operation! Moving all data to a single partition, this can cause serious performance degradation.
[2026-06-04T18:38:21.634+0000] {subprocess.py:106} INFO - 26/06/04 18:38:21 WARN WindowExec: No Partition Defined for Window operation! Moving all data to a single partition, this can cause serious performance degradation.
[2026-06-04T18:38:21.641+0000] {subprocess.py:106} INFO - 26/06/04 18:38:21 WARN WindowExec: No Partition Defined for Window operation! Moving all data to a single partition, this can cause serious performance degradation.
[2026-06-04T18:38:22.098+0000] {subprocess.py:106} INFO - Duplicate Product SK Count: 0
[2026-06-04T18:38:22.103+0000] {subprocess.py:106} INFO - 
[2026-06-04T18:38:22.107+0000] {subprocess.py:106} INFO - Critical Null Validation:
[2026-06-04T18:38:22.150+0000] {subprocess.py:106} INFO - product_sk: 0 nulls
[2026-06-04T18:38:23.108+0000] {subprocess.py:106} INFO - product_id: 0 nulls
[2026-06-04T18:38:24.156+0000] {subprocess.py:106} INFO - product_category_name_english: 0 nulls
[2026-06-04T18:38:25.458+0000] {subprocess.py:106} INFO - product_size_category: 0 nulls
[2026-06-04T18:38:25.481+0000] {subprocess.py:106} INFO - 
[2026-06-04T18:38:25.486+0000] {subprocess.py:106} INFO - Top Product Categories:
[2026-06-04T18:38:27.319+0000] {subprocess.py:106} INFO - +-------------------------------+-----+
[2026-06-04T18:38:27.331+0000] {subprocess.py:106} INFO - |product_category_name_english  |count|
[2026-06-04T18:38:27.337+0000] {subprocess.py:106} INFO - +-------------------------------+-----+
[2026-06-04T18:38:27.342+0000] {subprocess.py:106} INFO - |bed_bath_table                 |3029 |
[2026-06-04T18:38:27.345+0000] {subprocess.py:106} INFO - |sports_leisure                 |2867 |
[2026-06-04T18:38:27.349+0000] {subprocess.py:106} INFO - |furniture_decor                |2657 |
[2026-06-04T18:38:27.353+0000] {subprocess.py:106} INFO - |health_beauty                  |2444 |
[2026-06-04T18:38:27.356+0000] {subprocess.py:106} INFO - |housewares                     |2335 |
[2026-06-04T18:38:27.358+0000] {subprocess.py:106} INFO - |auto                           |1900 |
[2026-06-04T18:38:27.361+0000] {subprocess.py:106} INFO - |computers_accessories          |1639 |
[2026-06-04T18:38:27.363+0000] {subprocess.py:106} INFO - |toys                           |1411 |
[2026-06-04T18:38:27.364+0000] {subprocess.py:106} INFO - |watches_gifts                  |1329 |
[2026-06-04T18:38:27.367+0000] {subprocess.py:106} INFO - |telephony                      |1134 |
[2026-06-04T18:38:27.369+0000] {subprocess.py:106} INFO - |baby                           |918  |
[2026-06-04T18:38:27.371+0000] {subprocess.py:106} INFO - |perfumery                      |868  |
[2026-06-04T18:38:27.374+0000] {subprocess.py:106} INFO - |stationery                     |849  |
[2026-06-04T18:38:27.377+0000] {subprocess.py:106} INFO - |fashion_bags_accessories       |849  |
[2026-06-04T18:38:27.382+0000] {subprocess.py:106} INFO - |cool_stuff                     |789  |
[2026-06-04T18:38:27.387+0000] {subprocess.py:106} INFO - |garden_tools                   |753  |
[2026-06-04T18:38:27.390+0000] {subprocess.py:106} INFO - |pet_shop                       |719  |
[2026-06-04T18:38:27.394+0000] {subprocess.py:106} INFO - |unknown_category               |622  |
[2026-06-04T18:38:27.396+0000] {subprocess.py:106} INFO - |electronics                    |517  |
[2026-06-04T18:38:27.401+0000] {subprocess.py:106} INFO - |construction_tools_construction|400  |
[2026-06-04T18:38:27.405+0000] {subprocess.py:106} INFO - +-------------------------------+-----+
[2026-06-04T18:38:27.408+0000] {subprocess.py:106} INFO - only showing top 20 rows
[2026-06-04T18:38:27.410+0000] {subprocess.py:106} INFO - 
[2026-06-04T18:38:27.413+0000] {subprocess.py:106} INFO - 
[2026-06-04T18:38:27.429+0000] {subprocess.py:106} INFO - Product Size Distribution:
[2026-06-04T18:38:28.710+0000] {subprocess.py:106} INFO - +---------------------+-----+
[2026-06-04T18:38:28.748+0000] {subprocess.py:106} INFO - |product_size_category|count|
[2026-06-04T18:38:28.752+0000] {subprocess.py:106} INFO - +---------------------+-----+
[2026-06-04T18:38:28.755+0000] {subprocess.py:106} INFO - |Oversized            |2459 |
[2026-06-04T18:38:28.759+0000] {subprocess.py:106} INFO - |Medium               |17887|
[2026-06-04T18:38:28.769+0000] {subprocess.py:106} INFO - |Small                |2205 |
[2026-06-04T18:38:28.777+0000] {subprocess.py:106} INFO - |Large                |10398|
[2026-06-04T18:38:28.782+0000] {subprocess.py:106} INFO - +---------------------+-----+
[2026-06-04T18:38:28.788+0000] {subprocess.py:106} INFO - 
[2026-06-04T18:38:30.058+0000] {subprocess.py:106} INFO - 
[2026-06-04T18:38:30.067+0000] {subprocess.py:106} INFO - Heavy Products: 4,197
[2026-06-04T18:38:30.886+0000] {subprocess.py:106} INFO - Incomplete Logistics Profiles: 0
[2026-06-04T18:38:32.548+0000] {subprocess.py:106} INFO - Incomplete Catalog Profiles: 609
[2026-06-04T18:38:33.360+0000] {subprocess.py:106} INFO - Products Missing Weight: 0
[2026-06-04T18:38:34.232+0000] {subprocess.py:106} INFO - Products Missing Volume: 0
[2026-06-04T18:38:34.238+0000] {subprocess.py:106} INFO - 
[2026-06-04T18:38:34.241+0000] {subprocess.py:106} INFO - Validation Complete.
[2026-06-04T18:38:34.243+0000] {subprocess.py:106} INFO - ============================================================
[2026-06-04T18:38:34.245+0000] {subprocess.py:106} INFO - ============================================================
[2026-06-04T18:38:34.249+0000] {subprocess.py:106} INFO - WRITING DIM PRODUCT
[2026-06-04T18:38:34.251+0000] {subprocess.py:106} INFO - ============================================================
[2026-06-04T18:38:34.287+0000] {subprocess.py:106} INFO - 26/06/04 18:38:34 WARN WindowExec: No Partition Defined for Window operation! Moving all data to a single partition, this can cause serious performance degradation.
[2026-06-04T18:38:34.291+0000] {subprocess.py:106} INFO - 26/06/04 18:38:34 WARN WindowExec: No Partition Defined for Window operation! Moving all data to a single partition, this can cause serious performance degradation.
[2026-06-04T18:38:34.296+0000] {subprocess.py:106} INFO - 26/06/04 18:38:34 WARN WindowExec: No Partition Defined for Window operation! Moving all data to a single partition, this can cause serious performance degradation.
[2026-06-04T18:38:35.638+0000] {subprocess.py:106} INFO - 26/06/04 18:38:35 WARN WindowExec: No Partition Defined for Window operation! Moving all data to a single partition, this can cause serious performance degradation.
[2026-06-04T18:38:35.646+0000] {subprocess.py:106} INFO - 26/06/04 18:38:35 WARN WindowExec: No Partition Defined for Window operation! Moving all data to a single partition, this can cause serious performance degradation.
[2026-06-04T18:38:36.459+0000] {subprocess.py:106} INFO - Dim Product Written To: s3a://gold/dim_product/
[2026-06-04T18:38:37.296+0000] {subprocess.py:106} INFO - Final Row Count: 32949
[2026-06-04T18:38:37.833+0000] {subprocess.py:106} INFO - Execution Time: 23.0 seconds
[2026-06-04T18:38:37.838+0000] {subprocess.py:106} INFO - SUCCESS
[2026-06-04T18:38:37.840+0000] {subprocess.py:106} INFO - 
[2026-06-04T18:38:37.841+0000] {subprocess.py:106} INFO - 
[2026-06-04T18:38:37.842+0000] {subprocess.py:106} INFO - ======================================================================
[2026-06-04T18:38:37.844+0000] {subprocess.py:106} INFO - STARTING FACTS
[2026-06-04T18:38:37.848+0000] {subprocess.py:106} INFO - ======================================================================
[2026-06-04T18:38:37.851+0000] {subprocess.py:106} INFO - 
[2026-06-04T18:38:37.853+0000] {subprocess.py:106} INFO - ======================================================================
[2026-06-04T18:38:37.855+0000] {subprocess.py:106} INFO - RUNNING: build_fct_order_delivery.py
[2026-06-04T18:38:37.856+0000] {subprocess.py:106} INFO - ======================================================================
[2026-06-04T18:38:38.295+0000] {subprocess.py:106} INFO - Project Root Added: /workspace/project
[2026-06-04T18:38:40.469+0000] {subprocess.py:106} INFO - ============================================================
[2026-06-04T18:38:40.477+0000] {subprocess.py:106} INFO - FACT SCHEMA BEFORE FINAL SELECT
[2026-06-04T18:38:40.479+0000] {subprocess.py:106} INFO - ============================================================
[2026-06-04T18:38:40.482+0000] {subprocess.py:106} INFO - root
[2026-06-04T18:38:40.484+0000] {subprocess.py:106} INFO -  |-- customer_id: string (nullable = true)
[2026-06-04T18:38:40.485+0000] {subprocess.py:106} INFO -  |-- order_id: string (nullable = true)
[2026-06-04T18:38:40.486+0000] {subprocess.py:106} INFO -  |-- primary_seller_id: string (nullable = true)
[2026-06-04T18:38:40.487+0000] {subprocess.py:106} INFO -  |-- order_status: string (nullable = true)
[2026-06-04T18:38:40.489+0000] {subprocess.py:106} INFO -  |-- order_purchase_timestamp: timestamp (nullable = true)
[2026-06-04T18:38:40.491+0000] {subprocess.py:106} INFO -  |-- order_approved_at: timestamp (nullable = true)
[2026-06-04T18:38:40.493+0000] {subprocess.py:106} INFO -  |-- order_delivered_carrier_date: timestamp (nullable = true)
[2026-06-04T18:38:40.496+0000] {subprocess.py:106} INFO -  |-- order_delivered_customer_date: timestamp (nullable = true)
[2026-06-04T18:38:40.501+0000] {subprocess.py:106} INFO -  |-- order_estimated_delivery_date: timestamp (nullable = true)
[2026-06-04T18:38:40.506+0000] {subprocess.py:106} INFO -  |-- delivery_duration_days: integer (nullable = true)
[2026-06-04T18:38:40.509+0000] {subprocess.py:106} INFO -  |-- delay_days: integer (nullable = true)
[2026-06-04T18:38:40.511+0000] {subprocess.py:106} INFO -  |-- delivery_status_category: string (nullable = true)
[2026-06-04T18:38:40.515+0000] {subprocess.py:106} INFO -  |-- buffer_days: integer (nullable = true)
[2026-06-04T18:38:40.517+0000] {subprocess.py:106} INFO -  |-- freight_total_value: decimal(22,2) (nullable = true)
[2026-06-04T18:38:40.520+0000] {subprocess.py:106} INFO -  |-- total_items_count: long (nullable = true)
[2026-06-04T18:38:40.522+0000] {subprocess.py:106} INFO -  |-- seller_count: long (nullable = true)
[2026-06-04T18:38:40.524+0000] {subprocess.py:106} INFO -  |-- is_multi_seller_order: boolean (nullable = true)
[2026-06-04T18:38:40.525+0000] {subprocess.py:106} INFO -  |-- distance_bucket: string (nullable = true)
[2026-06-04T18:38:40.527+0000] {subprocess.py:106} INFO -  |-- seller_state: string (nullable = true)
[2026-06-04T18:38:40.529+0000] {subprocess.py:106} INFO -  |-- customer_state: string (nullable = true)
[2026-06-04T18:38:40.531+0000] {subprocess.py:106} INFO -  |-- seller_region: string (nullable = true)
[2026-06-04T18:38:40.532+0000] {subprocess.py:106} INFO -  |-- customer_region: string (nullable = true)
[2026-06-04T18:38:40.532+0000] {subprocess.py:106} INFO -  |-- seller_lat: double (nullable = true)
[2026-06-04T18:38:40.534+0000] {subprocess.py:106} INFO -  |-- seller_lng: double (nullable = true)
[2026-06-04T18:38:40.535+0000] {subprocess.py:106} INFO -  |-- customer_lat: double (nullable = true)
[2026-06-04T18:38:40.536+0000] {subprocess.py:106} INFO -  |-- customer_lng: double (nullable = true)
[2026-06-04T18:38:40.537+0000] {subprocess.py:106} INFO -  |-- silver_loaded_at: timestamp (nullable = true)
[2026-06-04T18:38:40.538+0000] {subprocess.py:106} INFO -  |-- source_system: string (nullable = false)
[2026-06-04T18:38:40.540+0000] {subprocess.py:106} INFO -  |-- transformation_version: string (nullable = false)
[2026-06-04T18:38:40.541+0000] {subprocess.py:106} INFO -  |-- customer_sk_fk: integer (nullable = true)
[2026-06-04T18:38:40.544+0000] {subprocess.py:106} INFO -  |-- seller_sk_fk: integer (nullable = true)
[2026-06-04T18:38:40.545+0000] {subprocess.py:106} INFO -  |-- purchase_date: date (nullable = true)
[2026-06-04T18:38:40.547+0000] {subprocess.py:106} INFO -  |-- purchase_date_sk: integer (nullable = true)
[2026-06-04T18:38:40.551+0000] {subprocess.py:106} INFO -  |-- full_date: date (nullable = true)
[2026-06-04T18:38:40.553+0000] {subprocess.py:106} INFO -  |-- estimated_delivery_date: date (nullable = true)
[2026-06-04T18:38:40.556+0000] {subprocess.py:106} INFO -  |-- estimated_delivery_date_sk: integer (nullable = true)
[2026-06-04T18:38:40.562+0000] {subprocess.py:106} INFO -  |-- estimated_delivery_date_key: date (nullable = true)
[2026-06-04T18:38:40.567+0000] {subprocess.py:106} INFO -  |-- actual_delivery_date: date (nullable = true)
[2026-06-04T18:38:40.569+0000] {subprocess.py:106} INFO -  |-- actual_delivery_date_sk: integer (nullable = true)
[2026-06-04T18:38:40.572+0000] {subprocess.py:106} INFO -  |-- actual_delivery_date_key: date (nullable = true)
[2026-06-04T18:38:40.575+0000] {subprocess.py:106} INFO -  |-- on_time_delivery_flag: boolean (nullable = false)
[2026-06-04T18:38:40.578+0000] {subprocess.py:106} INFO -  |-- late_delivery_flag: boolean (nullable = false)
[2026-06-04T18:38:40.581+0000] {subprocess.py:106} INFO -  |-- delivery_fact_sk: integer (nullable = false)
[2026-06-04T18:38:40.584+0000] {subprocess.py:106} INFO -  |-- gold_loaded_at: timestamp (nullable = false)
[2026-06-04T18:38:40.586+0000] {subprocess.py:106} INFO - 
[2026-06-04T18:38:40.589+0000] {subprocess.py:106} INFO - ============================================================
[2026-06-04T18:38:40.590+0000] {subprocess.py:106} INFO - FCT ORDER DELIVERY VALIDATION
[2026-06-04T18:38:40.592+0000] {subprocess.py:106} INFO - ============================================================
[2026-06-04T18:38:41.977+0000] {subprocess.py:106} INFO - 
[2026-06-04T18:38:41.989+0000] {subprocess.py:106} INFO - Final Row Count: 98,051
[2026-06-04T18:38:43.883+0000] {subprocess.py:106} INFO - 
[2026-06-04T18:38:43.890+0000] {subprocess.py:106} INFO - Duplicate Order Grain Violations: 0
[2026-06-04T18:38:43.980+0000] {subprocess.py:106} INFO - 26/06/04 18:38:43 WARN WindowExec: No Partition Defined for Window operation! Moving all data to a single partition, this can cause serious performance degradation.
[2026-06-04T18:38:43.983+0000] {subprocess.py:106} INFO - 26/06/04 18:38:43 WARN WindowExec: No Partition Defined for Window operation! Moving all data to a single partition, this can cause serious performance degradation.
[2026-06-04T18:38:44.194+0000] {subprocess.py:106} INFO - 26/06/04 18:38:44 WARN WindowExec: No Partition Defined for Window operation! Moving all data to a single partition, this can cause serious performance degradation.
[2026-06-04T18:38:44.201+0000] {subprocess.py:106} INFO - 26/06/04 18:38:44 WARN WindowExec: No Partition Defined for Window operation! Moving all data to a single partition, this can cause serious performance degradation.
[2026-06-04T18:38:44.269+0000] {subprocess.py:106} INFO - 26/06/04 18:38:44 WARN WindowExec: No Partition Defined for Window operation! Moving all data to a single partition, this can cause serious performance degradation.
[2026-06-04T18:38:44.275+0000] {subprocess.py:106} INFO - 26/06/04 18:38:44 WARN WindowExec: No Partition Defined for Window operation! Moving all data to a single partition, this can cause serious performance degradation.
[2026-06-04T18:38:44.330+0000] {subprocess.py:106} INFO - 26/06/04 18:38:44 WARN WindowExec: No Partition Defined for Window operation! Moving all data to a single partition, this can cause serious performance degradation.
[2026-06-04T18:38:44.341+0000] {subprocess.py:106} INFO - 26/06/04 18:38:44 WARN WindowExec: No Partition Defined for Window operation! Moving all data to a single partition, this can cause serious performance degradation.
[2026-06-04T18:38:44.687+0000] {subprocess.py:106} INFO - 26/06/04 18:38:44 WARN WindowExec: No Partition Defined for Window operation! Moving all data to a single partition, this can cause serious performance degradation.
[2026-06-04T18:38:44.719+0000] {subprocess.py:106} INFO - 26/06/04 18:38:44 WARN WindowExec: No Partition Defined for Window operation! Moving all data to a single partition, this can cause serious performance degradation.
[2026-06-04T18:38:45.141+0000] {subprocess.py:106} INFO - 26/06/04 18:38:45 WARN WindowExec: No Partition Defined for Window operation! Moving all data to a single partition, this can cause serious performance degradation.
[2026-06-04T18:38:45.144+0000] {subprocess.py:106} INFO - 26/06/04 18:38:45 WARN WindowExec: No Partition Defined for Window operation! Moving all data to a single partition, this can cause serious performance degradation.
[2026-06-04T18:38:45.488+0000] {subprocess.py:106} INFO - Duplicate Fact SK Count: 0
[2026-06-04T18:38:45.490+0000] {subprocess.py:106} INFO - 
[2026-06-04T18:38:45.493+0000] {subprocess.py:106} INFO - Foreign Key Validation:
[2026-06-04T18:38:47.126+0000] {subprocess.py:106} INFO - customer_sk_fk: 0 nulls
[2026-06-04T18:38:48.175+0000] {subprocess.py:106} INFO - purchase_date_sk: 0 nulls
[2026-06-04T18:38:49.326+0000] {subprocess.py:106} INFO - estimated_delivery_date_sk: 0 nulls
[2026-06-04T18:38:50.024+0000] {subprocess.py:106} INFO - seller_sk_fk: 775 nulls
[2026-06-04T18:38:50.946+0000] {subprocess.py:106} INFO - actual_delivery_date_sk Missing: 0
[2026-06-04T18:38:50.952+0000] {subprocess.py:106} INFO - 
[2026-06-04T18:38:50.955+0000] {subprocess.py:106} INFO - Delivery KPI Validation:
[2026-06-04T18:38:51.733+0000] {subprocess.py:106} INFO - Negative Delivery Duration: 0
[2026-06-04T18:38:52.351+0000] {subprocess.py:106} INFO - Negative Freight Values: 0
[2026-06-04T18:38:53.327+0000] {subprocess.py:106} INFO - Invalid Item Counts: 0
[2026-06-04T18:38:54.061+0000] {subprocess.py:106} INFO - Invalid Seller Counts: 0
[2026-06-04T18:38:54.839+0000] {subprocess.py:106} INFO - Inconsistent On-Time Flags: 0
[2026-06-04T18:38:55.838+0000] {subprocess.py:106} INFO - Inconsistent Late Flags: 0
[2026-06-04T18:38:56.757+0000] {subprocess.py:106} INFO - 
[2026-06-04T18:38:56.769+0000] {subprocess.py:106} INFO - Multi Seller Orders: 1,226
[2026-06-04T18:38:57.677+0000] {subprocess.py:106} INFO - Single Seller Orders: 96,050
[2026-06-04T18:38:57.708+0000] {subprocess.py:106} INFO - 
[2026-06-04T18:38:57.716+0000] {subprocess.py:106} INFO - Delivery Status Distribution:
[2026-06-04T18:38:58.831+0000] {subprocess.py:106} INFO - +------------------------+-----+
[2026-06-04T18:38:58.840+0000] {subprocess.py:106} INFO - |delivery_status_category|count|
[2026-06-04T18:38:58.847+0000] {subprocess.py:106} INFO - +------------------------+-----+
[2026-06-04T18:38:58.856+0000] {subprocess.py:106} INFO - |On Time                 |1283 |
[2026-06-04T18:38:58.862+0000] {subprocess.py:106} INFO - |Unknown                 |2948 |
[2026-06-04T18:38:58.865+0000] {subprocess.py:106} INFO - |Late                    |6511 |
[2026-06-04T18:38:58.870+0000] {subprocess.py:106} INFO - |Early                   |87309|
[2026-06-04T18:38:58.873+0000] {subprocess.py:106} INFO - +------------------------+-----+
[2026-06-04T18:38:58.877+0000] {subprocess.py:106} INFO - 
[2026-06-04T18:38:58.878+0000] {subprocess.py:106} INFO - 
[2026-06-04T18:38:58.882+0000] {subprocess.py:106} INFO - Distance Bucket Distribution:
[2026-06-04T18:39:00.411+0000] {subprocess.py:106} INFO - +---------------+-----+
[2026-06-04T18:39:00.424+0000] {subprocess.py:106} INFO - |distance_bucket|count|
[2026-06-04T18:39:00.429+0000] {subprocess.py:106} INFO - +---------------+-----+
[2026-06-04T18:39:00.434+0000] {subprocess.py:106} INFO - |Same State     |34942|
[2026-06-04T18:39:00.436+0000] {subprocess.py:106} INFO - |Unknown        |775  |
[2026-06-04T18:39:00.438+0000] {subprocess.py:106} INFO - |Cross Region   |36742|
[2026-06-04T18:39:00.439+0000] {subprocess.py:106} INFO - |Same Region    |25592|
[2026-06-04T18:39:00.443+0000] {subprocess.py:106} INFO - +---------------+-----+
[2026-06-04T18:39:00.445+0000] {subprocess.py:106} INFO - 
[2026-06-04T18:39:05.046+0000] {subprocess.py:106} INFO - 
[2026-06-04T18:39:05.061+0000] {subprocess.py:106} INFO - On-Time Orders: 88,592
[2026-06-04T18:39:05.066+0000] {subprocess.py:106} INFO - Late Orders: 6,511
[2026-06-04T18:39:05.069+0000] {subprocess.py:106} INFO - 
[2026-06-04T18:39:05.073+0000] {subprocess.py:106} INFO - Validation Complete.
[2026-06-04T18:39:05.078+0000] {subprocess.py:106} INFO - ============================================================
[2026-06-04T18:39:05.188+0000] {subprocess.py:106} INFO - 26/06/04 18:39:05 WARN WindowExec: No Partition Defined for Window operation! Moving all data to a single partition, this can cause serious performance degradation.
[2026-06-04T18:39:05.196+0000] {subprocess.py:106} INFO - 26/06/04 18:39:05 WARN WindowExec: No Partition Defined for Window operation! Moving all data to a single partition, this can cause serious performance degradation.
[2026-06-04T18:39:05.200+0000] {subprocess.py:106} INFO - 26/06/04 18:39:05 WARN WindowExec: No Partition Defined for Window operation! Moving all data to a single partition, this can cause serious performance degradation.
[2026-06-04T18:39:05.215+0000] {subprocess.py:106} INFO - 26/06/04 18:39:05 WARN SparkStringUtils: Truncated the string representation of a plan since it was too large. This behavior can be adjusted by setting 'spark.sql.debug.maxToStringFields'.
[2026-06-04T18:39:05.570+0000] {subprocess.py:106} INFO - 26/06/04 18:39:05 WARN WindowExec: No Partition Defined for Window operation! Moving all data to a single partition, this can cause serious performance degradation.
[2026-06-04T18:39:05.583+0000] {subprocess.py:106} INFO - 26/06/04 18:39:05 WARN WindowExec: No Partition Defined for Window operation! Moving all data to a single partition, this can cause serious performance degradation.
[2026-06-04T18:39:05.601+0000] {subprocess.py:106} INFO - 26/06/04 18:39:05 WARN WindowExec: No Partition Defined for Window operation! Moving all data to a single partition, this can cause serious performance degradation.
[2026-06-04T18:39:05.604+0000] {subprocess.py:106} INFO - 26/06/04 18:39:05 WARN WindowExec: No Partition Defined for Window operation! Moving all data to a single partition, this can cause serious performance degradation.
[2026-06-04T18:39:05.612+0000] {subprocess.py:106} INFO - 26/06/04 18:39:05 WARN WindowExec: No Partition Defined for Window operation! Moving all data to a single partition, this can cause serious performance degradation.
[2026-06-04T18:39:05.615+0000] {subprocess.py:106} INFO - 26/06/04 18:39:05 WARN WindowExec: No Partition Defined for Window operation! Moving all data to a single partition, this can cause serious performance degradation.
[2026-06-04T18:39:05.712+0000] {subprocess.py:106} INFO - 26/06/04 18:39:05 WARN WindowExec: No Partition Defined for Window operation! Moving all data to a single partition, this can cause serious performance degradation.
[2026-06-04T18:39:05.714+0000] {subprocess.py:106} INFO - 26/06/04 18:39:05 WARN WindowExec: No Partition Defined for Window operation! Moving all data to a single partition, this can cause serious performance degradation.
[2026-06-04T18:39:06.617+0000] {subprocess.py:106} INFO - 26/06/04 18:39:06 WARN WindowExec: No Partition Defined for Window operation! Moving all data to a single partition, this can cause serious performance degradation.
[2026-06-04T18:39:06.626+0000] {subprocess.py:106} INFO - 26/06/04 18:39:06 WARN WindowExec: No Partition Defined for Window operation! Moving all data to a single partition, this can cause serious performance degradation.
[2026-06-04T18:39:12.814+0000] {subprocess.py:106} INFO - Final Row Count: 98051
[2026-06-04T18:39:13.529+0000] {subprocess.py:106} INFO - Execution Time: 35.7 seconds
[2026-06-04T18:39:13.532+0000] {subprocess.py:106} INFO - SUCCESS
[2026-06-04T18:39:13.535+0000] {subprocess.py:106} INFO - 
[2026-06-04T18:39:13.536+0000] {subprocess.py:106} INFO - ======================================================================
[2026-06-04T18:39:13.543+0000] {subprocess.py:106} INFO - RUNNING: build_fct_seller_fulfillment.py
[2026-06-04T18:39:13.548+0000] {subprocess.py:106} INFO - ======================================================================
[2026-06-04T18:39:15.443+0000] {subprocess.py:106} INFO - ============================================================
[2026-06-04T18:39:15.449+0000] {subprocess.py:106} INFO - FCT SELLER FULFILLMENT VALIDATION
[2026-06-04T18:39:15.451+0000] {subprocess.py:106} INFO - ============================================================
[2026-06-04T18:39:17.143+0000] {subprocess.py:106} INFO - 
[2026-06-04T18:39:17.149+0000] {subprocess.py:106} INFO - Final Row Count: 111,041
[2026-06-04T18:39:18.853+0000] {subprocess.py:106} INFO - 
[2026-06-04T18:39:18.878+0000] {subprocess.py:106} INFO - Duplicate Grain Violations: 0
[2026-06-04T18:39:18.962+0000] {subprocess.py:106} INFO - 26/06/04 18:39:18 WARN WindowExec: No Partition Defined for Window operation! Moving all data to a single partition, this can cause serious performance degradation.
[2026-06-04T18:39:18.971+0000] {subprocess.py:106} INFO - 26/06/04 18:39:18 WARN WindowExec: No Partition Defined for Window operation! Moving all data to a single partition, this can cause serious performance degradation.
[2026-06-04T18:39:19.243+0000] {subprocess.py:106} INFO - 26/06/04 18:39:19 WARN WindowExec: No Partition Defined for Window operation! Moving all data to a single partition, this can cause serious performance degradation.
[2026-06-04T18:39:19.253+0000] {subprocess.py:106} INFO - 26/06/04 18:39:19 WARN WindowExec: No Partition Defined for Window operation! Moving all data to a single partition, this can cause serious performance degradation.
[2026-06-04T18:39:19.263+0000] {subprocess.py:106} INFO - 26/06/04 18:39:19 WARN WindowExec: No Partition Defined for Window operation! Moving all data to a single partition, this can cause serious performance degradation.
[2026-06-04T18:39:19.275+0000] {subprocess.py:106} INFO - 26/06/04 18:39:19 WARN WindowExec: No Partition Defined for Window operation! Moving all data to a single partition, this can cause serious performance degradation.
[2026-06-04T18:39:19.372+0000] {subprocess.py:106} INFO - 26/06/04 18:39:19 WARN WindowExec: No Partition Defined for Window operation! Moving all data to a single partition, this can cause serious performance degradation.
[2026-06-04T18:39:19.376+0000] {subprocess.py:106} INFO - 26/06/04 18:39:19 WARN WindowExec: No Partition Defined for Window operation! Moving all data to a single partition, this can cause serious performance degradation.
[2026-06-04T18:39:19.802+0000] {subprocess.py:106} INFO - 26/06/04 18:39:19 WARN WindowExec: No Partition Defined for Window operation! Moving all data to a single partition, this can cause serious performance degradation.
[2026-06-04T18:39:19.840+0000] {subprocess.py:106} INFO - 26/06/04 18:39:19 WARN WindowExec: No Partition Defined for Window operation! Moving all data to a single partition, this can cause serious performance degradation.
[2026-06-04T18:39:20.375+0000] {subprocess.py:106} INFO - Duplicate Fact SK Count: 0
[2026-06-04T18:39:20.379+0000] {subprocess.py:106} INFO - 
[2026-06-04T18:39:20.385+0000] {subprocess.py:106} INFO - Foreign Key Validation:
[2026-06-04T18:39:21.552+0000] {subprocess.py:106} INFO - seller_sk_fk: 0 nulls
[2026-06-04T18:39:22.290+0000] {subprocess.py:106} INFO - product_sk_fk: 18 nulls
[2026-06-04T18:39:23.046+0000] {subprocess.py:106} INFO - purchase_date_sk: 0 nulls
[2026-06-04T18:39:23.071+0000] {subprocess.py:106} INFO - 
[2026-06-04T18:39:23.075+0000] {subprocess.py:106} INFO - Critical Metric Validation:
[2026-06-04T18:39:23.577+0000] {subprocess.py:106} INFO - price: 0 nulls
[2026-06-04T18:39:24.193+0000] {subprocess.py:106} INFO - freight_value: 0 nulls
[2026-06-04T18:39:24.879+0000] {subprocess.py:106} INFO - seller_monthly_orders: 0 nulls
[2026-06-04T18:39:25.716+0000] {subprocess.py:106} INFO - 
[2026-06-04T18:39:25.750+0000] {subprocess.py:106} INFO - Negative Price Values: 0
[2026-06-04T18:39:26.259+0000] {subprocess.py:106} INFO - Negative Freight Values: 0
[2026-06-04T18:39:26.829+0000] {subprocess.py:106} INFO - Invalid Freight Ratios: 0
[2026-06-04T18:39:27.272+0000] {subprocess.py:106} INFO - Invalid Seller Monthly Orders: 0
[2026-06-04T18:39:27.742+0000] {subprocess.py:106} INFO - Inconsistent High Workload Flags: 0
[2026-06-04T18:39:28.151+0000] {subprocess.py:106} INFO - 
[2026-06-04T18:39:28.158+0000] {subprocess.py:106} INFO - Overloaded Seller Records: 0
[2026-06-04T18:39:28.916+0000] {subprocess.py:106} INFO - High Freight Items: 40,600
[2026-06-04T18:39:28.925+0000] {subprocess.py:106} INFO - 
[2026-06-04T18:39:28.928+0000] {subprocess.py:106} INFO - Workload Distribution:
[2026-06-04T18:39:29.480+0000] {subprocess.py:106} INFO - +---------------+-----+
[2026-06-04T18:39:29.482+0000] {subprocess.py:106} INFO - |workload_bucket|count|
[2026-06-04T18:39:29.484+0000] {subprocess.py:106} INFO - +---------------+-----+
[2026-06-04T18:39:29.485+0000] {subprocess.py:106} INFO - |High Volume    |12033|
[2026-06-04T18:39:29.487+0000] {subprocess.py:106} INFO - |Low Volume     |62781|
[2026-06-04T18:39:29.489+0000] {subprocess.py:106} INFO - |Medium Volume  |36227|
[2026-06-04T18:39:29.491+0000] {subprocess.py:106} INFO - +---------------+-----+
[2026-06-04T18:39:29.493+0000] {subprocess.py:106} INFO - 
[2026-06-04T18:39:29.495+0000] {subprocess.py:106} INFO - 
[2026-06-04T18:39:29.497+0000] {subprocess.py:106} INFO - Acquisition Source Distribution:
[2026-06-04T18:39:30.213+0000] {subprocess.py:106} INFO - +------------------+------+
[2026-06-04T18:39:30.238+0000] {subprocess.py:106} INFO - |acquisition_source|count |
[2026-06-04T18:39:30.243+0000] {subprocess.py:106} INFO - +------------------+------+
[2026-06-04T18:39:30.246+0000] {subprocess.py:106} INFO - |unknown           |107526|
[2026-06-04T18:39:30.249+0000] {subprocess.py:106} INFO - |paid_search       |1380  |
[2026-06-04T18:39:30.252+0000] {subprocess.py:106} INFO - |organic_search    |1290  |
[2026-06-04T18:39:30.255+0000] {subprocess.py:106} INFO - |social            |437   |
[2026-06-04T18:39:30.259+0000] {subprocess.py:106} INFO - |direct_traffic    |207   |
[2026-06-04T18:39:30.262+0000] {subprocess.py:106} INFO - |other             |97    |
[2026-06-04T18:39:30.265+0000] {subprocess.py:106} INFO - |referral          |74    |
[2026-06-04T18:39:30.266+0000] {subprocess.py:106} INFO - |email             |23    |
[2026-06-04T18:39:30.268+0000] {subprocess.py:106} INFO - |display           |7     |
[2026-06-04T18:39:30.269+0000] {subprocess.py:106} INFO - +------------------+------+
[2026-06-04T18:39:30.270+0000] {subprocess.py:106} INFO - 
[2026-06-04T18:39:30.271+0000] {subprocess.py:106} INFO - 
[2026-06-04T18:39:30.273+0000] {subprocess.py:106} INFO - KPI Summary:
[2026-06-04T18:39:30.275+0000] {subprocess.py:106} INFO - Total Fulfillment Records: 111,041
[2026-06-04T18:39:30.276+0000] {subprocess.py:106} INFO - High Freight Records: 40,600
[2026-06-04T18:39:30.278+0000] {subprocess.py:106} INFO - Overloaded Seller Records: 0
[2026-06-04T18:39:30.279+0000] {subprocess.py:106} INFO - 
[2026-06-04T18:39:30.281+0000] {subprocess.py:106} INFO - Validation Complete.
[2026-06-04T18:39:30.282+0000] {subprocess.py:106} INFO - ============================================================
[2026-06-04T18:39:30.283+0000] {subprocess.py:106} INFO - 26/06/04 18:39:30 WARN WindowExec: No Partition Defined for Window operation! Moving all data to a single partition, this can cause serious performance degradation.
[2026-06-04T18:39:30.285+0000] {subprocess.py:106} INFO - 26/06/04 18:39:30 WARN WindowExec: No Partition Defined for Window operation! Moving all data to a single partition, this can cause serious performance degradation.
[2026-06-04T18:39:30.287+0000] {subprocess.py:106} INFO - 26/06/04 18:39:30 WARN WindowExec: No Partition Defined for Window operation! Moving all data to a single partition, this can cause serious performance degradation.
[2026-06-04T18:39:30.460+0000] {subprocess.py:106} INFO - 26/06/04 18:39:30 WARN WindowExec: No Partition Defined for Window operation! Moving all data to a single partition, this can cause serious performance degradation.
[2026-06-04T18:39:30.463+0000] {subprocess.py:106} INFO - 26/06/04 18:39:30 WARN WindowExec: No Partition Defined for Window operation! Moving all data to a single partition, this can cause serious performance degradation.
[2026-06-04T18:39:30.469+0000] {subprocess.py:106} INFO - 26/06/04 18:39:30 WARN WindowExec: No Partition Defined for Window operation! Moving all data to a single partition, this can cause serious performance degradation.
[2026-06-04T18:39:30.471+0000] {subprocess.py:106} INFO - 26/06/04 18:39:30 WARN WindowExec: No Partition Defined for Window operation! Moving all data to a single partition, this can cause serious performance degradation.
[2026-06-04T18:39:30.512+0000] {subprocess.py:106} INFO - 26/06/04 18:39:30 WARN WindowExec: No Partition Defined for Window operation! Moving all data to a single partition, this can cause serious performance degradation.
[2026-06-04T18:39:30.515+0000] {subprocess.py:106} INFO - 26/06/04 18:39:30 WARN WindowExec: No Partition Defined for Window operation! Moving all data to a single partition, this can cause serious performance degradation.
[2026-06-04T18:39:30.990+0000] {subprocess.py:106} INFO - 26/06/04 18:39:30 WARN WindowExec: No Partition Defined for Window operation! Moving all data to a single partition, this can cause serious performance degradation.
[2026-06-04T18:39:30.997+0000] {subprocess.py:106} INFO - 26/06/04 18:39:30 WARN WindowExec: No Partition Defined for Window operation! Moving all data to a single partition, this can cause serious performance degradation.
[2026-06-04T18:39:33.063+0000] {subprocess.py:106} INFO - Final Row Count: 111,041
[2026-06-04T18:39:33.084+0000] {subprocess.py:106} INFO - Seller Fulfillment Fact Written Successfully
[2026-06-04T18:39:33.610+0000] {subprocess.py:106} INFO - Execution Time: 20.08 seconds
[2026-06-04T18:39:33.618+0000] {subprocess.py:106} INFO - SUCCESS
[2026-06-04T18:39:33.625+0000] {subprocess.py:106} INFO - 
[2026-06-04T18:39:33.629+0000] {subprocess.py:106} INFO - ======================================================================
[2026-06-04T18:39:33.631+0000] {subprocess.py:106} INFO - RUNNING: build_fct_customer_reviews.py
[2026-06-04T18:39:33.635+0000] {subprocess.py:106} INFO - ======================================================================
[2026-06-04T18:39:34.749+0000] {subprocess.py:106} INFO - ============================================================
[2026-06-04T18:39:34.757+0000] {subprocess.py:106} INFO - FCT CUSTOMER REVIEWS VALIDATION
[2026-06-04T18:39:34.761+0000] {subprocess.py:106} INFO - ============================================================
[2026-06-04T18:39:35.231+0000] {subprocess.py:106} INFO - 
[2026-06-04T18:39:35.233+0000] {subprocess.py:106} INFO - Final Row Count: 93,263
[2026-06-04T18:39:36.877+0000] {subprocess.py:106} INFO - 
[2026-06-04T18:39:36.894+0000] {subprocess.py:106} INFO - Duplicate Review Grain Violations: 0
[2026-06-04T18:39:37.007+0000] {subprocess.py:106} INFO - 26/06/04 18:39:37 WARN WindowExec: No Partition Defined for Window operation! Moving all data to a single partition, this can cause serious performance degradation.
[2026-06-04T18:39:37.010+0000] {subprocess.py:106} INFO - 26/06/04 18:39:37 WARN WindowExec: No Partition Defined for Window operation! Moving all data to a single partition, this can cause serious performance degradation.
[2026-06-04T18:39:37.214+0000] {subprocess.py:106} INFO - 26/06/04 18:39:37 WARN WindowExec: No Partition Defined for Window operation! Moving all data to a single partition, this can cause serious performance degradation.
[2026-06-04T18:39:37.218+0000] {subprocess.py:106} INFO - 26/06/04 18:39:37 WARN WindowExec: No Partition Defined for Window operation! Moving all data to a single partition, this can cause serious performance degradation.
[2026-06-04T18:39:37.238+0000] {subprocess.py:106} INFO - 26/06/04 18:39:37 WARN WindowExec: No Partition Defined for Window operation! Moving all data to a single partition, this can cause serious performance degradation.
[2026-06-04T18:39:37.243+0000] {subprocess.py:106} INFO - 26/06/04 18:39:37 WARN WindowExec: No Partition Defined for Window operation! Moving all data to a single partition, this can cause serious performance degradation.
[2026-06-04T18:39:37.615+0000] {subprocess.py:106} INFO - 26/06/04 18:39:37 WARN WindowExec: No Partition Defined for Window operation! Moving all data to a single partition, this can cause serious performance degradation.
[2026-06-04T18:39:37.622+0000] {subprocess.py:106} INFO - 26/06/04 18:39:37 WARN WindowExec: No Partition Defined for Window operation! Moving all data to a single partition, this can cause serious performance degradation.
[2026-06-04T18:39:37.922+0000] {subprocess.py:106} INFO - Duplicate Fact SK Count: 0
[2026-06-04T18:39:37.924+0000] {subprocess.py:106} INFO - 
[2026-06-04T18:39:37.928+0000] {subprocess.py:106} INFO - Foreign Key Validation:
[2026-06-04T18:39:39.147+0000] {subprocess.py:106} INFO - seller_sk_fk: 680 nulls
[2026-06-04T18:39:39.748+0000] {subprocess.py:106} INFO - review_date_sk: 46 nulls
[2026-06-04T18:39:40.307+0000] {subprocess.py:106} INFO - response_date_sk Missing: 0
[2026-06-04T18:39:40.741+0000] {subprocess.py:106} INFO - 
[2026-06-04T18:39:40.754+0000] {subprocess.py:106} INFO - Invalid Review Scores: 0
[2026-06-04T18:39:40.757+0000] {subprocess.py:106} INFO - 
[2026-06-04T18:39:40.762+0000] {subprocess.py:106} INFO - Critical Null Validation:
[2026-06-04T18:39:41.079+0000] {subprocess.py:106} INFO - review_id: 1 nulls
[2026-06-04T18:39:41.513+0000] {subprocess.py:106} INFO - order_id: 0 nulls
[2026-06-04T18:39:42.418+0000] {subprocess.py:106} INFO - review_score: 1 nulls
[2026-06-04T18:39:42.821+0000] {subprocess.py:106} INFO - sentiment_category: 0 nulls
[2026-06-04T18:39:43.295+0000] {subprocess.py:106} INFO - 
[2026-06-04T18:39:43.338+0000] {subprocess.py:106} INFO - Negative Response Days: 0
[2026-06-04T18:39:44.120+0000] {subprocess.py:106} INFO - Negative Delivery Duration: 0
[2026-06-04T18:39:44.658+0000] {subprocess.py:106} INFO - Inconsistent Negative Review Flags: 0
[2026-06-04T18:39:45.184+0000] {subprocess.py:106} INFO - Inconsistent Positive Review Flags: 0
[2026-06-04T18:39:45.658+0000] {subprocess.py:106} INFO - Inconsistent Low Rating Flags: 0
[2026-06-04T18:39:45.748+0000] {subprocess.py:106} INFO - Inconsistent Excellent Rating Flags: 0
[2026-06-04T18:39:45.750+0000] {subprocess.py:106} INFO - 
[2026-06-04T18:39:45.752+0000] {subprocess.py:106} INFO - Sentiment Distribution:
[2026-06-04T18:39:48.427+0000] {subprocess.py:106} INFO - +------------------+-----+
[2026-06-04T18:39:48.458+0000] {subprocess.py:106} INFO - |sentiment_category|count|
[2026-06-04T18:39:48.474+0000] {subprocess.py:106} INFO - +------------------+-----+
[2026-06-04T18:39:48.483+0000] {subprocess.py:106} INFO - |Positive          |72561|
[2026-06-04T18:39:48.486+0000] {subprocess.py:106} INFO - |Neutral           |7671 |
[2026-06-04T18:39:48.490+0000] {subprocess.py:106} INFO - |Negative          |13031|
[2026-06-04T18:39:48.491+0000] {subprocess.py:106} INFO - +------------------+-----+
[2026-06-04T18:39:48.495+0000] {subprocess.py:106} INFO - 
[2026-06-04T18:39:48.498+0000] {subprocess.py:106} INFO - 
[2026-06-04T18:39:48.500+0000] {subprocess.py:106} INFO - Delivery Experience Distribution:
[2026-06-04T18:39:49.540+0000] {subprocess.py:106} INFO - +---------------------------+-----+
[2026-06-04T18:39:49.549+0000] {subprocess.py:106} INFO - |delivery_experience_segment|count|
[2026-06-04T18:39:49.552+0000] {subprocess.py:106} INFO - +---------------------------+-----+
[2026-06-04T18:39:49.562+0000] {subprocess.py:106} INFO - |Complex Fulfillment        |650  |
[2026-06-04T18:39:49.576+0000] {subprocess.py:106} INFO - |Mixed Experience           |18338|
[2026-06-04T18:39:49.584+0000] {subprocess.py:106} INFO - |Successful Delivery        |70558|
[2026-06-04T18:39:49.589+0000] {subprocess.py:106} INFO - |Delivery Failure           |3717 |
[2026-06-04T18:39:49.597+0000] {subprocess.py:106} INFO - +---------------------------+-----+
[2026-06-04T18:39:49.600+0000] {subprocess.py:106} INFO - 
[2026-06-04T18:39:50.436+0000] {subprocess.py:106} INFO - 
[2026-06-04T18:39:50.444+0000] {subprocess.py:106} INFO - Delayed Delivery Negative Reviews: 3,717
[2026-06-04T18:39:50.446+0000] {subprocess.py:106} INFO - 
[2026-06-04T18:39:50.447+0000] {subprocess.py:106} INFO - Distance Bucket Distribution:
[2026-06-04T18:39:51.794+0000] {subprocess.py:106} INFO - +---------------+-----+
[2026-06-04T18:39:51.828+0000] {subprocess.py:106} INFO - |distance_bucket|count|
[2026-06-04T18:39:51.832+0000] {subprocess.py:106} INFO - +---------------+-----+
[2026-06-04T18:39:51.835+0000] {subprocess.py:106} INFO - |Same State     |33243|
[2026-06-04T18:39:51.840+0000] {subprocess.py:106} INFO - |Unknown        |679  |
[2026-06-04T18:39:51.843+0000] {subprocess.py:106} INFO - |Cross Region   |35023|
[2026-06-04T18:39:51.845+0000] {subprocess.py:106} INFO - |Same Region    |24317|
[2026-06-04T18:39:51.850+0000] {subprocess.py:106} INFO - |NULL           |1    |
[2026-06-04T18:39:51.851+0000] {subprocess.py:106} INFO - +---------------+-----+
[2026-06-04T18:39:51.853+0000] {subprocess.py:106} INFO - 
[2026-06-04T18:39:54.513+0000] {subprocess.py:106} INFO - 
[2026-06-04T18:39:54.525+0000] {subprocess.py:106} INFO - KPI Summary:
[2026-06-04T18:39:54.528+0000] {subprocess.py:106} INFO - Positive Reviews: 72,560
[2026-06-04T18:39:54.532+0000] {subprocess.py:106} INFO - Negative Reviews: 13,031
[2026-06-04T18:39:54.536+0000] {subprocess.py:106} INFO - Low Ratings: 13,031
[2026-06-04T18:39:54.542+0000] {subprocess.py:106} INFO - Excellent Ratings: 54,307
[2026-06-04T18:39:54.546+0000] {subprocess.py:106} INFO - 
[2026-06-04T18:39:54.547+0000] {subprocess.py:106} INFO - Validation Complete.
[2026-06-04T18:39:54.549+0000] {subprocess.py:106} INFO - ============================================================
[2026-06-04T18:39:54.580+0000] {subprocess.py:106} INFO - 26/06/04 18:39:54 WARN WindowExec: No Partition Defined for Window operation! Moving all data to a single partition, this can cause serious performance degradation.
[2026-06-04T18:39:54.584+0000] {subprocess.py:106} INFO - 26/06/04 18:39:54 WARN WindowExec: No Partition Defined for Window operation! Moving all data to a single partition, this can cause serious performance degradation.
[2026-06-04T18:39:54.589+0000] {subprocess.py:106} INFO - 26/06/04 18:39:54 WARN WindowExec: No Partition Defined for Window operation! Moving all data to a single partition, this can cause serious performance degradation.
[2026-06-04T18:39:55.287+0000] {subprocess.py:106} INFO - 26/06/04 18:39:55 WARN WindowExec: No Partition Defined for Window operation! Moving all data to a single partition, this can cause serious performance degradation.
[2026-06-04T18:39:55.330+0000] {subprocess.py:106} INFO - 26/06/04 18:39:55 WARN WindowExec: No Partition Defined for Window operation! Moving all data to a single partition, this can cause serious performance degradation.
[2026-06-04T18:39:55.342+0000] {subprocess.py:106} INFO - 26/06/04 18:39:55 WARN WindowExec: No Partition Defined for Window operation! Moving all data to a single partition, this can cause serious performance degradation.
[2026-06-04T18:39:55.351+0000] {subprocess.py:106} INFO - 26/06/04 18:39:55 WARN WindowExec: No Partition Defined for Window operation! Moving all data to a single partition, this can cause serious performance degradation.
[2026-06-04T18:39:56.093+0000] {subprocess.py:106} INFO - 26/06/04 18:39:56 WARN WindowExec: No Partition Defined for Window operation! Moving all data to a single partition, this can cause serious performance degradation.
[2026-06-04T18:39:56.097+0000] {subprocess.py:106} INFO - 26/06/04 18:39:56 WARN WindowExec: No Partition Defined for Window operation! Moving all data to a single partition, this can cause serious performance degradation.
[2026-06-04T18:39:58.589+0000] {subprocess.py:106} INFO - Final Row Count: 93,263
[2026-06-04T18:39:58.984+0000] {subprocess.py:106} INFO - Execution Time: 25.37 seconds
[2026-06-04T18:39:58.990+0000] {subprocess.py:106} INFO - SUCCESS
[2026-06-04T18:39:58.992+0000] {subprocess.py:106} INFO - 
[2026-06-04T18:39:58.995+0000] {subprocess.py:106} INFO - ======================================================================
[2026-06-04T18:39:58.999+0000] {subprocess.py:106} INFO - RUNNING: build_fct_order_sales.py
[2026-06-04T18:39:59.000+0000] {subprocess.py:106} INFO - ======================================================================
[2026-06-04T18:40:00.930+0000] {subprocess.py:106} INFO - ============================================================
[2026-06-04T18:40:00.941+0000] {subprocess.py:106} INFO - FCT ORDER SALES VALIDATION
[2026-06-04T18:40:00.952+0000] {subprocess.py:106} INFO - ============================================================
[2026-06-04T18:40:02.972+0000] {subprocess.py:106} INFO - 
[2026-06-04T18:40:02.985+0000] {subprocess.py:106} INFO - Final Row Count: 111,041
[2026-06-04T18:40:05.875+0000] {subprocess.py:106} INFO - 
[2026-06-04T18:40:05.894+0000] {subprocess.py:106} INFO - Duplicate Grain Violations: 0
[2026-06-04T18:40:05.969+0000] {subprocess.py:106} INFO - 26/06/04 18:40:05 WARN WindowExec: No Partition Defined for Window operation! Moving all data to a single partition, this can cause serious performance degradation.
[2026-06-04T18:40:05.979+0000] {subprocess.py:106} INFO - 26/06/04 18:40:05 WARN WindowExec: No Partition Defined for Window operation! Moving all data to a single partition, this can cause serious performance degradation.
[2026-06-04T18:40:06.530+0000] {subprocess.py:106} INFO - 26/06/04 18:40:06 WARN WindowExec: No Partition Defined for Window operation! Moving all data to a single partition, this can cause serious performance degradation.
[2026-06-04T18:40:06.545+0000] {subprocess.py:106} INFO - 26/06/04 18:40:06 WARN WindowExec: No Partition Defined for Window operation! Moving all data to a single partition, this can cause serious performance degradation.
[2026-06-04T18:40:06.551+0000] {subprocess.py:106} INFO - 26/06/04 18:40:06 WARN WindowExec: No Partition Defined for Window operation! Moving all data to a single partition, this can cause serious performance degradation.
[2026-06-04T18:40:06.557+0000] {subprocess.py:106} INFO - 26/06/04 18:40:06 WARN WindowExec: No Partition Defined for Window operation! Moving all data to a single partition, this can cause serious performance degradation.
[2026-06-04T18:40:06.723+0000] {subprocess.py:106} INFO - 26/06/04 18:40:06 WARN WindowExec: No Partition Defined for Window operation! Moving all data to a single partition, this can cause serious performance degradation.
[2026-06-04T18:40:06.731+0000] {subprocess.py:106} INFO - 26/06/04 18:40:06 WARN WindowExec: No Partition Defined for Window operation! Moving all data to a single partition, this can cause serious performance degradation.
[2026-06-04T18:40:07.317+0000] {subprocess.py:106} INFO - 26/06/04 18:40:07 WARN WindowExec: No Partition Defined for Window operation! Moving all data to a single partition, this can cause serious performance degradation.
[2026-06-04T18:40:07.358+0000] {subprocess.py:106} INFO - 26/06/04 18:40:07 WARN WindowExec: No Partition Defined for Window operation! Moving all data to a single partition, this can cause serious performance degradation.
[2026-06-04T18:40:07.915+0000] {subprocess.py:106} INFO - 26/06/04 18:40:07 WARN WindowExec: No Partition Defined for Window operation! Moving all data to a single partition, this can cause serious performance degradation.
[2026-06-04T18:40:07.920+0000] {subprocess.py:106} INFO - 26/06/04 18:40:07 WARN WindowExec: No Partition Defined for Window operation! Moving all data to a single partition, this can cause serious performance degradation.
[2026-06-04T18:40:08.264+0000] {subprocess.py:106} INFO - Duplicate Fact SK Count: 0
[2026-06-04T18:40:08.277+0000] {subprocess.py:106} INFO - 
[2026-06-04T18:40:08.284+0000] {subprocess.py:106} INFO - Foreign Key Validation:
[2026-06-04T18:40:09.946+0000] {subprocess.py:106} INFO - product_sk_fk: 18 nulls
[2026-06-04T18:40:11.475+0000] {subprocess.py:106} INFO - seller_sk_fk: 0 nulls
[2026-06-04T18:40:13.241+0000] {subprocess.py:106} INFO - customer_sk_fk: 0 nulls
[2026-06-04T18:40:15.098+0000] {subprocess.py:106} INFO - sales_date_sk: 0 nulls
[2026-06-04T18:40:15.121+0000] {subprocess.py:106} INFO - 
[2026-06-04T18:40:15.126+0000] {subprocess.py:106} INFO - Critical Null Validation:
[2026-06-04T18:40:16.329+0000] {subprocess.py:106} INFO - order_id: 0 nulls
[2026-06-04T18:40:17.977+0000] {subprocess.py:106} INFO - order_item_id: 0 nulls
[2026-06-04T18:40:18.924+0000] {subprocess.py:106} INFO - price: 0 nulls
[2026-06-04T18:40:19.917+0000] {subprocess.py:106} INFO - allocated_payment_value: 3 nulls
[2026-06-04T18:40:20.954+0000] {subprocess.py:106} INFO - 
[2026-06-04T18:40:20.967+0000] {subprocess.py:106} INFO - Negative Price Values: 0
[2026-06-04T18:40:22.354+0000] {subprocess.py:106} INFO - Negative Payment Values: 0
[2026-06-04T18:40:23.162+0000] {subprocess.py:106} INFO - Negative Order Values: 0
[2026-06-04T18:40:24.180+0000] {subprocess.py:106} INFO - Negative Freight Values: 0
[2026-06-04T18:40:26.472+0000] {subprocess.py:106} INFO - Freight Ratios above 1 : 4054
[2026-06-04T18:40:26.480+0000] {subprocess.py:106} INFO - Invalid Freight Ratios below 0 : 0
[2026-06-04T18:40:27.619+0000] {subprocess.py:106} INFO - Invalid Item Sales Ratios: 0
[2026-06-04T18:40:28.249+0000] {subprocess.py:106} INFO - Invalid Product Volume: 0
[2026-06-04T18:40:30.070+0000] {subprocess.py:106} INFO - Invalid Seller Item Counts: 0
[2026-06-04T18:40:30.846+0000] {subprocess.py:106} INFO - Invalid Installment Counts: 0
[2026-06-04T18:40:32.487+0000] {subprocess.py:106} INFO - Inconsistent Installment Flags: 0
[2026-06-04T18:40:33.523+0000] {subprocess.py:106} INFO - Inconsistent High Freight Flags: 0
[2026-06-04T18:40:35.350+0000] {subprocess.py:106} INFO - 
[2026-06-04T18:40:35.357+0000] {subprocess.py:106} INFO - High Ticket Records: 995
[2026-06-04T18:40:36.220+0000] {subprocess.py:106} INFO - Installment Records: 57,935
[2026-06-04T18:40:37.173+0000] {subprocess.py:106} INFO - High Freight Records: 40,574
[2026-06-04T18:40:37.192+0000] {subprocess.py:106} INFO - 
[2026-06-04T18:40:37.194+0000] {subprocess.py:106} INFO - KPI Summary:
[2026-06-04T18:40:37.196+0000] {subprocess.py:106} INFO - Total Sales Records: 111,041
[2026-06-04T18:40:37.198+0000] {subprocess.py:106} INFO - High Ticket Records: 995
[2026-06-04T18:40:37.200+0000] {subprocess.py:106} INFO - Installment Records: 57,935
[2026-06-04T18:40:37.201+0000] {subprocess.py:106} INFO - High Freight Records: 40,574
[2026-06-04T18:40:37.202+0000] {subprocess.py:106} INFO - 
[2026-06-04T18:40:37.203+0000] {subprocess.py:106} INFO - Validation Complete.
[2026-06-04T18:40:37.204+0000] {subprocess.py:106} INFO - ============================================================
[2026-06-04T18:40:37.240+0000] {subprocess.py:106} INFO - 26/06/04 18:40:37 WARN WindowExec: No Partition Defined for Window operation! Moving all data to a single partition, this can cause serious performance degradation.
[2026-06-04T18:40:37.244+0000] {subprocess.py:106} INFO - 26/06/04 18:40:37 WARN WindowExec: No Partition Defined for Window operation! Moving all data to a single partition, this can cause serious performance degradation.
[2026-06-04T18:40:37.251+0000] {subprocess.py:106} INFO - 26/06/04 18:40:37 WARN WindowExec: No Partition Defined for Window operation! Moving all data to a single partition, this can cause serious performance degradation.
[2026-06-04T18:40:37.714+0000] {subprocess.py:106} INFO - 26/06/04 18:40:37 WARN WindowExec: No Partition Defined for Window operation! Moving all data to a single partition, this can cause serious performance degradation.
[2026-06-04T18:40:37.724+0000] {subprocess.py:106} INFO - 26/06/04 18:40:37 WARN WindowExec: No Partition Defined for Window operation! Moving all data to a single partition, this can cause serious performance degradation.
[2026-06-04T18:40:37.734+0000] {subprocess.py:106} INFO - 26/06/04 18:40:37 WARN WindowExec: No Partition Defined for Window operation! Moving all data to a single partition, this can cause serious performance degradation.
[2026-06-04T18:40:37.742+0000] {subprocess.py:106} INFO - 26/06/04 18:40:37 WARN WindowExec: No Partition Defined for Window operation! Moving all data to a single partition, this can cause serious performance degradation.
[2026-06-04T18:40:37.867+0000] {subprocess.py:106} INFO - 26/06/04 18:40:37 WARN WindowExec: No Partition Defined for Window operation! Moving all data to a single partition, this can cause serious performance degradation.
[2026-06-04T18:40:37.874+0000] {subprocess.py:106} INFO - 26/06/04 18:40:37 WARN WindowExec: No Partition Defined for Window operation! Moving all data to a single partition, this can cause serious performance degradation.
[2026-06-04T18:40:38.461+0000] {subprocess.py:106} INFO - 26/06/04 18:40:38 WARN WindowExec: No Partition Defined for Window operation! Moving all data to a single partition, this can cause serious performance degradation.
[2026-06-04T18:40:38.517+0000] {subprocess.py:106} INFO - 26/06/04 18:40:38 WARN WindowExec: No Partition Defined for Window operation! Moving all data to a single partition, this can cause serious performance degradation.
[2026-06-04T18:40:39.414+0000] {subprocess.py:106} INFO - 26/06/04 18:40:39 WARN WindowExec: No Partition Defined for Window operation! Moving all data to a single partition, this can cause serious performance degradation.
[2026-06-04T18:40:39.442+0000] {subprocess.py:106} INFO - 26/06/04 18:40:39 WARN WindowExec: No Partition Defined for Window operation! Moving all data to a single partition, this can cause serious performance degradation.
[2026-06-04T18:40:44.133+0000] {subprocess.py:106} INFO - Final Row Count: 111,041
[2026-06-04T18:40:44.665+0000] {subprocess.py:106} INFO - Execution Time: 45.68 seconds
[2026-06-04T18:40:44.675+0000] {subprocess.py:106} INFO - SUCCESS
[2026-06-04T18:40:44.679+0000] {subprocess.py:106} INFO - 
[2026-06-04T18:40:44.684+0000] {subprocess.py:106} INFO - 
[2026-06-04T18:40:44.688+0000] {subprocess.py:106} INFO - ======================================================================
[2026-06-04T18:40:44.696+0000] {subprocess.py:106} INFO - STARTING BUSINESS MARTS
[2026-06-04T18:40:44.703+0000] {subprocess.py:106} INFO - ======================================================================
[2026-06-04T18:40:44.705+0000] {subprocess.py:106} INFO - 
[2026-06-04T18:40:44.709+0000] {subprocess.py:106} INFO - ======================================================================
[2026-06-04T18:40:44.711+0000] {subprocess.py:106} INFO - RUNNING: build_seller_performance_mart.py
[2026-06-04T18:40:44.714+0000] {subprocess.py:106} INFO - ======================================================================
[2026-06-04T18:40:45.807+0000] {subprocess.py:106} INFO - 
[2026-06-04T18:40:45.821+0000] {subprocess.py:106} INFO - Loading Seller Performance Staging
[2026-06-04T18:40:46.745+0000] {subprocess.py:106} INFO - 
[2026-06-04T18:40:46.752+0000] {subprocess.py:106} INFO - Loading Seller Dimension
[2026-06-04T18:40:47.885+0000] {subprocess.py:106} INFO - +-------+------------------+
[2026-06-04T18:40:47.892+0000] {subprocess.py:106} INFO - |summary|      on_time_rate|
[2026-06-04T18:40:47.896+0000] {subprocess.py:106} INFO - +-------+------------------+
[2026-06-04T18:40:47.898+0000] {subprocess.py:106} INFO - |  count|             16169|
[2026-06-04T18:40:47.900+0000] {subprocess.py:106} INFO - |   mean|0.8994307069082743|
[2026-06-04T18:40:47.901+0000] {subprocess.py:106} INFO - | stddev|0.2386460475026155|
[2026-06-04T18:40:47.903+0000] {subprocess.py:106} INFO - |    min|               0.0|
[2026-06-04T18:40:47.905+0000] {subprocess.py:106} INFO - |    max|               1.0|
[2026-06-04T18:40:47.907+0000] {subprocess.py:106} INFO - +-------+------------------+
[2026-06-04T18:40:47.910+0000] {subprocess.py:106} INFO - 
[2026-06-04T18:40:48.174+0000] {subprocess.py:106} INFO - +-------+------------------+
[2026-06-04T18:40:48.176+0000] {subprocess.py:106} INFO - |summary|  avg_review_score|
[2026-06-04T18:40:48.184+0000] {subprocess.py:106} INFO - +-------+------------------+
[2026-06-04T18:40:48.186+0000] {subprocess.py:106} INFO - |  count|             13533|
[2026-06-04T18:40:48.190+0000] {subprocess.py:106} INFO - |   mean| 4.227428508091296|
[2026-06-04T18:40:48.194+0000] {subprocess.py:106} INFO - | stddev|0.8748895167814951|
[2026-06-04T18:40:48.197+0000] {subprocess.py:106} INFO - |    min|               1.0|
[2026-06-04T18:40:48.198+0000] {subprocess.py:106} INFO - |    max|               5.0|
[2026-06-04T18:40:48.199+0000] {subprocess.py:106} INFO - +-------+------------------+
[2026-06-04T18:40:48.201+0000] {subprocess.py:106} INFO - 
[2026-06-04T18:40:48.487+0000] {subprocess.py:106} INFO - +-------+-------------------+
[2026-06-04T18:40:48.493+0000] {subprocess.py:106} INFO - |summary| volume_growth_rate|
[2026-06-04T18:40:48.497+0000] {subprocess.py:106} INFO - +-------+-------------------+
[2026-06-04T18:40:48.498+0000] {subprocess.py:106} INFO - |  count|              13099|
[2026-06-04T18:40:48.502+0000] {subprocess.py:106} INFO - |   mean| 0.4378423150023811|
[2026-06-04T18:40:48.505+0000] {subprocess.py:106} INFO - | stddev|  1.655860225835732|
[2026-06-04T18:40:48.511+0000] {subprocess.py:106} INFO - |    min|-0.9682539682539683|
[2026-06-04T18:40:48.521+0000] {subprocess.py:106} INFO - |    max|               49.0|
[2026-06-04T18:40:48.525+0000] {subprocess.py:106} INFO - +-------+-------------------+
[2026-06-04T18:40:48.532+0000] {subprocess.py:106} INFO - 
[2026-06-04T18:40:48.773+0000] {subprocess.py:106} INFO - +-------+--------------------+
[2026-06-04T18:40:48.777+0000] {subprocess.py:106} INFO - |summary|avg_monthly_workload|
[2026-06-04T18:40:48.781+0000] {subprocess.py:106} INFO - +-------+--------------------+
[2026-06-04T18:40:48.785+0000] {subprocess.py:106} INFO - |  count|               16169|
[2026-06-04T18:40:48.786+0000] {subprocess.py:106} INFO - |   mean|   6.852866596573691|
[2026-06-04T18:40:48.787+0000] {subprocess.py:106} INFO - | stddev|  14.480943836330988|
[2026-06-04T18:40:48.789+0000] {subprocess.py:106} INFO - |    min|                 1.0|
[2026-06-04T18:40:48.792+0000] {subprocess.py:106} INFO - |    max|               358.0|
[2026-06-04T18:40:48.795+0000] {subprocess.py:106} INFO - +-------+--------------------+
[2026-06-04T18:40:48.797+0000] {subprocess.py:106} INFO - 
[2026-06-04T18:40:48.799+0000] {subprocess.py:106} INFO - 
[2026-06-04T18:40:48.801+0000] {subprocess.py:106} INFO - Count of avg_monthly_workload is lower bec of nulls on new sellers which is 3,070
[2026-06-04T18:40:48.946+0000] {subprocess.py:106} INFO - 
[2026-06-04T18:40:48.950+0000] {subprocess.py:106} INFO - =================================================
[2026-06-04T18:40:48.953+0000] {subprocess.py:106} INFO - RUNNING MART VALIDATIONS
[2026-06-04T18:40:48.956+0000] {subprocess.py:106} INFO - =================================================
[2026-06-04T18:40:48.959+0000] {subprocess.py:106} INFO - 
[2026-06-04T18:40:48.961+0000] {subprocess.py:106} INFO - ======================================================================
[2026-06-04T18:40:48.964+0000] {subprocess.py:106} INFO - SELLER PERFORMANCE MART VALIDATION
[2026-06-04T18:40:48.967+0000] {subprocess.py:106} INFO - ======================================================================
[2026-06-04T18:40:49.124+0000] {subprocess.py:106} INFO - 
[2026-06-04T18:40:49.125+0000] {subprocess.py:106} INFO - Final Row Count: 16,169
[2026-06-04T18:40:49.453+0000] {subprocess.py:106} INFO - 
[2026-06-04T18:40:49.462+0000] {subprocess.py:106} INFO - Duplicate Seller-Month Records: 0
[2026-06-04T18:40:49.468+0000] {subprocess.py:106} INFO - 
[2026-06-04T18:40:49.473+0000] {subprocess.py:106} INFO - Foreign Key Validation:
[2026-06-04T18:40:49.653+0000] {subprocess.py:106} INFO - seller_sk_fk: 0 nulls
[2026-06-04T18:40:50.142+0000] {subprocess.py:106} INFO - 
[2026-06-04T18:40:50.146+0000] {subprocess.py:106} INFO - Invalid Seller Scores: 0
[2026-06-04T18:40:50.148+0000] {subprocess.py:106} INFO - 
[2026-06-04T18:40:50.151+0000] {subprocess.py:106} INFO - Critical Null Validation:
[2026-06-04T18:40:50.429+0000] {subprocess.py:106} INFO - seller_id: 0 nulls
[2026-06-04T18:40:50.629+0000] {subprocess.py:106} INFO - performance_year: 0 nulls
[2026-06-04T18:40:50.738+0000] {subprocess.py:106} INFO - performance_month: 0 nulls
[2026-06-04T18:40:50.974+0000] {subprocess.py:106} INFO - seller_score: 2,636 nulls
[2026-06-04T18:40:51.032+0000] {subprocess.py:106} INFO - seller_risk_level: 0 nulls
[2026-06-04T18:40:51.069+0000] {subprocess.py:106} INFO - seller_rank_tier: 0 nulls
[2026-06-04T18:40:51.823+0000] {subprocess.py:106} INFO - 
[2026-06-04T18:40:51.834+0000] {subprocess.py:106} INFO - KPI Validation:
[2026-06-04T18:40:51.839+0000] {subprocess.py:106} INFO - Negative Monthly Orders: 0
[2026-06-04T18:40:51.844+0000] {subprocess.py:106} INFO - Invalid Review Scores: 0
[2026-06-04T18:40:51.848+0000] {subprocess.py:106} INFO - Invalid On-Time Rates: 0
[2026-06-04T18:40:51.852+0000] {subprocess.py:106} INFO - Negative Workload Values: 0
[2026-06-04T18:40:51.855+0000] {subprocess.py:106} INFO - 
[2026-06-04T18:40:51.859+0000] {subprocess.py:106} INFO - Risk Level Distribution:
[2026-06-04T18:40:52.152+0000] {subprocess.py:106} INFO - +-----------------+-----+
[2026-06-04T18:40:52.154+0000] {subprocess.py:106} INFO - |seller_risk_level|count|
[2026-06-04T18:40:52.156+0000] {subprocess.py:106} INFO - +-----------------+-----+
[2026-06-04T18:40:52.157+0000] {subprocess.py:106} INFO - |At Risk          |1442 |
[2026-06-04T18:40:52.160+0000] {subprocess.py:106} INFO - |Healthy          |4824 |
[2026-06-04T18:40:52.162+0000] {subprocess.py:106} INFO - |Critical         |3009 |
[2026-06-04T18:40:52.166+0000] {subprocess.py:106} INFO - |Warning          |6894 |
[2026-06-04T18:40:52.168+0000] {subprocess.py:106} INFO - +-----------------+-----+
[2026-06-04T18:40:52.170+0000] {subprocess.py:106} INFO - 
[2026-06-04T18:40:52.171+0000] {subprocess.py:106} INFO - 
[2026-06-04T18:40:52.172+0000] {subprocess.py:106} INFO - Seller Tier Distribution:
[2026-06-04T18:40:52.429+0000] {subprocess.py:106} INFO - +----------------------+-----+
[2026-06-04T18:40:52.435+0000] {subprocess.py:106} INFO - |seller_rank_tier      |count|
[2026-06-04T18:40:52.438+0000] {subprocess.py:106} INFO - +----------------------+-----+
[2026-06-04T18:40:52.443+0000] {subprocess.py:106} INFO - |Top Seller            |5862 |
[2026-06-04T18:40:52.446+0000] {subprocess.py:106} INFO - |Standard Seller       |4075 |
[2026-06-04T18:40:52.453+0000] {subprocess.py:106} INFO - |Underperforming Seller|3750 |
[2026-06-04T18:40:52.456+0000] {subprocess.py:106} INFO - |Elite Seller          |2482 |
[2026-06-04T18:40:52.459+0000] {subprocess.py:106} INFO - +----------------------+-----+
[2026-06-04T18:40:52.462+0000] {subprocess.py:106} INFO - 
[2026-06-04T18:40:52.465+0000] {subprocess.py:106} INFO - 
[2026-06-04T18:40:52.468+0000] {subprocess.py:106} INFO - Performance Category Distribution:
[2026-06-04T18:40:52.767+0000] {subprocess.py:106} INFO - +---------------------------+-----+
[2026-06-04T18:40:52.774+0000] {subprocess.py:106} INFO - |seller_performance_category|count|
[2026-06-04T18:40:52.776+0000] {subprocess.py:106} INFO - +---------------------------+-----+
[2026-06-04T18:40:52.785+0000] {subprocess.py:106} INFO - |Top Performer              |4546 |
[2026-06-04T18:40:52.790+0000] {subprocess.py:106} INFO - |At Risk                    |778  |
[2026-06-04T18:40:52.797+0000] {subprocess.py:106} INFO - |Stable                     |7775 |
[2026-06-04T18:40:52.799+0000] {subprocess.py:106} INFO - |New Seller                 |3070 |
[2026-06-04T18:40:52.801+0000] {subprocess.py:106} INFO - +---------------------------+-----+
[2026-06-04T18:40:52.803+0000] {subprocess.py:106} INFO - 
[2026-06-04T18:40:52.805+0000] {subprocess.py:106} INFO - 
[2026-06-04T18:40:52.807+0000] {subprocess.py:106} INFO - KPI Summary:
[2026-06-04T18:40:53.976+0000] {subprocess.py:106} INFO - Healthy Sellers: 4,824
[2026-06-04T18:40:53.982+0000] {subprocess.py:106} INFO - Warning Sellers: 6,894
[2026-06-04T18:40:53.985+0000] {subprocess.py:106} INFO - At Risk Sellers: 1,442
[2026-06-04T18:40:53.987+0000] {subprocess.py:106} INFO - Critical Sellers: 3,009
[2026-06-04T18:40:53.988+0000] {subprocess.py:106} INFO - 
[2026-06-04T18:40:53.989+0000] {subprocess.py:106} INFO - Validation Completed Successfully.
[2026-06-04T18:40:53.990+0000] {subprocess.py:106} INFO - 
[2026-06-04T18:40:53.992+0000] {subprocess.py:106} INFO - =================================================
[2026-06-04T18:40:53.993+0000] {subprocess.py:106} INFO - WRITING SELLER PERFORMANCE MART
[2026-06-04T18:40:53.996+0000] {subprocess.py:106} INFO - =================================================
[2026-06-04T18:40:54.612+0000] {subprocess.py:106} INFO - Seller Performance Mart Written Successfully
[2026-06-04T18:40:54.618+0000] {subprocess.py:106} INFO - 
[2026-06-04T18:40:54.624+0000] {subprocess.py:106} INFO - =================================================
[2026-06-04T18:40:54.632+0000] {subprocess.py:106} INFO - SELLER PERFORMANCE MART COMPLETED
[2026-06-04T18:40:54.639+0000] {subprocess.py:106} INFO - =================================================
[2026-06-04T18:40:54.976+0000] {subprocess.py:106} INFO - Final Row Count: 16,169
[2026-06-04T18:40:54.979+0000] {subprocess.py:106} INFO - 
[2026-06-04T18:40:54.981+0000] {subprocess.py:106} INFO - Risk Distribution:
[2026-06-04T18:40:55.453+0000] {subprocess.py:106} INFO - +-----------------+-----+
[2026-06-04T18:40:55.463+0000] {subprocess.py:106} INFO - |seller_risk_level|count|
[2026-06-04T18:40:55.466+0000] {subprocess.py:106} INFO - +-----------------+-----+
[2026-06-04T18:40:55.469+0000] {subprocess.py:106} INFO - |At Risk          |1442 |
[2026-06-04T18:40:55.473+0000] {subprocess.py:106} INFO - |Healthy          |4824 |
[2026-06-04T18:40:55.480+0000] {subprocess.py:106} INFO - |Critical         |3009 |
[2026-06-04T18:40:55.484+0000] {subprocess.py:106} INFO - |Warning          |6894 |
[2026-06-04T18:40:55.489+0000] {subprocess.py:106} INFO - +-----------------+-----+
[2026-06-04T18:40:55.491+0000] {subprocess.py:106} INFO - 
[2026-06-04T18:40:55.493+0000] {subprocess.py:106} INFO - 
[2026-06-04T18:40:55.498+0000] {subprocess.py:106} INFO - Tier Distribution:
[2026-06-04T18:40:55.769+0000] {subprocess.py:106} INFO - +----------------------+-----+
[2026-06-04T18:40:55.772+0000] {subprocess.py:106} INFO - |seller_rank_tier      |count|
[2026-06-04T18:40:55.774+0000] {subprocess.py:106} INFO - +----------------------+-----+
[2026-06-04T18:40:55.775+0000] {subprocess.py:106} INFO - |Top Seller            |5862 |
[2026-06-04T18:40:55.777+0000] {subprocess.py:106} INFO - |Standard Seller       |4075 |
[2026-06-04T18:40:55.779+0000] {subprocess.py:106} INFO - |Underperforming Seller|3750 |
[2026-06-04T18:40:55.781+0000] {subprocess.py:106} INFO - |Elite Seller          |2482 |
[2026-06-04T18:40:55.783+0000] {subprocess.py:106} INFO - +----------------------+-----+
[2026-06-04T18:40:55.784+0000] {subprocess.py:106} INFO - 
[2026-06-04T18:40:55.786+0000] {subprocess.py:106} INFO - root
[2026-06-04T18:40:55.787+0000] {subprocess.py:106} INFO -  |-- seller_sk_fk: integer (nullable = true)
[2026-06-04T18:40:55.789+0000] {subprocess.py:106} INFO -  |-- seller_id: string (nullable = true)
[2026-06-04T18:40:55.790+0000] {subprocess.py:106} INFO -  |-- performance_year: integer (nullable = true)
[2026-06-04T18:40:55.792+0000] {subprocess.py:106} INFO -  |-- performance_month: integer (nullable = true)
[2026-06-04T18:40:55.793+0000] {subprocess.py:106} INFO -  |-- monthly_orders: long (nullable = true)
[2026-06-04T18:40:55.796+0000] {subprocess.py:106} INFO -  |-- avg_shipping_days: double (nullable = true)
[2026-06-04T18:40:55.797+0000] {subprocess.py:106} INFO -  |-- on_time_rate: double (nullable = true)
[2026-06-04T18:40:55.800+0000] {subprocess.py:106} INFO -  |-- avg_delay_days: double (nullable = true)
[2026-06-04T18:40:55.804+0000] {subprocess.py:106} INFO -  |-- delayed_orders_count: long (nullable = true)
[2026-06-04T18:40:55.806+0000] {subprocess.py:106} INFO -  |-- avg_review_score: double (nullable = true)
[2026-06-04T18:40:55.812+0000] {subprocess.py:106} INFO -  |-- negative_review_rate: double (nullable = true)
[2026-06-04T18:40:55.815+0000] {subprocess.py:106} INFO -  |-- monthly_review_count: long (nullable = true)
[2026-06-04T18:40:55.817+0000] {subprocess.py:106} INFO -  |-- avg_monthly_workload: double (nullable = true)
[2026-06-04T18:40:55.818+0000] {subprocess.py:106} INFO -  |-- avg_freight_ratio: decimal(11,4) (nullable = true)
[2026-06-04T18:40:55.819+0000] {subprocess.py:106} INFO -  |-- avg_product_volume_cm3: decimal(19,2) (nullable = true)
[2026-06-04T18:40:55.821+0000] {subprocess.py:106} INFO -  |-- previous_month_orders: long (nullable = true)
[2026-06-04T18:40:55.822+0000] {subprocess.py:106} INFO -  |-- is_new_seller_month: boolean (nullable = true)
[2026-06-04T18:40:55.824+0000] {subprocess.py:106} INFO -  |-- volume_growth_rate: double (nullable = true)
[2026-06-04T18:40:55.825+0000] {subprocess.py:106} INFO -  |-- seller_growth_category: string (nullable = true)
[2026-06-04T18:40:55.827+0000] {subprocess.py:106} INFO -  |-- seller_performance_category: string (nullable = true)
[2026-06-04T18:40:55.832+0000] {subprocess.py:106} INFO -  |-- seller_score: double (nullable = true)
[2026-06-04T18:40:55.834+0000] {subprocess.py:106} INFO -  |-- seller_risk_level: string (nullable = false)
[2026-06-04T18:40:55.835+0000] {subprocess.py:106} INFO -  |-- seller_rank_tier: string (nullable = false)
[2026-06-04T18:40:55.838+0000] {subprocess.py:106} INFO -  |-- gold_loaded_at: timestamp (nullable = false)
[2026-06-04T18:40:55.839+0000] {subprocess.py:106} INFO -  |-- source_system: string (nullable = false)
[2026-06-04T18:40:55.841+0000] {subprocess.py:106} INFO -  |-- transformation_version: string (nullable = false)
[2026-06-04T18:40:55.844+0000] {subprocess.py:106} INFO - 
[2026-06-04T18:40:56.359+0000] {subprocess.py:106} INFO - Execution Time: 11.7 seconds
[2026-06-04T18:40:56.365+0000] {subprocess.py:106} INFO - SUCCESS
[2026-06-04T18:40:56.367+0000] {subprocess.py:106} INFO - 
[2026-06-04T18:40:56.368+0000] {subprocess.py:106} INFO - 
[2026-06-04T18:40:56.369+0000] {subprocess.py:106} INFO - ======================================================================
[2026-06-04T18:40:56.371+0000] {subprocess.py:106} INFO - GOLD PIPELINE COMPLETED
[2026-06-04T18:40:56.372+0000] {subprocess.py:106} INFO - ======================================================================
[2026-06-04T18:40:56.373+0000] {subprocess.py:106} INFO - Total Runtime: 214.66 seconds
[2026-06-04T18:40:56.375+0000] {subprocess.py:106} INFO - ======================================================================
[2026-06-04T18:40:56.765+0000] {subprocess.py:106} INFO - Gold Pipeline completed successfully (217.69 sec)
[2026-06-04T18:40:56.767+0000] {subprocess.py:106} INFO - 
[2026-06-04T18:40:56.769+0000] {subprocess.py:106} INFO - 
[2026-06-04T18:40:56.771+0000] {subprocess.py:106} INFO - ================================================================================
[2026-06-04T18:40:56.772+0000] {subprocess.py:106} INFO - STARTING WAREHOUSE LOAD
[2026-06-04T18:40:56.773+0000] {subprocess.py:106} INFO - ================================================================================
[2026-06-04T18:40:59.562+0000] {subprocess.py:106} INFO - 26/06/04 18:40:59 INFO SparkContext: Running Spark version 3.5.3
[2026-06-04T18:40:59.566+0000] {subprocess.py:106} INFO - 26/06/04 18:40:59 INFO SparkContext: OS info Linux, 6.5.11-linuxkit, aarch64
[2026-06-04T18:40:59.567+0000] {subprocess.py:106} INFO - 26/06/04 18:40:59 INFO SparkContext: Java version 11.0.24
[2026-06-04T18:40:59.680+0000] {subprocess.py:106} INFO - 26/06/04 18:40:59 WARN NativeCodeLoader: Unable to load native-hadoop library for your platform... using builtin-java classes where applicable
[2026-06-04T18:40:59.786+0000] {subprocess.py:106} INFO - 26/06/04 18:40:59 INFO ResourceUtils: ==============================================================
[2026-06-04T18:40:59.789+0000] {subprocess.py:106} INFO - 26/06/04 18:40:59 INFO ResourceUtils: No custom resources configured for spark.driver.
[2026-06-04T18:40:59.808+0000] {subprocess.py:106} INFO - 26/06/04 18:40:59 INFO ResourceUtils: ==============================================================
[2026-06-04T18:40:59.815+0000] {subprocess.py:106} INFO - 26/06/04 18:40:59 INFO SparkContext: Submitted application: LoadGoldToPostgres
[2026-06-04T18:40:59.841+0000] {subprocess.py:106} INFO - 26/06/04 18:40:59 INFO ResourceProfile: Default ResourceProfile created, executor resources: Map(cores -> name: cores, amount: 1, script: , vendor: , memory -> name: memory, amount: 1024, script: , vendor: , offHeap -> name: offHeap, amount: 0, script: , vendor: ), task resources: Map(cpus -> name: cpus, amount: 1.0)
[2026-06-04T18:40:59.857+0000] {subprocess.py:106} INFO - 26/06/04 18:40:59 INFO ResourceProfile: Limiting resource is cpu
[2026-06-04T18:40:59.862+0000] {subprocess.py:106} INFO - 26/06/04 18:40:59 INFO ResourceProfileManager: Added ResourceProfile id: 0
[2026-06-04T18:40:59.949+0000] {subprocess.py:106} INFO - 26/06/04 18:40:59 INFO SecurityManager: Changing view acls to: spark
[2026-06-04T18:40:59.953+0000] {subprocess.py:106} INFO - 26/06/04 18:40:59 INFO SecurityManager: Changing modify acls to: spark
[2026-06-04T18:40:59.956+0000] {subprocess.py:106} INFO - 26/06/04 18:40:59 INFO SecurityManager: Changing view acls groups to:
[2026-06-04T18:40:59.959+0000] {subprocess.py:106} INFO - 26/06/04 18:40:59 INFO SecurityManager: Changing modify acls groups to:
[2026-06-04T18:40:59.962+0000] {subprocess.py:106} INFO - 26/06/04 18:40:59 INFO SecurityManager: SecurityManager: authentication disabled; ui acls disabled; users with view permissions: spark; groups with view permissions: EMPTY; users with modify permissions: spark; groups with modify permissions: EMPTY
[2026-06-04T18:41:00.303+0000] {subprocess.py:106} INFO - 26/06/04 18:41:00 INFO Utils: Successfully started service 'sparkDriver' on port 44217.
[2026-06-04T18:41:00.388+0000] {subprocess.py:106} INFO - 26/06/04 18:41:00 INFO SparkEnv: Registering MapOutputTracker
[2026-06-04T18:41:00.419+0000] {subprocess.py:106} INFO - 26/06/04 18:41:00 INFO SparkEnv: Registering BlockManagerMaster
[2026-06-04T18:41:00.439+0000] {subprocess.py:106} INFO - 26/06/04 18:41:00 INFO BlockManagerMasterEndpoint: Using org.apache.spark.storage.DefaultTopologyMapper for getting topology information
[2026-06-04T18:41:00.440+0000] {subprocess.py:106} INFO - 26/06/04 18:41:00 INFO BlockManagerMasterEndpoint: BlockManagerMasterEndpoint up
[2026-06-04T18:41:00.453+0000] {subprocess.py:106} INFO - 26/06/04 18:41:00 INFO SparkEnv: Registering BlockManagerMasterHeartbeat
[2026-06-04T18:41:00.475+0000] {subprocess.py:106} INFO - 26/06/04 18:41:00 INFO DiskBlockManager: Created local directory at /tmp/blockmgr-5f2654d8-53d0-49d2-8748-883ec9fedde9
[2026-06-04T18:41:00.506+0000] {subprocess.py:106} INFO - 26/06/04 18:41:00 INFO MemoryStore: MemoryStore started with capacity 434.4 MiB
[2026-06-04T18:41:00.537+0000] {subprocess.py:106} INFO - 26/06/04 18:41:00 INFO SparkEnv: Registering OutputCommitCoordinator
[2026-06-04T18:41:00.702+0000] {subprocess.py:106} INFO - 26/06/04 18:41:00 INFO JettyUtils: Start Jetty 0.0.0.0:4040 for SparkUI
[2026-06-04T18:41:00.766+0000] {subprocess.py:106} INFO - 26/06/04 18:41:00 INFO Utils: Successfully started service 'SparkUI' on port 4040.
[2026-06-04T18:41:00.871+0000] {subprocess.py:106} INFO - 26/06/04 18:41:00 INFO Executor: Starting executor ID driver on host spark-master
[2026-06-04T18:41:00.874+0000] {subprocess.py:106} INFO - 26/06/04 18:41:00 INFO Executor: OS info Linux, 6.5.11-linuxkit, aarch64
[2026-06-04T18:41:00.876+0000] {subprocess.py:106} INFO - 26/06/04 18:41:00 INFO Executor: Java version 11.0.24
[2026-06-04T18:41:00.879+0000] {subprocess.py:106} INFO - 26/06/04 18:41:00 INFO Executor: Starting executor with user classpath (userClassPathFirst = false): ''
[2026-06-04T18:41:00.880+0000] {subprocess.py:106} INFO - 26/06/04 18:41:00 INFO Executor: Created or updated repl class loader org.apache.spark.util.MutableURLClassLoader@45443997 for default.
[2026-06-04T18:41:00.910+0000] {subprocess.py:106} INFO - 26/06/04 18:41:00 INFO Utils: Successfully started service 'org.apache.spark.network.netty.NettyBlockTransferService' on port 40155.
[2026-06-04T18:41:00.919+0000] {subprocess.py:106} INFO - 26/06/04 18:41:00 INFO NettyBlockTransferService: Server created on spark-master:40155
[2026-06-04T18:41:00.922+0000] {subprocess.py:106} INFO - 26/06/04 18:41:00 INFO BlockManager: Using org.apache.spark.storage.RandomBlockReplicationPolicy for block replication policy
[2026-06-04T18:41:00.940+0000] {subprocess.py:106} INFO - 26/06/04 18:41:00 INFO BlockManagerMaster: Registering BlockManager BlockManagerId(driver, spark-master, 40155, None)
[2026-06-04T18:41:00.947+0000] {subprocess.py:106} INFO - 26/06/04 18:41:00 INFO BlockManagerMasterEndpoint: Registering block manager spark-master:40155 with 434.4 MiB RAM, BlockManagerId(driver, spark-master, 40155, None)
[2026-06-04T18:41:00.953+0000] {subprocess.py:106} INFO - 26/06/04 18:41:00 INFO BlockManagerMaster: Registered BlockManager BlockManagerId(driver, spark-master, 40155, None)
[2026-06-04T18:41:00.959+0000] {subprocess.py:106} INFO - 26/06/04 18:41:00 INFO BlockManager: Initialized BlockManager: BlockManagerId(driver, spark-master, 40155, None)
[2026-06-04T18:41:01.356+0000] {subprocess.py:106} INFO - 
[2026-06-04T18:41:01.357+0000] {subprocess.py:106} INFO - =================================================
[2026-06-04T18:41:01.358+0000] {subprocess.py:106} INFO - LOADING GOLD LAYER TO POSTGRESQL
[2026-06-04T18:41:01.360+0000] {subprocess.py:106} INFO - =================================================
[2026-06-04T18:41:01.362+0000] {subprocess.py:106} INFO - 
[2026-06-04T18:41:01.363+0000] {subprocess.py:106} INFO - -------------------------------------------------
[2026-06-04T18:41:01.364+0000] {subprocess.py:106} INFO - Loading: dim_date
[2026-06-04T18:41:01.365+0000] {subprocess.py:106} INFO - -------------------------------------------------
[2026-06-04T18:41:02.602+0000] {subprocess.py:106} INFO - 26/06/04 18:41:02 WARN MetricsConfig: Cannot locate configuration: tried hadoop-metrics2-s3a-file-system.properties,hadoop-metrics2.properties
[2026-06-04T18:41:07.390+0000] {subprocess.py:106} INFO - Rows: 2,192
[2026-06-04T18:41:07.915+0000] {subprocess.py:106} INFO - 26/06/04 18:41:07 WARN SparkStringUtils: Truncated the string representation of a plan since it was too large. This behavior can be adjusted by setting 'spark.sql.debug.maxToStringFields'.
[2026-06-04T18:41:09.809+0000] {subprocess.py:106} INFO - SUCCESS -> dim_date
[2026-06-04T18:41:09.821+0000] {subprocess.py:106} INFO - 
[2026-06-04T18:41:09.824+0000] {subprocess.py:106} INFO - -------------------------------------------------
[2026-06-04T18:41:09.828+0000] {subprocess.py:106} INFO - Loading: dim_customer
[2026-06-04T18:41:09.831+0000] {subprocess.py:106} INFO - -------------------------------------------------
[2026-06-04T18:41:10.542+0000] {subprocess.py:106} INFO - Rows: 99,441
[2026-06-04T18:41:13.754+0000] {subprocess.py:106} INFO - SUCCESS -> dim_customer
[2026-06-04T18:41:13.768+0000] {subprocess.py:106} INFO - 
[2026-06-04T18:41:13.776+0000] {subprocess.py:106} INFO - -------------------------------------------------
[2026-06-04T18:41:13.781+0000] {subprocess.py:106} INFO - Loading: dim_seller
[2026-06-04T18:41:13.784+0000] {subprocess.py:106} INFO - -------------------------------------------------
[2026-06-04T18:41:14.222+0000] {subprocess.py:106} INFO - Rows: 3,095
[2026-06-04T18:41:15.077+0000] {subprocess.py:106} INFO - SUCCESS -> dim_seller
[2026-06-04T18:41:15.085+0000] {subprocess.py:106} INFO - 
[2026-06-04T18:41:15.089+0000] {subprocess.py:106} INFO - -------------------------------------------------
[2026-06-04T18:41:15.104+0000] {subprocess.py:106} INFO - Loading: dim_product
[2026-06-04T18:41:15.107+0000] {subprocess.py:106} INFO - -------------------------------------------------
[2026-06-04T18:41:16.924+0000] {subprocess.py:106} INFO - Rows: 32,949
[2026-06-04T18:41:18.884+0000] {subprocess.py:106} INFO - SUCCESS -> dim_product
[2026-06-04T18:41:18.904+0000] {subprocess.py:106} INFO - 
[2026-06-04T18:41:18.919+0000] {subprocess.py:106} INFO - -------------------------------------------------
[2026-06-04T18:41:18.924+0000] {subprocess.py:106} INFO - Loading: fct_order_delivery
[2026-06-04T18:41:18.927+0000] {subprocess.py:106} INFO - -------------------------------------------------
[2026-06-04T18:41:19.574+0000] {subprocess.py:106} INFO - Rows: 98,051
[2026-06-04T18:41:22.880+0000] {subprocess.py:106} INFO - SUCCESS -> fct_order_delivery
[2026-06-04T18:41:22.899+0000] {subprocess.py:106} INFO - 
[2026-06-04T18:41:22.907+0000] {subprocess.py:106} INFO - -------------------------------------------------
[2026-06-04T18:41:22.924+0000] {subprocess.py:106} INFO - Loading: fct_seller_fulfillment
[2026-06-04T18:41:22.934+0000] {subprocess.py:106} INFO - -------------------------------------------------
[2026-06-04T18:41:23.596+0000] {subprocess.py:106} INFO - Rows: 111,041
[2026-06-04T18:41:26.155+0000] {subprocess.py:106} INFO - SUCCESS -> fct_seller_fulfillment
[2026-06-04T18:41:26.165+0000] {subprocess.py:106} INFO - 
[2026-06-04T18:41:26.170+0000] {subprocess.py:106} INFO - -------------------------------------------------
[2026-06-04T18:41:26.174+0000] {subprocess.py:106} INFO - Loading: fct_customer_reviews
[2026-06-04T18:41:26.176+0000] {subprocess.py:106} INFO - -------------------------------------------------
[2026-06-04T18:41:26.640+0000] {subprocess.py:106} INFO - Rows: 93,263
[2026-06-04T18:41:28.423+0000] {subprocess.py:106} INFO - SUCCESS -> fct_customer_reviews
[2026-06-04T18:41:28.451+0000] {subprocess.py:106} INFO - 
[2026-06-04T18:41:28.454+0000] {subprocess.py:106} INFO - -------------------------------------------------
[2026-06-04T18:41:28.458+0000] {subprocess.py:106} INFO - Loading: fct_order_sales
[2026-06-04T18:41:28.462+0000] {subprocess.py:106} INFO - -------------------------------------------------
[2026-06-04T18:41:28.808+0000] {subprocess.py:106} INFO - Rows: 111,041
[2026-06-04T18:41:30.900+0000] {subprocess.py:106} INFO - SUCCESS -> fct_order_sales
[2026-06-04T18:41:30.910+0000] {subprocess.py:106} INFO - 
[2026-06-04T18:41:30.914+0000] {subprocess.py:106} INFO - -------------------------------------------------
[2026-06-04T18:41:30.918+0000] {subprocess.py:106} INFO - Loading: seller_performance_mart
[2026-06-04T18:41:30.922+0000] {subprocess.py:106} INFO - -------------------------------------------------
[2026-06-04T18:41:31.248+0000] {subprocess.py:106} INFO - Rows: 16,169
[2026-06-04T18:41:32.525+0000] {subprocess.py:106} INFO - SUCCESS -> seller_performance_mart
[2026-06-04T18:41:32.544+0000] {subprocess.py:106} INFO - 
[2026-06-04T18:41:32.551+0000] {subprocess.py:106} INFO - =================================================
[2026-06-04T18:41:32.554+0000] {subprocess.py:106} INFO - POSTGRES LOAD COMPLETED
[2026-06-04T18:41:32.557+0000] {subprocess.py:106} INFO - =================================================
[2026-06-04T18:41:32.561+0000] {subprocess.py:106} INFO - Tables Loaded: 9
[2026-06-04T18:41:33.082+0000] {subprocess.py:106} INFO - Warehouse Load completed successfully (36.32 sec)
[2026-06-04T18:41:33.084+0000] {subprocess.py:106} INFO - 
[2026-06-04T18:41:33.085+0000] {subprocess.py:106} INFO - 
[2026-06-04T18:41:33.087+0000] {subprocess.py:106} INFO - ================================================================================
[2026-06-04T18:41:33.089+0000] {subprocess.py:106} INFO - MASTER PIPELINE COMPLETED
[2026-06-04T18:41:33.090+0000] {subprocess.py:106} INFO - ================================================================================
[2026-06-04T18:41:33.092+0000] {subprocess.py:106} INFO - Total Runtime: 1075.32 seconds
[2026-06-04T18:41:33.093+0000] {subprocess.py:106} INFO - ================================================================================
[2026-06-04T18:41:34.008+0000] {subprocess.py:106} INFO - 26/06/04 18:41:33 INFO ShutdownHookManager: Shutdown hook called
[2026-06-04T18:41:34.064+0000] {subprocess.py:106} INFO - 26/06/04 18:41:34 INFO ShutdownHookManager: Deleting directory /tmp/spark-232f18a8-ff5a-4e44-ac3d-0c5fc2d6e53a
[2026-06-04T18:41:34.401+0000] {subprocess.py:110} INFO - Command exited with return code 0
[2026-06-04T18:41:34.585+0000] {taskinstance.py:341} INFO - ::group::Post task execution logs
[2026-06-04T18:41:34.588+0000] {taskinstance.py:353} INFO - Marking task as SUCCESS. dag_id=olist_master_pipeline, task_id=run_olist_platform, run_id=manual__2026-06-04T18:23:34.242414+00:00, execution_date=20260604T182334, start_date=20260604T182335, end_date=20260604T184134
[2026-06-04T18:41:34.709+0000] {local_task_job_runner.py:266} INFO - Task exited with return code 0
[2026-06-04T18:41:34.778+0000] {taskinstance.py:3901} INFO - 0 downstream tasks scheduled from follow-on schedule check
[2026-06-04T18:41:34.780+0000] {local_task_job_runner.py:245} INFO - ::endgroup::
