[2026-06-04T16:18:51.126+0000] {manager.py:483} INFO - Processing files using up to 2 processes at a time 
[2026-06-04T16:18:51.133+0000] {manager.py:484} INFO - Process each file at most once every 30 seconds
[2026-06-04T16:18:51.159+0000] {manager.py:485} INFO - Checking for new files in /opt/airflow/dags every 300 seconds
[2026-06-04T16:18:51.168+0000] {manager.py:821} INFO - Searching for files in /opt/airflow/dags
[2026-06-04T16:18:51.255+0000] {manager.py:824} INFO - There are 1 files in /opt/airflow/dags
[2026-06-04T16:18:51.780+0000] {manager.py:997} INFO - 
================================================================================
DAG File Processing Stats

File Path                                  PID  Runtime      # DAGs    # Errors  Last Runtime    Last Run      Last # of DB Queries
---------------------------------------  -----  ---------  --------  ----------  --------------  ----------  ----------------------
/opt/airflow/dags/olist_pipeline_dag.py    166  0.18s             0           0                                                   0
================================================================================
[2026-06-04T16:19:22.308+0000] {manager.py:997} INFO - 
================================================================================
DAG File Processing Stats

File Path                                PID    Runtime      # DAGs    # Errors  Last Runtime    Last Run               Last # of DB Queries
---------------------------------------  -----  ---------  --------  ----------  --------------  -------------------  ----------------------
/opt/airflow/dags/olist_pipeline_dag.py                           1           0  1.07s           2026-06-04T16:18:52                      43
================================================================================
[2026-06-04T16:19:52.754+0000] {manager.py:997} INFO - 
================================================================================
DAG File Processing Stats

File Path                                PID    Runtime      # DAGs    # Errors  Last Runtime    Last Run               Last # of DB Queries
---------------------------------------  -----  ---------  --------  ----------  --------------  -------------------  ----------------------
/opt/airflow/dags/olist_pipeline_dag.py                           1           0  0.32s           2026-06-04T16:19:23                      10
================================================================================
[2026-06-04T16:20:23.403+0000] {manager.py:997} INFO - 
================================================================================
DAG File Processing Stats

File Path                                PID    Runtime      # DAGs    # Errors  Last Runtime    Last Run               Last # of DB Queries
---------------------------------------  -----  ---------  --------  ----------  --------------  -------------------  ----------------------
/opt/airflow/dags/olist_pipeline_dag.py                           1           0  0.44s           2026-06-04T16:19:54                      10
================================================================================
[2026-06-04T16:20:54.095+0000] {manager.py:997} INFO - 
================================================================================
DAG File Processing Stats

File Path                                PID    Runtime      # DAGs    # Errors  Last Runtime    Last Run               Last # of DB Queries
---------------------------------------  -----  ---------  --------  ----------  --------------  -------------------  ----------------------
/opt/airflow/dags/olist_pipeline_dag.py                           1           0  0.18s           2026-06-04T16:20:24                      10
================================================================================
[2026-06-04T16:21:24.458+0000] {manager.py:997} INFO - 
================================================================================
DAG File Processing Stats

File Path                                PID    Runtime      # DAGs    # Errors  Last Runtime    Last Run               Last # of DB Queries
---------------------------------------  -----  ---------  --------  ----------  --------------  -------------------  ----------------------
/opt/airflow/dags/olist_pipeline_dag.py                           1           0  0.23s           2026-06-04T16:20:55                      10
================================================================================
[2026-06-04T16:21:54.996+0000] {manager.py:997} INFO - 
================================================================================
DAG File Processing Stats

File Path                                PID    Runtime      # DAGs    # Errors  Last Runtime    Last Run               Last # of DB Queries
---------------------------------------  -----  ---------  --------  ----------  --------------  -------------------  ----------------------
/opt/airflow/dags/olist_pipeline_dag.py                           1           0  0.25s           2026-06-04T16:21:25                      10
================================================================================
[2026-06-04T16:22:25.546+0000] {manager.py:997} INFO - 
================================================================================
DAG File Processing Stats

File Path                                PID    Runtime      # DAGs    # Errors  Last Runtime    Last Run               Last # of DB Queries
---------------------------------------  -----  ---------  --------  ----------  --------------  -------------------  ----------------------
/opt/airflow/dags/olist_pipeline_dag.py                           1           0  0.22s           2026-06-04T16:21:56                      10
================================================================================
[2026-06-04T16:22:56.074+0000] {manager.py:997} INFO - 
================================================================================
DAG File Processing Stats

File Path                                PID    Runtime      # DAGs    # Errors  Last Runtime    Last Run               Last # of DB Queries
---------------------------------------  -----  ---------  --------  ----------  --------------  -------------------  ----------------------
/opt/airflow/dags/olist_pipeline_dag.py                           1           0  0.19s           2026-06-04T16:22:26                      10
================================================================================
[2026-06-04T16:23:26.529+0000] {manager.py:997} INFO - 
================================================================================
DAG File Processing Stats

File Path                                PID    Runtime      # DAGs    # Errors  Last Runtime    Last Run               Last # of DB Queries
---------------------------------------  -----  ---------  --------  ----------  --------------  -------------------  ----------------------
/opt/airflow/dags/olist_pipeline_dag.py                           1           0  0.21s           2026-06-04T16:22:57                      10
================================================================================
[2026-06-04T16:23:52.000+0000] {manager.py:821} INFO - Searching for files in /opt/airflow/dags
[2026-06-04T16:23:52.028+0000] {manager.py:824} INFO - There are 1 files in /opt/airflow/dags
[2026-06-04T16:23:57.107+0000] {manager.py:997} INFO - 
================================================================================
DAG File Processing Stats

File Path                                PID    Runtime      # DAGs    # Errors  Last Runtime    Last Run               Last # of DB Queries
---------------------------------------  -----  ---------  --------  ----------  --------------  -------------------  ----------------------
/opt/airflow/dags/olist_pipeline_dag.py                           1           0  0.19s           2026-06-04T16:23:27                      10
================================================================================
[2026-06-04T16:24:27.610+0000] {manager.py:997} INFO - 
================================================================================
DAG File Processing Stats

File Path                                PID    Runtime      # DAGs    # Errors  Last Runtime    Last Run               Last # of DB Queries
---------------------------------------  -----  ---------  --------  ----------  --------------  -------------------  ----------------------
/opt/airflow/dags/olist_pipeline_dag.py                           1           0  0.18s           2026-06-04T16:23:58                      10
================================================================================
[2026-06-04T16:24:58.159+0000] {manager.py:997} INFO - 
================================================================================
DAG File Processing Stats

File Path                                PID    Runtime      # DAGs    # Errors  Last Runtime    Last Run               Last # of DB Queries
---------------------------------------  -----  ---------  --------  ----------  --------------  -------------------  ----------------------
/opt/airflow/dags/olist_pipeline_dag.py                           1           0  0.21s           2026-06-04T16:24:28                      10
================================================================================
[2026-06-04T16:25:28.646+0000] {manager.py:997} INFO - 
================================================================================
DAG File Processing Stats

File Path                                PID    Runtime      # DAGs    # Errors  Last Runtime    Last Run               Last # of DB Queries
---------------------------------------  -----  ---------  --------  ----------  --------------  -------------------  ----------------------
/opt/airflow/dags/olist_pipeline_dag.py                           1           0  0.20s           2026-06-04T16:24:59                      10
================================================================================
[2026-06-04T16:25:59.186+0000] {manager.py:997} INFO - 
================================================================================
DAG File Processing Stats

File Path                                PID    Runtime      # DAGs    # Errors  Last Runtime    Last Run               Last # of DB Queries
---------------------------------------  -----  ---------  --------  ----------  --------------  -------------------  ----------------------
/opt/airflow/dags/olist_pipeline_dag.py                           1           0  0.17s           2026-06-04T16:25:29                      10
================================================================================
[2026-06-04T16:26:29.646+0000] {manager.py:997} INFO - 
================================================================================
DAG File Processing Stats

File Path                                PID    Runtime      # DAGs    # Errors  Last Runtime    Last Run               Last # of DB Queries
---------------------------------------  -----  ---------  --------  ----------  --------------  -------------------  ----------------------
/opt/airflow/dags/olist_pipeline_dag.py                           1           0  0.16s           2026-06-04T16:26:00                      10
================================================================================
[2026-06-04T16:27:00.093+0000] {manager.py:997} INFO - 
================================================================================
DAG File Processing Stats

File Path                                PID    Runtime      # DAGs    # Errors  Last Runtime    Last Run               Last # of DB Queries
---------------------------------------  -----  ---------  --------  ----------  --------------  -------------------  ----------------------
/opt/airflow/dags/olist_pipeline_dag.py                           1           0  0.18s           2026-06-04T16:26:30                      10
================================================================================
[2026-06-04T16:27:30.509+0000] {manager.py:997} INFO - 
================================================================================
DAG File Processing Stats

File Path                                PID    Runtime      # DAGs    # Errors  Last Runtime    Last Run               Last # of DB Queries
---------------------------------------  -----  ---------  --------  ----------  --------------  -------------------  ----------------------
/opt/airflow/dags/olist_pipeline_dag.py                           1           0  0.19s           2026-06-04T16:27:01                      10
================================================================================
[2026-06-04T16:28:01.137+0000] {manager.py:997} INFO - 
================================================================================
DAG File Processing Stats

File Path                                PID    Runtime      # DAGs    # Errors  Last Runtime    Last Run               Last # of DB Queries
---------------------------------------  -----  ---------  --------  ----------  --------------  -------------------  ----------------------
/opt/airflow/dags/olist_pipeline_dag.py                           1           0  0.31s           2026-06-04T16:27:31                      10
================================================================================
[2026-06-04T16:28:31.527+0000] {manager.py:997} INFO - 
================================================================================
DAG File Processing Stats

File Path                                PID    Runtime      # DAGs    # Errors  Last Runtime    Last Run               Last # of DB Queries
---------------------------------------  -----  ---------  --------  ----------  --------------  -------------------  ----------------------
/opt/airflow/dags/olist_pipeline_dag.py                           1           0  0.17s           2026-06-04T16:28:02                      10
================================================================================
[2026-06-04T16:28:52.906+0000] {manager.py:821} INFO - Searching for files in /opt/airflow/dags
[2026-06-04T16:28:52.951+0000] {manager.py:824} INFO - There are 1 files in /opt/airflow/dags
[2026-06-04T16:29:02.103+0000] {manager.py:997} INFO - 
================================================================================
DAG File Processing Stats

File Path                                PID    Runtime      # DAGs    # Errors  Last Runtime    Last Run               Last # of DB Queries
---------------------------------------  -----  ---------  --------  ----------  --------------  -------------------  ----------------------
/opt/airflow/dags/olist_pipeline_dag.py                           1           0  0.19s           2026-06-04T16:28:32                      10
================================================================================
[2026-06-04T16:29:32.553+0000] {manager.py:997} INFO - 
================================================================================
DAG File Processing Stats

File Path                                PID    Runtime      # DAGs    # Errors  Last Runtime    Last Run               Last # of DB Queries
---------------------------------------  -----  ---------  --------  ----------  --------------  -------------------  ----------------------
/opt/airflow/dags/olist_pipeline_dag.py                           1           0  0.17s           2026-06-04T16:29:03                      10
================================================================================
[2026-06-04T16:30:03.136+0000] {manager.py:997} INFO - 
================================================================================
DAG File Processing Stats

File Path                                PID    Runtime      # DAGs    # Errors  Last Runtime    Last Run               Last # of DB Queries
---------------------------------------  -----  ---------  --------  ----------  --------------  -------------------  ----------------------
/opt/airflow/dags/olist_pipeline_dag.py                           1           0  0.22s           2026-06-04T16:29:33                      10
================================================================================
[2026-06-04T16:30:33.611+0000] {manager.py:997} INFO - 
================================================================================
DAG File Processing Stats

File Path                                PID    Runtime      # DAGs    # Errors  Last Runtime    Last Run               Last # of DB Queries
---------------------------------------  -----  ---------  --------  ----------  --------------  -------------------  ----------------------
/opt/airflow/dags/olist_pipeline_dag.py                           1           0  0.14s           2026-06-04T16:30:04                      10
================================================================================
[2026-06-04T16:31:04.062+0000] {manager.py:997} INFO - 
================================================================================
DAG File Processing Stats

File Path                                PID    Runtime      # DAGs    # Errors  Last Runtime    Last Run               Last # of DB Queries
---------------------------------------  -----  ---------  --------  ----------  --------------  -------------------  ----------------------
/opt/airflow/dags/olist_pipeline_dag.py                           1           0  0.11s           2026-06-04T16:30:34                      10
================================================================================
[2026-06-04T16:31:34.480+0000] {manager.py:997} INFO - 
================================================================================
DAG File Processing Stats

File Path                                PID    Runtime      # DAGs    # Errors  Last Runtime    Last Run               Last # of DB Queries
---------------------------------------  -----  ---------  --------  ----------  --------------  -------------------  ----------------------
/opt/airflow/dags/olist_pipeline_dag.py                           1           0  0.28s           2026-06-04T16:31:05                      10
================================================================================
[2026-06-04T16:32:05.034+0000] {manager.py:997} INFO - 
================================================================================
DAG File Processing Stats

File Path                                PID    Runtime      # DAGs    # Errors  Last Runtime    Last Run               Last # of DB Queries
---------------------------------------  -----  ---------  --------  ----------  --------------  -------------------  ----------------------
/opt/airflow/dags/olist_pipeline_dag.py                           1           0  0.19s           2026-06-04T16:31:35                      10
================================================================================
[2026-06-04T16:32:35.515+0000] {manager.py:997} INFO - 
================================================================================
DAG File Processing Stats

File Path                                PID    Runtime      # DAGs    # Errors  Last Runtime    Last Run               Last # of DB Queries
---------------------------------------  -----  ---------  --------  ----------  --------------  -------------------  ----------------------
/opt/airflow/dags/olist_pipeline_dag.py                           1           0  0.20s           2026-06-04T16:32:06                      10
================================================================================
[2026-06-04T16:33:06.030+0000] {manager.py:997} INFO - 
================================================================================
DAG File Processing Stats

File Path                                PID    Runtime      # DAGs    # Errors  Last Runtime    Last Run               Last # of DB Queries
---------------------------------------  -----  ---------  --------  ----------  --------------  -------------------  ----------------------
/opt/airflow/dags/olist_pipeline_dag.py                           1           0  0.18s           2026-06-04T16:32:36                      10
================================================================================
[2026-06-04T16:33:36.545+0000] {manager.py:997} INFO - 
================================================================================
DAG File Processing Stats

File Path                                PID    Runtime      # DAGs    # Errors  Last Runtime    Last Run               Last # of DB Queries
---------------------------------------  -----  ---------  --------  ----------  --------------  -------------------  ----------------------
/opt/airflow/dags/olist_pipeline_dag.py                           1           0  0.17s           2026-06-04T16:33:07                      10
================================================================================
[2026-06-04T16:33:53.812+0000] {manager.py:821} INFO - Searching for files in /opt/airflow/dags
[2026-06-04T16:33:53.830+0000] {manager.py:824} INFO - There are 1 files in /opt/airflow/dags
[2026-06-04T16:34:07.005+0000] {manager.py:997} INFO - 
================================================================================
DAG File Processing Stats

File Path                                PID    Runtime      # DAGs    # Errors  Last Runtime    Last Run               Last # of DB Queries
---------------------------------------  -----  ---------  --------  ----------  --------------  -------------------  ----------------------
/opt/airflow/dags/olist_pipeline_dag.py                           1           0  0.18s           2026-06-04T16:33:37                      10
================================================================================
[2026-06-04T16:34:37.485+0000] {manager.py:997} INFO - 
================================================================================
DAG File Processing Stats

File Path                                PID    Runtime      # DAGs    # Errors  Last Runtime    Last Run               Last # of DB Queries
---------------------------------------  -----  ---------  --------  ----------  --------------  -------------------  ----------------------
/opt/airflow/dags/olist_pipeline_dag.py                           1           0  0.17s           2026-06-04T16:34:08                      10
================================================================================
[2026-06-04T16:35:07.944+0000] {manager.py:997} INFO - 
================================================================================
DAG File Processing Stats

File Path                                PID    Runtime      # DAGs    # Errors  Last Runtime    Last Run               Last # of DB Queries
---------------------------------------  -----  ---------  --------  ----------  --------------  -------------------  ----------------------
/opt/airflow/dags/olist_pipeline_dag.py                           1           0  0.14s           2026-06-04T16:34:38                      10
================================================================================
[2026-06-04T16:35:38.444+0000] {manager.py:997} INFO - 
================================================================================
DAG File Processing Stats

File Path                                PID    Runtime      # DAGs    # Errors  Last Runtime    Last Run               Last # of DB Queries
---------------------------------------  -----  ---------  --------  ----------  --------------  -------------------  ----------------------
/opt/airflow/dags/olist_pipeline_dag.py                           1           0  0.21s           2026-06-04T16:35:09                      10
================================================================================
[2026-06-04T16:36:08.948+0000] {manager.py:997} INFO - 
================================================================================
DAG File Processing Stats

File Path                                PID    Runtime      # DAGs    # Errors  Last Runtime    Last Run               Last # of DB Queries
---------------------------------------  -----  ---------  --------  ----------  --------------  -------------------  ----------------------
/opt/airflow/dags/olist_pipeline_dag.py                           1           0  0.16s           2026-06-04T16:35:39                      10
================================================================================
[2026-06-04T16:36:39.487+0000] {manager.py:997} INFO - 
================================================================================
DAG File Processing Stats

File Path                                PID    Runtime      # DAGs    # Errors  Last Runtime    Last Run               Last # of DB Queries
---------------------------------------  -----  ---------  --------  ----------  --------------  -------------------  ----------------------
/opt/airflow/dags/olist_pipeline_dag.py                           1           0  0.14s           2026-06-04T16:36:10                      10
================================================================================
[2026-06-04T16:37:09.956+0000] {manager.py:997} INFO - 
================================================================================
DAG File Processing Stats

File Path                                PID    Runtime      # DAGs    # Errors  Last Runtime    Last Run               Last # of DB Queries
---------------------------------------  -----  ---------  --------  ----------  --------------  -------------------  ----------------------
/opt/airflow/dags/olist_pipeline_dag.py                           1           0  0.17s           2026-06-04T16:36:40                      10
================================================================================
[2026-06-04T16:37:40.835+0000] {manager.py:997} INFO - 
================================================================================
DAG File Processing Stats

File Path                                PID    Runtime      # DAGs    # Errors  Last Runtime    Last Run               Last # of DB Queries
---------------------------------------  -----  ---------  --------  ----------  --------------  -------------------  ----------------------
/opt/airflow/dags/olist_pipeline_dag.py                           1           0  0.21s           2026-06-04T16:37:11                      10
================================================================================
[2026-06-04T16:38:11.300+0000] {manager.py:997} INFO - 
================================================================================
DAG File Processing Stats

File Path                                PID    Runtime      # DAGs    # Errors  Last Runtime    Last Run               Last # of DB Queries
---------------------------------------  -----  ---------  --------  ----------  --------------  -------------------  ----------------------
/opt/airflow/dags/olist_pipeline_dag.py                           1           0  0.20s           2026-06-04T16:37:42                      10
================================================================================
[2026-06-04T16:38:41.815+0000] {manager.py:997} INFO - 
================================================================================
DAG File Processing Stats

File Path                                PID    Runtime      # DAGs    # Errors  Last Runtime    Last Run               Last # of DB Queries
---------------------------------------  -----  ---------  --------  ----------  --------------  -------------------  ----------------------
/opt/airflow/dags/olist_pipeline_dag.py                           1           0  0.20s           2026-06-04T16:38:12                      10
================================================================================
[2026-06-04T16:38:54.030+0000] {manager.py:821} INFO - Searching for files in /opt/airflow/dags
[2026-06-04T16:38:54.060+0000] {manager.py:824} INFO - There are 1 files in /opt/airflow/dags
[2026-06-04T16:39:12.348+0000] {manager.py:997} INFO - 
================================================================================
DAG File Processing Stats

File Path                                PID    Runtime      # DAGs    # Errors  Last Runtime    Last Run               Last # of DB Queries
---------------------------------------  -----  ---------  --------  ----------  --------------  -------------------  ----------------------
/opt/airflow/dags/olist_pipeline_dag.py                           1           0  0.13s           2026-06-04T16:38:42                      10
================================================================================
[2026-06-04T16:39:42.805+0000] {manager.py:997} INFO - 
================================================================================
DAG File Processing Stats

File Path                                PID    Runtime      # DAGs    # Errors  Last Runtime    Last Run               Last # of DB Queries
---------------------------------------  -----  ---------  --------  ----------  --------------  -------------------  ----------------------
/opt/airflow/dags/olist_pipeline_dag.py                           1           0  0.19s           2026-06-04T16:39:13                      10
================================================================================
[2026-06-04T16:40:13.375+0000] {manager.py:997} INFO - 
================================================================================
DAG File Processing Stats

File Path                                PID    Runtime      # DAGs    # Errors  Last Runtime    Last Run               Last # of DB Queries
---------------------------------------  -----  ---------  --------  ----------  --------------  -------------------  ----------------------
/opt/airflow/dags/olist_pipeline_dag.py                           1           0  0.17s           2026-06-04T16:39:44                      10
================================================================================
[2026-06-04T16:40:43.801+0000] {manager.py:997} INFO - 
================================================================================
DAG File Processing Stats

File Path                                PID    Runtime      # DAGs    # Errors  Last Runtime    Last Run               Last # of DB Queries
---------------------------------------  -----  ---------  --------  ----------  --------------  -------------------  ----------------------
/opt/airflow/dags/olist_pipeline_dag.py                           1           0  0.16s           2026-06-04T16:40:14                      10
================================================================================
[2026-06-04T16:41:14.254+0000] {manager.py:997} INFO - 
================================================================================
DAG File Processing Stats

File Path                                PID    Runtime      # DAGs    # Errors  Last Runtime    Last Run               Last # of DB Queries
---------------------------------------  -----  ---------  --------  ----------  --------------  -------------------  ----------------------
/opt/airflow/dags/olist_pipeline_dag.py                           1           0  0.17s           2026-06-04T16:40:45                      10
================================================================================
[2026-06-04T16:41:44.755+0000] {manager.py:997} INFO - 
================================================================================
DAG File Processing Stats

File Path                                PID    Runtime      # DAGs    # Errors  Last Runtime    Last Run               Last # of DB Queries
---------------------------------------  -----  ---------  --------  ----------  --------------  -------------------  ----------------------
/opt/airflow/dags/olist_pipeline_dag.py                           1           0  0.17s           2026-06-04T16:41:15                      10
================================================================================
[2026-06-04T16:42:15.317+0000] {manager.py:997} INFO - 
================================================================================
DAG File Processing Stats

File Path                                PID    Runtime      # DAGs    # Errors  Last Runtime    Last Run               Last # of DB Queries
---------------------------------------  -----  ---------  --------  ----------  --------------  -------------------  ----------------------
/opt/airflow/dags/olist_pipeline_dag.py                           1           0  0.15s           2026-06-04T16:41:45                      10
================================================================================
[2026-06-04T16:42:45.768+0000] {manager.py:997} INFO - 
================================================================================
DAG File Processing Stats

File Path                                PID    Runtime      # DAGs    # Errors  Last Runtime    Last Run               Last # of DB Queries
---------------------------------------  -----  ---------  --------  ----------  --------------  -------------------  ----------------------
/opt/airflow/dags/olist_pipeline_dag.py                           1           0  0.16s           2026-06-04T16:42:16                      10
================================================================================
[2026-06-04T16:43:16.245+0000] {manager.py:997} INFO - 
================================================================================
DAG File Processing Stats

File Path                                PID    Runtime      # DAGs    # Errors  Last Runtime    Last Run               Last # of DB Queries
---------------------------------------  -----  ---------  --------  ----------  --------------  -------------------  ----------------------
/opt/airflow/dags/olist_pipeline_dag.py                           1           0  0.27s           2026-06-04T16:42:47                      10
================================================================================
[2026-06-04T16:43:46.894+0000] {manager.py:997} INFO - 
================================================================================
DAG File Processing Stats

File Path                                PID    Runtime      # DAGs    # Errors  Last Runtime    Last Run               Last # of DB Queries
---------------------------------------  -----  ---------  --------  ----------  --------------  -------------------  ----------------------
/opt/airflow/dags/olist_pipeline_dag.py                           1           0  0.21s           2026-06-04T16:43:17                      10
================================================================================
[2026-06-04T16:43:54.037+0000] {manager.py:821} INFO - Searching for files in /opt/airflow/dags
[2026-06-04T16:43:54.060+0000] {manager.py:824} INFO - There are 1 files in /opt/airflow/dags
[2026-06-04T16:44:17.310+0000] {manager.py:997} INFO - 
================================================================================
DAG File Processing Stats

File Path                                PID    Runtime      # DAGs    # Errors  Last Runtime    Last Run               Last # of DB Queries
---------------------------------------  -----  ---------  --------  ----------  --------------  -------------------  ----------------------
/opt/airflow/dags/olist_pipeline_dag.py                           1           0  0.16s           2026-06-04T16:43:48                      10
================================================================================
[2026-06-04T16:44:47.769+0000] {manager.py:997} INFO - 
================================================================================
DAG File Processing Stats

File Path                                PID    Runtime      # DAGs    # Errors  Last Runtime    Last Run               Last # of DB Queries
---------------------------------------  -----  ---------  --------  ----------  --------------  -------------------  ----------------------
/opt/airflow/dags/olist_pipeline_dag.py                           1           0  0.14s           2026-06-04T16:44:18                      10
================================================================================
[2026-06-04T16:45:18.260+0000] {manager.py:997} INFO - 
================================================================================
DAG File Processing Stats

File Path                                PID    Runtime      # DAGs    # Errors  Last Runtime    Last Run               Last # of DB Queries
---------------------------------------  -----  ---------  --------  ----------  --------------  -------------------  ----------------------
/opt/airflow/dags/olist_pipeline_dag.py                           1           0  0.17s           2026-06-04T16:44:48                      10
================================================================================
[2026-06-04T16:45:48.705+0000] {manager.py:997} INFO - 
================================================================================
DAG File Processing Stats

File Path                                PID    Runtime      # DAGs    # Errors  Last Runtime    Last Run               Last # of DB Queries
---------------------------------------  -----  ---------  --------  ----------  --------------  -------------------  ----------------------
/opt/airflow/dags/olist_pipeline_dag.py                           1           0  0.18s           2026-06-04T16:45:19                      10
================================================================================
[2026-06-04T16:46:19.193+0000] {manager.py:997} INFO - 
================================================================================
DAG File Processing Stats

File Path                                PID    Runtime      # DAGs    # Errors  Last Runtime    Last Run               Last # of DB Queries
---------------------------------------  -----  ---------  --------  ----------  --------------  -------------------  ----------------------
/opt/airflow/dags/olist_pipeline_dag.py                           1           0  0.16s           2026-06-04T16:45:49                      10
================================================================================
[2026-06-04T16:46:49.648+0000] {manager.py:997} INFO - 
================================================================================
DAG File Processing Stats

File Path                                PID    Runtime      # DAGs    # Errors  Last Runtime    Last Run               Last # of DB Queries
---------------------------------------  -----  ---------  --------  ----------  --------------  -------------------  ----------------------
/opt/airflow/dags/olist_pipeline_dag.py                           1           0  0.13s           2026-06-04T16:46:20                      10
================================================================================
[2026-06-04T16:47:20.047+0000] {manager.py:997} INFO - 
================================================================================
DAG File Processing Stats

File Path                                PID    Runtime      # DAGs    # Errors  Last Runtime    Last Run               Last # of DB Queries
---------------------------------------  -----  ---------  --------  ----------  --------------  -------------------  ----------------------
/opt/airflow/dags/olist_pipeline_dag.py                           1           0  0.16s           2026-06-04T16:46:50                      10
================================================================================
[2026-06-04T16:47:50.468+0000] {manager.py:997} INFO - 
================================================================================
DAG File Processing Stats

File Path                                PID    Runtime      # DAGs    # Errors  Last Runtime    Last Run               Last # of DB Queries
---------------------------------------  -----  ---------  --------  ----------  --------------  -------------------  ----------------------
/opt/airflow/dags/olist_pipeline_dag.py                           1           0  0.15s           2026-06-04T16:47:21                      10
================================================================================
[2026-06-04T16:48:20.996+0000] {manager.py:997} INFO - 
================================================================================
DAG File Processing Stats

File Path                                PID    Runtime      # DAGs    # Errors  Last Runtime    Last Run               Last # of DB Queries
---------------------------------------  -----  ---------  --------  ----------  --------------  -------------------  ----------------------
/opt/airflow/dags/olist_pipeline_dag.py                           1           0  0.14s           2026-06-04T16:47:51                      10
================================================================================
[2026-06-04T16:48:51.563+0000] {manager.py:997} INFO - 
================================================================================
DAG File Processing Stats

File Path                                PID    Runtime      # DAGs    # Errors  Last Runtime    Last Run               Last # of DB Queries
---------------------------------------  -----  ---------  --------  ----------  --------------  -------------------  ----------------------
/opt/airflow/dags/olist_pipeline_dag.py                           1           0  0.17s           2026-06-04T16:48:22                      10
================================================================================
[2026-06-04T16:48:54.667+0000] {manager.py:821} INFO - Searching for files in /opt/airflow/dags
[2026-06-04T16:48:54.693+0000] {manager.py:824} INFO - There are 1 files in /opt/airflow/dags
[2026-06-04T16:49:22.048+0000] {manager.py:997} INFO - 
================================================================================
DAG File Processing Stats

File Path                                PID    Runtime      # DAGs    # Errors  Last Runtime    Last Run               Last # of DB Queries
---------------------------------------  -----  ---------  --------  ----------  --------------  -------------------  ----------------------
/opt/airflow/dags/olist_pipeline_dag.py                           1           0  0.17s           2026-06-04T16:48:52                      10
================================================================================
[2026-06-04T16:49:52.181+0000] {manager.py:997} INFO - 
================================================================================
DAG File Processing Stats

File Path                                PID    Runtime      # DAGs    # Errors  Last Runtime    Last Run               Last # of DB Queries
---------------------------------------  -----  ---------  --------  ----------  --------------  -------------------  ----------------------
/opt/airflow/dags/olist_pipeline_dag.py                           1           0  0.50s           2026-06-04T16:49:48                      32
================================================================================
[2026-06-04T16:50:22.271+0000] {manager.py:997} INFO - 
================================================================================
DAG File Processing Stats

File Path                                PID    Runtime      # DAGs    # Errors  Last Runtime    Last Run               Last # of DB Queries
---------------------------------------  -----  ---------  --------  ----------  --------------  -------------------  ----------------------
/opt/airflow/dags/olist_pipeline_dag.py                           1           0  0.29s           2026-06-04T16:50:18                      10
================================================================================
[2026-06-04T16:50:52.823+0000] {manager.py:997} INFO - 
================================================================================
DAG File Processing Stats

File Path                                PID    Runtime      # DAGs    # Errors  Last Runtime    Last Run               Last # of DB Queries
---------------------------------------  -----  ---------  --------  ----------  --------------  -------------------  ----------------------
/opt/airflow/dags/olist_pipeline_dag.py                           1           0  0.19s           2026-06-04T16:50:48                      10
================================================================================
[2026-06-04T16:51:23.376+0000] {manager.py:997} INFO - 
================================================================================
DAG File Processing Stats

File Path                                PID    Runtime      # DAGs    # Errors  Last Runtime    Last Run               Last # of DB Queries
---------------------------------------  -----  ---------  --------  ----------  --------------  -------------------  ----------------------
/opt/airflow/dags/olist_pipeline_dag.py                           1           0  0.22s           2026-06-04T16:51:19                      10
================================================================================
[2026-06-04T16:51:54.143+0000] {manager.py:997} INFO - 
================================================================================
DAG File Processing Stats

File Path                                PID    Runtime      # DAGs    # Errors  Last Runtime    Last Run               Last # of DB Queries
---------------------------------------  -----  ---------  --------  ----------  --------------  -------------------  ----------------------
/opt/airflow/dags/olist_pipeline_dag.py                           1           0  0.17s           2026-06-04T16:51:50                      10
================================================================================
[2026-06-04T16:52:24.652+0000] {manager.py:997} INFO - 
================================================================================
DAG File Processing Stats

File Path                                PID    Runtime      # DAGs    # Errors  Last Runtime    Last Run               Last # of DB Queries
---------------------------------------  -----  ---------  --------  ----------  --------------  -------------------  ----------------------
/opt/airflow/dags/olist_pipeline_dag.py                           1           0  0.20s           2026-06-04T16:52:20                      10
================================================================================
[2026-06-04T16:52:55.208+0000] {manager.py:997} INFO - 
================================================================================
DAG File Processing Stats

File Path                                PID    Runtime      # DAGs    # Errors  Last Runtime    Last Run               Last # of DB Queries
---------------------------------------  -----  ---------  --------  ----------  --------------  -------------------  ----------------------
/opt/airflow/dags/olist_pipeline_dag.py                           1           0  0.31s           2026-06-04T16:52:51                      10
================================================================================
[2026-06-04T16:53:25.241+0000] {manager.py:997} INFO - 
================================================================================
DAG File Processing Stats

File Path                                PID    Runtime      # DAGs    # Errors  Last Runtime    Last Run               Last # of DB Queries
---------------------------------------  -----  ---------  --------  ----------  --------------  -------------------  ----------------------
/opt/airflow/dags/olist_pipeline_dag.py                           1           0  0.42s           2026-06-04T16:53:22                      10
================================================================================
[2026-06-04T16:53:55.617+0000] {manager.py:821} INFO - Searching for files in /opt/airflow/dags
[2026-06-04T16:53:55.646+0000] {manager.py:824} INFO - There are 1 files in /opt/airflow/dags
[2026-06-04T16:53:55.665+0000] {manager.py:997} INFO - 
================================================================================
DAG File Processing Stats

File Path                                PID    Runtime      # DAGs    # Errors  Last Runtime    Last Run               Last # of DB Queries
---------------------------------------  -----  ---------  --------  ----------  --------------  -------------------  ----------------------
/opt/airflow/dags/olist_pipeline_dag.py                           1           0  0.27s           2026-06-04T16:53:52                      10
================================================================================
[2026-06-04T16:54:26.168+0000] {manager.py:997} INFO - 
================================================================================
DAG File Processing Stats

File Path                                PID    Runtime      # DAGs    # Errors  Last Runtime    Last Run               Last # of DB Queries
---------------------------------------  -----  ---------  --------  ----------  --------------  -------------------  ----------------------
/opt/airflow/dags/olist_pipeline_dag.py                           1           0  0.32s           2026-06-04T16:54:23                      10
================================================================================
[2026-06-04T16:54:56.788+0000] {manager.py:997} INFO - 
================================================================================
DAG File Processing Stats

File Path                                PID    Runtime      # DAGs    # Errors  Last Runtime    Last Run               Last # of DB Queries
---------------------------------------  -----  ---------  --------  ----------  --------------  -------------------  ----------------------
/opt/airflow/dags/olist_pipeline_dag.py                           1           0  0.20s           2026-06-04T16:54:53                      10
================================================================================
[2026-06-04T16:55:26.864+0000] {manager.py:997} INFO - 
================================================================================
DAG File Processing Stats

File Path                                PID    Runtime      # DAGs    # Errors  Last Runtime    Last Run               Last # of DB Queries
---------------------------------------  -----  ---------  --------  ----------  --------------  -------------------  ----------------------
/opt/airflow/dags/olist_pipeline_dag.py                           1           0  0.19s           2026-06-04T16:55:24                      10
================================================================================
[2026-06-04T16:55:57.382+0000] {manager.py:997} INFO - 
================================================================================
DAG File Processing Stats

File Path                                PID    Runtime      # DAGs    # Errors  Last Runtime    Last Run               Last # of DB Queries
---------------------------------------  -----  ---------  --------  ----------  --------------  -------------------  ----------------------
/opt/airflow/dags/olist_pipeline_dag.py                           1           0  0.23s           2026-06-04T16:55:55                      10
================================================================================
[2026-06-04T16:56:27.884+0000] {manager.py:997} INFO - 
================================================================================
DAG File Processing Stats

File Path                                PID    Runtime      # DAGs    # Errors  Last Runtime    Last Run               Last # of DB Queries
---------------------------------------  -----  ---------  --------  ----------  --------------  -------------------  ----------------------
/opt/airflow/dags/olist_pipeline_dag.py                           1           0  0.36s           2026-06-04T16:56:26                      10
================================================================================
[2026-06-04T16:56:58.469+0000] {manager.py:997} INFO - 
================================================================================
DAG File Processing Stats

File Path                                PID    Runtime      # DAGs    # Errors  Last Runtime    Last Run               Last # of DB Queries
---------------------------------------  -----  ---------  --------  ----------  --------------  -------------------  ----------------------
/opt/airflow/dags/olist_pipeline_dag.py                           1           0  0.33s           2026-06-04T16:56:56                      10
================================================================================
[2026-06-04T16:57:28.986+0000] {manager.py:997} INFO - 
================================================================================
DAG File Processing Stats

File Path                                PID    Runtime      # DAGs    # Errors  Last Runtime    Last Run               Last # of DB Queries
---------------------------------------  -----  ---------  --------  ----------  --------------  -------------------  ----------------------
/opt/airflow/dags/olist_pipeline_dag.py                           1           0  0.28s           2026-06-04T16:57:27                      10
================================================================================
[2026-06-04T16:57:59.528+0000] {manager.py:997} INFO - 
================================================================================
DAG File Processing Stats

File Path                                PID    Runtime      # DAGs    # Errors  Last Runtime    Last Run               Last # of DB Queries
---------------------------------------  -----  ---------  --------  ----------  --------------  -------------------  ----------------------
/opt/airflow/dags/olist_pipeline_dag.py                           1           0  0.19s           2026-06-04T16:57:57                      10
================================================================================
[2026-06-04T16:58:30.058+0000] {manager.py:997} INFO - 
================================================================================
DAG File Processing Stats

File Path                                PID    Runtime      # DAGs    # Errors  Last Runtime    Last Run               Last # of DB Queries
---------------------------------------  -----  ---------  --------  ----------  --------------  -------------------  ----------------------
/opt/airflow/dags/olist_pipeline_dag.py                           1           0  0.18s           2026-06-04T16:58:28                      10
================================================================================
[2026-06-04T16:58:56.382+0000] {manager.py:821} INFO - Searching for files in /opt/airflow/dags
[2026-06-04T16:58:56.422+0000] {manager.py:824} INFO - There are 1 files in /opt/airflow/dags
[2026-06-04T16:59:00.562+0000] {manager.py:997} INFO - 
================================================================================
DAG File Processing Stats

File Path                                PID    Runtime      # DAGs    # Errors  Last Runtime    Last Run               Last # of DB Queries
---------------------------------------  -----  ---------  --------  ----------  --------------  -------------------  ----------------------
/opt/airflow/dags/olist_pipeline_dag.py                           1           0  0.18s           2026-06-04T16:58:58                      10
================================================================================
[2026-06-04T16:59:31.061+0000] {manager.py:997} INFO - 
================================================================================
DAG File Processing Stats

File Path                                PID    Runtime      # DAGs    # Errors  Last Runtime    Last Run               Last # of DB Queries
---------------------------------------  -----  ---------  --------  ----------  --------------  -------------------  ----------------------
/opt/airflow/dags/olist_pipeline_dag.py                           1           0  0.20s           2026-06-04T16:59:29                      10
================================================================================
[2026-06-04T17:00:01.569+0000] {manager.py:997} INFO - 
================================================================================
DAG File Processing Stats

File Path                                PID    Runtime      # DAGs    # Errors  Last Runtime    Last Run               Last # of DB Queries
---------------------------------------  -----  ---------  --------  ----------  --------------  -------------------  ----------------------
/opt/airflow/dags/olist_pipeline_dag.py                           1           0  0.20s           2026-06-04T16:59:59                      10
================================================================================
[2026-06-04T17:00:32.074+0000] {manager.py:997} INFO - 
================================================================================
DAG File Processing Stats

File Path                                PID    Runtime      # DAGs    # Errors  Last Runtime    Last Run               Last # of DB Queries
---------------------------------------  -----  ---------  --------  ----------  --------------  -------------------  ----------------------
/opt/airflow/dags/olist_pipeline_dag.py                           1           0  0.18s           2026-06-04T17:00:30                      10
================================================================================
[2026-06-04T17:01:02.564+0000] {manager.py:997} INFO - 
================================================================================
DAG File Processing Stats

File Path                                PID    Runtime      # DAGs    # Errors  Last Runtime    Last Run               Last # of DB Queries
---------------------------------------  -----  ---------  --------  ----------  --------------  -------------------  ----------------------
/opt/airflow/dags/olist_pipeline_dag.py                           1           0  0.17s           2026-06-04T17:01:00                      10
================================================================================
[2026-06-04T17:01:33.097+0000] {manager.py:997} INFO - 
================================================================================
DAG File Processing Stats

File Path                                PID    Runtime      # DAGs    # Errors  Last Runtime    Last Run               Last # of DB Queries
---------------------------------------  -----  ---------  --------  ----------  --------------  -------------------  ----------------------
/opt/airflow/dags/olist_pipeline_dag.py                           1           0  0.18s           2026-06-04T17:01:31                      10
================================================================================
[2026-06-04T17:02:03.613+0000] {manager.py:997} INFO - 
================================================================================
DAG File Processing Stats

File Path                                PID    Runtime      # DAGs    # Errors  Last Runtime    Last Run               Last # of DB Queries
---------------------------------------  -----  ---------  --------  ----------  --------------  -------------------  ----------------------
/opt/airflow/dags/olist_pipeline_dag.py                           1           0  0.20s           2026-06-04T17:02:01                      10
================================================================================
[2026-06-04T17:02:34.139+0000] {manager.py:997} INFO - 
================================================================================
DAG File Processing Stats

File Path                                PID    Runtime      # DAGs    # Errors  Last Runtime    Last Run               Last # of DB Queries
---------------------------------------  -----  ---------  --------  ----------  --------------  -------------------  ----------------------
/opt/airflow/dags/olist_pipeline_dag.py                           1           0  0.18s           2026-06-04T17:02:32                      10
================================================================================
[2026-06-04T17:03:04.620+0000] {manager.py:997} INFO - 
================================================================================
DAG File Processing Stats

File Path                                PID    Runtime      # DAGs    # Errors  Last Runtime    Last Run               Last # of DB Queries
---------------------------------------  -----  ---------  --------  ----------  --------------  -------------------  ----------------------
/opt/airflow/dags/olist_pipeline_dag.py                           1           0  0.24s           2026-06-04T17:03:02                      10
================================================================================
[2026-06-04T17:03:35.054+0000] {manager.py:997} INFO - 
================================================================================
DAG File Processing Stats

File Path                                PID    Runtime      # DAGs    # Errors  Last Runtime    Last Run               Last # of DB Queries
---------------------------------------  -----  ---------  --------  ----------  --------------  -------------------  ----------------------
/opt/airflow/dags/olist_pipeline_dag.py                           1           0  0.18s           2026-06-04T17:03:33                      10
================================================================================
[2026-06-04T17:03:56.421+0000] {manager.py:821} INFO - Searching for files in /opt/airflow/dags
[2026-06-04T17:03:56.456+0000] {manager.py:824} INFO - There are 1 files in /opt/airflow/dags
[2026-06-04T17:04:05.423+0000] {manager.py:997} INFO - 
================================================================================
DAG File Processing Stats

File Path                                PID    Runtime      # DAGs    # Errors  Last Runtime    Last Run               Last # of DB Queries
---------------------------------------  -----  ---------  --------  ----------  --------------  -------------------  ----------------------
/opt/airflow/dags/olist_pipeline_dag.py                           1           0  0.19s           2026-06-04T17:04:03                      10
================================================================================
[2026-06-04T17:04:35.927+0000] {manager.py:997} INFO - 
================================================================================
DAG File Processing Stats

File Path                                PID    Runtime      # DAGs    # Errors  Last Runtime    Last Run               Last # of DB Queries
---------------------------------------  -----  ---------  --------  ----------  --------------  -------------------  ----------------------
/opt/airflow/dags/olist_pipeline_dag.py                           1           0  0.28s           2026-06-04T17:04:34                      10
================================================================================
[2026-06-04T17:05:06.470+0000] {manager.py:997} INFO - 
================================================================================
DAG File Processing Stats

File Path                                PID    Runtime      # DAGs    # Errors  Last Runtime    Last Run               Last # of DB Queries
---------------------------------------  -----  ---------  --------  ----------  --------------  -------------------  ----------------------
/opt/airflow/dags/olist_pipeline_dag.py                           1           0  0.25s           2026-06-04T17:05:04                      10
================================================================================
[2026-06-04T17:05:36.952+0000] {manager.py:997} INFO - 
================================================================================
DAG File Processing Stats

File Path                                PID    Runtime      # DAGs    # Errors  Last Runtime    Last Run               Last # of DB Queries
---------------------------------------  -----  ---------  --------  ----------  --------------  -------------------  ----------------------
/opt/airflow/dags/olist_pipeline_dag.py                           1           0  0.19s           2026-06-04T17:05:35                      10
================================================================================
[2026-06-04T17:06:07.579+0000] {manager.py:997} INFO - 
================================================================================
DAG File Processing Stats

File Path                                PID    Runtime      # DAGs    # Errors  Last Runtime    Last Run               Last # of DB Queries
---------------------------------------  -----  ---------  --------  ----------  --------------  -------------------  ----------------------
/opt/airflow/dags/olist_pipeline_dag.py                           1           0  0.20s           2026-06-04T17:06:05                      10
================================================================================
[2026-06-04T17:06:38.076+0000] {manager.py:997} INFO - 
================================================================================
DAG File Processing Stats

File Path                                PID    Runtime      # DAGs    # Errors  Last Runtime    Last Run               Last # of DB Queries
---------------------------------------  -----  ---------  --------  ----------  --------------  -------------------  ----------------------
/opt/airflow/dags/olist_pipeline_dag.py                           1           0  0.23s           2026-06-04T17:06:36                      10
================================================================================
[2026-06-04T17:07:08.603+0000] {manager.py:997} INFO - 
================================================================================
DAG File Processing Stats

File Path                                PID    Runtime      # DAGs    # Errors  Last Runtime    Last Run               Last # of DB Queries
---------------------------------------  -----  ---------  --------  ----------  --------------  -------------------  ----------------------
/opt/airflow/dags/olist_pipeline_dag.py                           1           0  0.16s           2026-06-04T17:07:06                      10
================================================================================
[2026-06-04T17:07:39.108+0000] {manager.py:997} INFO - 
================================================================================
DAG File Processing Stats

File Path                                PID    Runtime      # DAGs    # Errors  Last Runtime    Last Run               Last # of DB Queries
---------------------------------------  -----  ---------  --------  ----------  --------------  -------------------  ----------------------
/opt/airflow/dags/olist_pipeline_dag.py                           1           0  0.21s           2026-06-04T17:07:37                      10
================================================================================
[2026-06-04T17:08:09.673+0000] {manager.py:997} INFO - 
================================================================================
DAG File Processing Stats

File Path                                PID    Runtime      # DAGs    # Errors  Last Runtime    Last Run               Last # of DB Queries
---------------------------------------  -----  ---------  --------  ----------  --------------  -------------------  ----------------------
/opt/airflow/dags/olist_pipeline_dag.py                           1           0  0.19s           2026-06-04T17:08:07                      10
================================================================================
[2026-06-04T17:08:40.230+0000] {manager.py:997} INFO - 
================================================================================
DAG File Processing Stats

File Path                                PID    Runtime      # DAGs    # Errors  Last Runtime    Last Run               Last # of DB Queries
---------------------------------------  -----  ---------  --------  ----------  --------------  -------------------  ----------------------
/opt/airflow/dags/olist_pipeline_dag.py                           1           0  0.18s           2026-06-04T17:08:38                      10
================================================================================
[2026-06-04T17:08:56.457+0000] {manager.py:821} INFO - Searching for files in /opt/airflow/dags
[2026-06-04T17:08:56.487+0000] {manager.py:824} INFO - There are 1 files in /opt/airflow/dags
[2026-06-04T17:09:10.861+0000] {manager.py:997} INFO - 
================================================================================
DAG File Processing Stats

File Path                                PID    Runtime      # DAGs    # Errors  Last Runtime    Last Run               Last # of DB Queries
---------------------------------------  -----  ---------  --------  ----------  --------------  -------------------  ----------------------
/opt/airflow/dags/olist_pipeline_dag.py                           1           0  0.18s           2026-06-04T17:09:08                      10
================================================================================
[2026-06-04T17:09:41.418+0000] {manager.py:997} INFO - 
================================================================================
DAG File Processing Stats

File Path                                PID    Runtime      # DAGs    # Errors  Last Runtime    Last Run               Last # of DB Queries
---------------------------------------  -----  ---------  --------  ----------  --------------  -------------------  ----------------------
/opt/airflow/dags/olist_pipeline_dag.py                           1           0  0.20s           2026-06-04T17:09:39                      10
================================================================================
[2026-06-04T17:10:11.940+0000] {manager.py:997} INFO - 
================================================================================
DAG File Processing Stats

File Path                                PID    Runtime      # DAGs    # Errors  Last Runtime    Last Run               Last # of DB Queries
---------------------------------------  -----  ---------  --------  ----------  --------------  -------------------  ----------------------
/opt/airflow/dags/olist_pipeline_dag.py                           1           0  0.20s           2026-06-04T17:10:09                      10
================================================================================
[2026-06-04T17:10:42.476+0000] {manager.py:997} INFO - 
================================================================================
DAG File Processing Stats

File Path                                PID    Runtime      # DAGs    # Errors  Last Runtime    Last Run               Last # of DB Queries
---------------------------------------  -----  ---------  --------  ----------  --------------  -------------------  ----------------------
/opt/airflow/dags/olist_pipeline_dag.py                           1           0  0.22s           2026-06-04T17:10:40                      10
================================================================================
[2026-06-04T17:11:13.059+0000] {manager.py:997} INFO - 
================================================================================
DAG File Processing Stats

File Path                                PID    Runtime      # DAGs    # Errors  Last Runtime    Last Run               Last # of DB Queries
---------------------------------------  -----  ---------  --------  ----------  --------------  -------------------  ----------------------
/opt/airflow/dags/olist_pipeline_dag.py                           1           0  0.19s           2026-06-04T17:11:11                      10
================================================================================
[2026-06-04T17:11:43.607+0000] {manager.py:997} INFO - 
================================================================================
DAG File Processing Stats

File Path                                PID    Runtime      # DAGs    # Errors  Last Runtime    Last Run               Last # of DB Queries
---------------------------------------  -----  ---------  --------  ----------  --------------  -------------------  ----------------------
/opt/airflow/dags/olist_pipeline_dag.py                           1           0  0.19s           2026-06-04T17:11:41                      10
================================================================================
[2026-06-04T17:12:14.101+0000] {manager.py:997} INFO - 
================================================================================
DAG File Processing Stats

File Path                                PID    Runtime      # DAGs    # Errors  Last Runtime    Last Run               Last # of DB Queries
---------------------------------------  -----  ---------  --------  ----------  --------------  -------------------  ----------------------
/opt/airflow/dags/olist_pipeline_dag.py                           1           0  0.18s           2026-06-04T17:12:12                      10
================================================================================
[2026-06-04T17:12:44.647+0000] {manager.py:997} INFO - 
================================================================================
DAG File Processing Stats

File Path                                PID    Runtime      # DAGs    # Errors  Last Runtime    Last Run               Last # of DB Queries
---------------------------------------  -----  ---------  --------  ----------  --------------  -------------------  ----------------------
/opt/airflow/dags/olist_pipeline_dag.py                           1           0  0.30s           2026-06-04T17:12:42                      10
================================================================================
[2026-06-04T17:13:15.195+0000] {manager.py:997} INFO - 
================================================================================
DAG File Processing Stats

File Path                                PID    Runtime      # DAGs    # Errors  Last Runtime    Last Run               Last # of DB Queries
---------------------------------------  -----  ---------  --------  ----------  --------------  -------------------  ----------------------
/opt/airflow/dags/olist_pipeline_dag.py                           1           0  0.19s           2026-06-04T17:13:13                      10
================================================================================
[2026-06-04T17:13:45.804+0000] {manager.py:997} INFO - 
================================================================================
DAG File Processing Stats

File Path                                PID    Runtime      # DAGs    # Errors  Last Runtime    Last Run               Last # of DB Queries
---------------------------------------  -----  ---------  --------  ----------  --------------  -------------------  ----------------------
/opt/airflow/dags/olist_pipeline_dag.py                           1           0  0.24s           2026-06-04T17:13:43                      10
================================================================================
[2026-06-04T17:13:56.956+0000] {manager.py:821} INFO - Searching for files in /opt/airflow/dags
[2026-06-04T17:13:56.995+0000] {manager.py:824} INFO - There are 1 files in /opt/airflow/dags
[2026-06-04T17:14:16.448+0000] {manager.py:997} INFO - 
================================================================================
DAG File Processing Stats

File Path                                PID    Runtime      # DAGs    # Errors  Last Runtime    Last Run               Last # of DB Queries
---------------------------------------  -----  ---------  --------  ----------  --------------  -------------------  ----------------------
/opt/airflow/dags/olist_pipeline_dag.py                           1           0  0.18s           2026-06-04T17:14:14                      10
================================================================================
[2026-06-04T17:14:46.990+0000] {manager.py:997} INFO - 
================================================================================
DAG File Processing Stats

File Path                                PID    Runtime      # DAGs    # Errors  Last Runtime    Last Run               Last # of DB Queries
---------------------------------------  -----  ---------  --------  ----------  --------------  -------------------  ----------------------
/opt/airflow/dags/olist_pipeline_dag.py                           1           0  0.20s           2026-06-04T17:14:45                      10
================================================================================
[2026-06-04T17:15:17.564+0000] {manager.py:997} INFO - 
================================================================================
DAG File Processing Stats

File Path                                PID    Runtime      # DAGs    # Errors  Last Runtime    Last Run               Last # of DB Queries
---------------------------------------  -----  ---------  --------  ----------  --------------  -------------------  ----------------------
/opt/airflow/dags/olist_pipeline_dag.py                           1           0  0.18s           2026-06-04T17:15:15                      10
================================================================================
[2026-06-04T17:15:48.108+0000] {manager.py:997} INFO - 
================================================================================
DAG File Processing Stats

File Path                                PID    Runtime      # DAGs    # Errors  Last Runtime    Last Run               Last # of DB Queries
---------------------------------------  -----  ---------  --------  ----------  --------------  -------------------  ----------------------
/opt/airflow/dags/olist_pipeline_dag.py                           1           0  0.17s           2026-06-04T17:15:46                      10
================================================================================
[2026-06-04T17:16:18.681+0000] {manager.py:997} INFO - 
================================================================================
DAG File Processing Stats

File Path                                PID    Runtime      # DAGs    # Errors  Last Runtime    Last Run               Last # of DB Queries
---------------------------------------  -----  ---------  --------  ----------  --------------  -------------------  ----------------------
/opt/airflow/dags/olist_pipeline_dag.py                           1           0  0.18s           2026-06-04T17:16:16                      10
================================================================================
[2026-06-04T17:16:49.248+0000] {manager.py:997} INFO - 
================================================================================
DAG File Processing Stats

File Path                                PID    Runtime      # DAGs    # Errors  Last Runtime    Last Run               Last # of DB Queries
---------------------------------------  -----  ---------  --------  ----------  --------------  -------------------  ----------------------
/opt/airflow/dags/olist_pipeline_dag.py                           1           0  0.19s           2026-06-04T17:16:47                      10
================================================================================
[2026-06-04T17:17:19.826+0000] {manager.py:997} INFO - 
================================================================================
DAG File Processing Stats

File Path                                PID    Runtime      # DAGs    # Errors  Last Runtime    Last Run               Last # of DB Queries
---------------------------------------  -----  ---------  --------  ----------  --------------  -------------------  ----------------------
/opt/airflow/dags/olist_pipeline_dag.py                           1           0  0.21s           2026-06-04T17:17:17                      10
================================================================================
[2026-06-04T17:17:50.334+0000] {manager.py:997} INFO - 
================================================================================
DAG File Processing Stats

File Path                                PID    Runtime      # DAGs    # Errors  Last Runtime    Last Run               Last # of DB Queries
---------------------------------------  -----  ---------  --------  ----------  --------------  -------------------  ----------------------
/opt/airflow/dags/olist_pipeline_dag.py                           1           0  0.18s           2026-06-04T17:17:48                      10
================================================================================
[2026-06-04T17:18:20.939+0000] {manager.py:997} INFO - 
================================================================================
DAG File Processing Stats

File Path                                PID    Runtime      # DAGs    # Errors  Last Runtime    Last Run               Last # of DB Queries
---------------------------------------  -----  ---------  --------  ----------  --------------  -------------------  ----------------------
/opt/airflow/dags/olist_pipeline_dag.py                           1           0  0.18s           2026-06-04T17:18:19                      10
================================================================================
[2026-06-04T17:18:51.443+0000] {manager.py:997} INFO - 
================================================================================
DAG File Processing Stats

File Path                                PID    Runtime      # DAGs    # Errors  Last Runtime    Last Run               Last # of DB Queries
---------------------------------------  -----  ---------  --------  ----------  --------------  -------------------  ----------------------
/opt/airflow/dags/olist_pipeline_dag.py                           1           0  0.17s           2026-06-04T17:18:49                      10
================================================================================
[2026-06-04T17:18:57.552+0000] {manager.py:821} INFO - Searching for files in /opt/airflow/dags
[2026-06-04T17:18:57.595+0000] {manager.py:824} INFO - There are 1 files in /opt/airflow/dags
[2026-06-04T17:19:22.147+0000] {manager.py:997} INFO - 
================================================================================
DAG File Processing Stats

File Path                                PID    Runtime      # DAGs    # Errors  Last Runtime    Last Run               Last # of DB Queries
---------------------------------------  -----  ---------  --------  ----------  --------------  -------------------  ----------------------
/opt/airflow/dags/olist_pipeline_dag.py                           1           0  0.20s           2026-06-04T17:19:20                      10
================================================================================
[2026-06-04T17:19:52.670+0000] {manager.py:997} INFO - 
================================================================================
DAG File Processing Stats

File Path                                PID    Runtime      # DAGs    # Errors  Last Runtime    Last Run               Last # of DB Queries
---------------------------------------  -----  ---------  --------  ----------  --------------  -------------------  ----------------------
/opt/airflow/dags/olist_pipeline_dag.py                           1           0  0.18s           2026-06-04T17:19:50                      10
================================================================================
[2026-06-04T17:20:23.331+0000] {manager.py:997} INFO - 
================================================================================
DAG File Processing Stats

File Path                                PID    Runtime      # DAGs    # Errors  Last Runtime    Last Run               Last # of DB Queries
---------------------------------------  -----  ---------  --------  ----------  --------------  -------------------  ----------------------
/opt/airflow/dags/olist_pipeline_dag.py                           1           0  0.20s           2026-06-04T17:20:21                      10
================================================================================
[2026-06-04T17:20:53.920+0000] {manager.py:997} INFO - 
================================================================================
DAG File Processing Stats

File Path                                PID    Runtime      # DAGs    # Errors  Last Runtime    Last Run               Last # of DB Queries
---------------------------------------  -----  ---------  --------  ----------  --------------  -------------------  ----------------------
/opt/airflow/dags/olist_pipeline_dag.py                           1           0  0.19s           2026-06-04T17:20:52                      10
================================================================================
[2026-06-04T17:21:24.462+0000] {manager.py:997} INFO - 
================================================================================
DAG File Processing Stats

File Path                                PID    Runtime      # DAGs    # Errors  Last Runtime    Last Run               Last # of DB Queries
---------------------------------------  -----  ---------  --------  ----------  --------------  -------------------  ----------------------
/opt/airflow/dags/olist_pipeline_dag.py                           1           0  0.20s           2026-06-04T17:21:22                      10
================================================================================
[2026-06-04T17:21:55.030+0000] {manager.py:997} INFO - 
================================================================================
DAG File Processing Stats

File Path                                PID    Runtime      # DAGs    # Errors  Last Runtime    Last Run               Last # of DB Queries
---------------------------------------  -----  ---------  --------  ----------  --------------  -------------------  ----------------------
/opt/airflow/dags/olist_pipeline_dag.py                           1           0  0.20s           2026-06-04T17:21:53                      10
================================================================================
[2026-06-04T17:22:25.561+0000] {manager.py:997} INFO - 
================================================================================
DAG File Processing Stats

File Path                                PID    Runtime      # DAGs    # Errors  Last Runtime    Last Run               Last # of DB Queries
---------------------------------------  -----  ---------  --------  ----------  --------------  -------------------  ----------------------
/opt/airflow/dags/olist_pipeline_dag.py                           1           0  0.18s           2026-06-04T17:22:23                      10
================================================================================
[2026-06-04T17:22:55.638+0000] {manager.py:997} INFO - 
================================================================================
DAG File Processing Stats

File Path                                PID    Runtime      # DAGs    # Errors  Last Runtime    Last Run               Last # of DB Queries
---------------------------------------  -----  ---------  --------  ----------  --------------  -------------------  ----------------------
/opt/airflow/dags/olist_pipeline_dag.py                           1           0  0.17s           2026-06-04T17:22:54                      10
================================================================================
[2026-06-04T17:23:26.031+0000] {manager.py:997} INFO - 
================================================================================
DAG File Processing Stats

File Path                                PID    Runtime      # DAGs    # Errors  Last Runtime    Last Run               Last # of DB Queries
---------------------------------------  -----  ---------  --------  ----------  --------------  -------------------  ----------------------
/opt/airflow/dags/olist_pipeline_dag.py                           1           0  0.16s           2026-06-04T17:23:25                      10
================================================================================
[2026-06-04T17:23:56.510+0000] {manager.py:997} INFO - 
================================================================================
DAG File Processing Stats

File Path                                PID    Runtime      # DAGs    # Errors  Last Runtime    Last Run               Last # of DB Queries
---------------------------------------  -----  ---------  --------  ----------  --------------  -------------------  ----------------------
/opt/airflow/dags/olist_pipeline_dag.py                           1           0  0.18s           2026-06-04T17:23:55                      10
================================================================================
[2026-06-04T17:23:57.644+0000] {manager.py:821} INFO - Searching for files in /opt/airflow/dags
[2026-06-04T17:23:57.676+0000] {manager.py:824} INFO - There are 1 files in /opt/airflow/dags
[2026-06-04T17:24:27.071+0000] {manager.py:997} INFO - 
================================================================================
DAG File Processing Stats

File Path                                PID    Runtime      # DAGs    # Errors  Last Runtime    Last Run               Last # of DB Queries
---------------------------------------  -----  ---------  --------  ----------  --------------  -------------------  ----------------------
/opt/airflow/dags/olist_pipeline_dag.py                           1           0  0.16s           2026-06-04T17:24:26                      10
================================================================================
[2026-06-04T17:24:57.590+0000] {manager.py:997} INFO - 
================================================================================
DAG File Processing Stats

File Path                                PID    Runtime      # DAGs    # Errors  Last Runtime    Last Run               Last # of DB Queries
---------------------------------------  -----  ---------  --------  ----------  --------------  -------------------  ----------------------
/opt/airflow/dags/olist_pipeline_dag.py                           1           0  0.17s           2026-06-04T17:24:56                      10
================================================================================
[2026-06-04T17:25:28.169+0000] {manager.py:997} INFO - 
================================================================================
DAG File Processing Stats

File Path                                PID    Runtime      # DAGs    # Errors  Last Runtime    Last Run               Last # of DB Queries
---------------------------------------  -----  ---------  --------  ----------  --------------  -------------------  ----------------------
/opt/airflow/dags/olist_pipeline_dag.py                           1           0  0.15s           2026-06-04T17:25:27                      10
================================================================================
[2026-06-04T17:25:58.563+0000] {manager.py:997} INFO - 
================================================================================
DAG File Processing Stats

File Path                                PID    Runtime      # DAGs    # Errors  Last Runtime    Last Run               Last # of DB Queries
---------------------------------------  -----  ---------  --------  ----------  --------------  -------------------  ----------------------
/opt/airflow/dags/olist_pipeline_dag.py                           1           0  0.17s           2026-06-04T17:25:57                      10
================================================================================
[2026-06-04T17:26:29.132+0000] {manager.py:997} INFO - 
================================================================================
DAG File Processing Stats

File Path                                PID    Runtime      # DAGs    # Errors  Last Runtime    Last Run               Last # of DB Queries
---------------------------------------  -----  ---------  --------  ----------  --------------  -------------------  ----------------------
/opt/airflow/dags/olist_pipeline_dag.py                           1           0  0.17s           2026-06-04T17:26:28                      10
================================================================================
[2026-06-04T17:26:59.584+0000] {manager.py:997} INFO - 
================================================================================
DAG File Processing Stats

File Path                                PID    Runtime      # DAGs    # Errors  Last Runtime    Last Run               Last # of DB Queries
---------------------------------------  -----  ---------  --------  ----------  --------------  -------------------  ----------------------
/opt/airflow/dags/olist_pipeline_dag.py                           1           0  0.14s           2026-06-04T17:26:58                      10
================================================================================
[2026-06-04T17:27:30.129+0000] {manager.py:997} INFO - 
================================================================================
DAG File Processing Stats

File Path                                PID    Runtime      # DAGs    # Errors  Last Runtime    Last Run               Last # of DB Queries
---------------------------------------  -----  ---------  --------  ----------  --------------  -------------------  ----------------------
/opt/airflow/dags/olist_pipeline_dag.py                           1           0  0.16s           2026-06-04T17:27:29                      10
================================================================================
[2026-06-04T17:28:00.565+0000] {manager.py:997} INFO - 
================================================================================
DAG File Processing Stats

File Path                                PID    Runtime      # DAGs    # Errors  Last Runtime    Last Run               Last # of DB Queries
---------------------------------------  -----  ---------  --------  ----------  --------------  -------------------  ----------------------
/opt/airflow/dags/olist_pipeline_dag.py                           1           0  0.16s           2026-06-04T17:27:59                      10
================================================================================
[2026-06-04T17:28:31.043+0000] {manager.py:997} INFO - 
================================================================================
DAG File Processing Stats

File Path                                PID    Runtime      # DAGs    # Errors  Last Runtime    Last Run               Last # of DB Queries
---------------------------------------  -----  ---------  --------  ----------  --------------  -------------------  ----------------------
/opt/airflow/dags/olist_pipeline_dag.py                           1           0  0.16s           2026-06-04T17:28:30                      10
================================================================================
[2026-06-04T17:28:58.403+0000] {manager.py:821} INFO - Searching for files in /opt/airflow/dags
[2026-06-04T17:28:58.444+0000] {manager.py:824} INFO - There are 1 files in /opt/airflow/dags
[2026-06-04T17:29:01.563+0000] {manager.py:997} INFO - 
================================================================================
DAG File Processing Stats

File Path                                PID    Runtime      # DAGs    # Errors  Last Runtime    Last Run               Last # of DB Queries
---------------------------------------  -----  ---------  --------  ----------  --------------  -------------------  ----------------------
/opt/airflow/dags/olist_pipeline_dag.py                           1           0  0.16s           2026-06-04T17:29:00                      10
================================================================================
[2026-06-04T17:29:32.087+0000] {manager.py:997} INFO - 
================================================================================
DAG File Processing Stats

File Path                                PID    Runtime      # DAGs    # Errors  Last Runtime    Last Run               Last # of DB Queries
---------------------------------------  -----  ---------  --------  ----------  --------------  -------------------  ----------------------
/opt/airflow/dags/olist_pipeline_dag.py                           1           0  0.17s           2026-06-04T17:29:31                      10
================================================================================
[2026-06-04T17:30:02.658+0000] {manager.py:997} INFO - 
================================================================================
DAG File Processing Stats

File Path                                PID    Runtime      # DAGs    # Errors  Last Runtime    Last Run               Last # of DB Queries
---------------------------------------  -----  ---------  --------  ----------  --------------  -------------------  ----------------------
/opt/airflow/dags/olist_pipeline_dag.py                           1           0  0.20s           2026-06-04T17:30:01                      10
================================================================================
[2026-06-04T17:30:33.230+0000] {manager.py:997} INFO - 
================================================================================
DAG File Processing Stats

File Path                                PID    Runtime      # DAGs    # Errors  Last Runtime    Last Run               Last # of DB Queries
---------------------------------------  -----  ---------  --------  ----------  --------------  -------------------  ----------------------
/opt/airflow/dags/olist_pipeline_dag.py                           1           0  0.17s           2026-06-04T17:30:32                      10
================================================================================
[2026-06-04T17:31:03.765+0000] {manager.py:997} INFO - 
================================================================================
DAG File Processing Stats

File Path                                PID    Runtime      # DAGs    # Errors  Last Runtime    Last Run               Last # of DB Queries
---------------------------------------  -----  ---------  --------  ----------  --------------  -------------------  ----------------------
/opt/airflow/dags/olist_pipeline_dag.py                           1           0  0.22s           2026-06-04T17:31:02                      10
================================================================================
[2026-06-04T17:31:34.393+0000] {manager.py:997} INFO - 
================================================================================
DAG File Processing Stats

File Path                                PID    Runtime      # DAGs    # Errors  Last Runtime    Last Run               Last # of DB Queries
---------------------------------------  -----  ---------  --------  ----------  --------------  -------------------  ----------------------
/opt/airflow/dags/olist_pipeline_dag.py                           1           0  0.37s           2026-06-04T17:31:33                      10
================================================================================
[2026-06-04T17:32:04.964+0000] {manager.py:997} INFO - 
================================================================================
DAG File Processing Stats

File Path                                PID    Runtime      # DAGs    # Errors  Last Runtime    Last Run               Last # of DB Queries
---------------------------------------  -----  ---------  --------  ----------  --------------  -------------------  ----------------------
/opt/airflow/dags/olist_pipeline_dag.py                           1           0  0.21s           2026-06-04T17:32:04                      10
================================================================================
[2026-06-04T17:32:35.470+0000] {manager.py:997} INFO - 
================================================================================
DAG File Processing Stats

File Path                                PID    Runtime      # DAGs    # Errors  Last Runtime    Last Run               Last # of DB Queries
---------------------------------------  -----  ---------  --------  ----------  --------------  -------------------  ----------------------
/opt/airflow/dags/olist_pipeline_dag.py                           1           0  0.21s           2026-06-04T17:32:34                      10
================================================================================
[2026-06-04T17:33:05.953+0000] {manager.py:997} INFO - 
================================================================================
DAG File Processing Stats

File Path                                PID    Runtime      # DAGs    # Errors  Last Runtime    Last Run               Last # of DB Queries
---------------------------------------  -----  ---------  --------  ----------  --------------  -------------------  ----------------------
/opt/airflow/dags/olist_pipeline_dag.py                           1           0  0.36s           2026-06-04T17:33:05                      10
================================================================================
[2026-06-04T17:33:36.542+0000] {manager.py:997} INFO - 
================================================================================
DAG File Processing Stats

File Path                                PID    Runtime      # DAGs    # Errors  Last Runtime    Last Run               Last # of DB Queries
---------------------------------------  -----  ---------  --------  ----------  --------------  -------------------  ----------------------
/opt/airflow/dags/olist_pipeline_dag.py                           1           0  0.20s           2026-06-04T17:33:35                      10
================================================================================
[2026-06-04T17:33:59.093+0000] {manager.py:821} INFO - Searching for files in /opt/airflow/dags
[2026-06-04T17:33:59.116+0000] {manager.py:824} INFO - There are 1 files in /opt/airflow/dags
[2026-06-04T17:34:07.416+0000] {manager.py:997} INFO - 
================================================================================
DAG File Processing Stats

File Path                                PID    Runtime      # DAGs    # Errors  Last Runtime    Last Run               Last # of DB Queries
---------------------------------------  -----  ---------  --------  ----------  --------------  -------------------  ----------------------
/opt/airflow/dags/olist_pipeline_dag.py                           1           0  0.23s           2026-06-04T17:34:06                      10
================================================================================
[2026-06-04T17:34:38.123+0000] {manager.py:997} INFO - 
================================================================================
DAG File Processing Stats

File Path                                PID    Runtime      # DAGs    # Errors  Last Runtime    Last Run               Last # of DB Queries
---------------------------------------  -----  ---------  --------  ----------  --------------  -------------------  ----------------------
/opt/airflow/dags/olist_pipeline_dag.py                           1           0  1.30s           2026-06-04T17:34:15                      32
================================================================================
[2026-06-04T17:35:08.599+0000] {manager.py:997} INFO - 
================================================================================
DAG File Processing Stats

File Path                                PID    Runtime      # DAGs    # Errors  Last Runtime    Last Run               Last # of DB Queries
---------------------------------------  -----  ---------  --------  ----------  --------------  -------------------  ----------------------
/opt/airflow/dags/olist_pipeline_dag.py                           1           0  0.34s           2026-06-04T17:34:46                      10
================================================================================
[2026-06-04T17:35:39.459+0000] {manager.py:997} INFO - 
================================================================================
DAG File Processing Stats

File Path                                PID    Runtime      # DAGs    # Errors  Last Runtime    Last Run               Last # of DB Queries
---------------------------------------  -----  ---------  --------  ----------  --------------  -------------------  ----------------------
/opt/airflow/dags/olist_pipeline_dag.py                           1           0  0.24s           2026-06-04T17:35:16                      10
================================================================================
[2026-06-04T17:36:09.486+0000] {manager.py:997} INFO - 
================================================================================
DAG File Processing Stats

File Path                                PID    Runtime      # DAGs    # Errors  Last Runtime    Last Run               Last # of DB Queries
---------------------------------------  -----  ---------  --------  ----------  --------------  -------------------  ----------------------
/opt/airflow/dags/olist_pipeline_dag.py                           1           0  0.27s           2026-06-04T17:35:57                      32
================================================================================
[2026-06-04T17:36:39.865+0000] {manager.py:997} INFO - 
================================================================================
DAG File Processing Stats

File Path                                PID    Runtime      # DAGs    # Errors  Last Runtime    Last Run               Last # of DB Queries
---------------------------------------  -----  ---------  --------  ----------  --------------  -------------------  ----------------------
/opt/airflow/dags/olist_pipeline_dag.py                           1           0  0.24s           2026-06-04T17:36:27                      10
================================================================================
[2026-06-04T17:37:10.346+0000] {manager.py:997} INFO - 
================================================================================
DAG File Processing Stats

File Path                                PID    Runtime      # DAGs    # Errors  Last Runtime    Last Run               Last # of DB Queries
---------------------------------------  -----  ---------  --------  ----------  --------------  -------------------  ----------------------
/opt/airflow/dags/olist_pipeline_dag.py                           1           0  0.22s           2026-06-04T17:36:58                      10
================================================================================
[2026-06-04T17:37:41.065+0000] {manager.py:997} INFO - 
================================================================================
DAG File Processing Stats

File Path                                PID    Runtime      # DAGs    # Errors  Last Runtime    Last Run               Last # of DB Queries
---------------------------------------  -----  ---------  --------  ----------  --------------  -------------------  ----------------------
/opt/airflow/dags/olist_pipeline_dag.py                           1           0  0.22s           2026-06-04T17:37:28                      10
================================================================================
[2026-06-04T17:38:11.680+0000] {manager.py:997} INFO - 
================================================================================
DAG File Processing Stats

File Path                                PID    Runtime      # DAGs    # Errors  Last Runtime    Last Run               Last # of DB Queries
---------------------------------------  -----  ---------  --------  ----------  --------------  -------------------  ----------------------
/opt/airflow/dags/olist_pipeline_dag.py                           1           0  0.19s           2026-06-04T17:37:59                      10
================================================================================
[2026-06-04T17:38:42.242+0000] {manager.py:997} INFO - 
================================================================================
DAG File Processing Stats

File Path                                PID    Runtime      # DAGs    # Errors  Last Runtime    Last Run               Last # of DB Queries
---------------------------------------  -----  ---------  --------  ----------  --------------  -------------------  ----------------------
/opt/airflow/dags/olist_pipeline_dag.py                           1           0  0.19s           2026-06-04T17:38:30                      10
================================================================================
[2026-06-04T17:38:59.449+0000] {manager.py:821} INFO - Searching for files in /opt/airflow/dags
[2026-06-04T17:38:59.497+0000] {manager.py:824} INFO - There are 1 files in /opt/airflow/dags
[2026-06-04T17:39:12.766+0000] {manager.py:997} INFO - 
================================================================================
DAG File Processing Stats

File Path                                PID    Runtime      # DAGs    # Errors  Last Runtime    Last Run               Last # of DB Queries
---------------------------------------  -----  ---------  --------  ----------  --------------  -------------------  ----------------------
/opt/airflow/dags/olist_pipeline_dag.py                           1           0  0.19s           2026-06-04T17:39:00                      10
================================================================================
[2026-06-04T17:39:43.264+0000] {manager.py:997} INFO - 
================================================================================
DAG File Processing Stats

File Path                                PID    Runtime      # DAGs    # Errors  Last Runtime    Last Run               Last # of DB Queries
---------------------------------------  -----  ---------  --------  ----------  --------------  -------------------  ----------------------
/opt/airflow/dags/olist_pipeline_dag.py                           1           0  0.20s           2026-06-04T17:39:31                      10
================================================================================
[2026-06-04T17:40:13.830+0000] {manager.py:997} INFO - 
================================================================================
DAG File Processing Stats

File Path                                PID    Runtime      # DAGs    # Errors  Last Runtime    Last Run               Last # of DB Queries
---------------------------------------  -----  ---------  --------  ----------  --------------  -------------------  ----------------------
/opt/airflow/dags/olist_pipeline_dag.py                           1           0  0.18s           2026-06-04T17:40:01                      10
================================================================================
[2026-06-04T17:40:44.319+0000] {manager.py:997} INFO - 
================================================================================
DAG File Processing Stats

File Path                                PID    Runtime      # DAGs    # Errors  Last Runtime    Last Run               Last # of DB Queries
---------------------------------------  -----  ---------  --------  ----------  --------------  -------------------  ----------------------
/opt/airflow/dags/olist_pipeline_dag.py                           1           0  0.21s           2026-06-04T17:40:32                      10
================================================================================
[2026-06-04T17:41:14.773+0000] {manager.py:997} INFO - 
================================================================================
DAG File Processing Stats

File Path                                PID    Runtime      # DAGs    # Errors  Last Runtime    Last Run               Last # of DB Queries
---------------------------------------  -----  ---------  --------  ----------  --------------  -------------------  ----------------------
/opt/airflow/dags/olist_pipeline_dag.py                           1           0  0.21s           2026-06-04T17:41:02                      10
================================================================================
[2026-06-04T17:41:45.267+0000] {manager.py:997} INFO - 
================================================================================
DAG File Processing Stats

File Path                                PID    Runtime      # DAGs    # Errors  Last Runtime    Last Run               Last # of DB Queries
---------------------------------------  -----  ---------  --------  ----------  --------------  -------------------  ----------------------
/opt/airflow/dags/olist_pipeline_dag.py                           1           0  0.20s           2026-06-04T17:41:33                      10
================================================================================
[2026-06-04T17:42:15.791+0000] {manager.py:997} INFO - 
================================================================================
DAG File Processing Stats

File Path                                PID    Runtime      # DAGs    # Errors  Last Runtime    Last Run               Last # of DB Queries
---------------------------------------  -----  ---------  --------  ----------  --------------  -------------------  ----------------------
/opt/airflow/dags/olist_pipeline_dag.py                           1           0  0.21s           2026-06-04T17:42:03                      10
================================================================================
[2026-06-04T17:42:46.295+0000] {manager.py:997} INFO - 
================================================================================
DAG File Processing Stats

File Path                                PID    Runtime      # DAGs    # Errors  Last Runtime    Last Run               Last # of DB Queries
---------------------------------------  -----  ---------  --------  ----------  --------------  -------------------  ----------------------
/opt/airflow/dags/olist_pipeline_dag.py                           1           0  0.20s           2026-06-04T17:42:34                      10
================================================================================
[2026-06-04T17:43:16.796+0000] {manager.py:997} INFO - 
================================================================================
DAG File Processing Stats

File Path                                PID    Runtime      # DAGs    # Errors  Last Runtime    Last Run               Last # of DB Queries
---------------------------------------  -----  ---------  --------  ----------  --------------  -------------------  ----------------------
/opt/airflow/dags/olist_pipeline_dag.py                           1           0  0.23s           2026-06-04T17:43:04                      10
================================================================================
[2026-06-04T17:43:47.355+0000] {manager.py:997} INFO - 
================================================================================
DAG File Processing Stats

File Path                                PID    Runtime      # DAGs    # Errors  Last Runtime    Last Run               Last # of DB Queries
---------------------------------------  -----  ---------  --------  ----------  --------------  -------------------  ----------------------
/opt/airflow/dags/olist_pipeline_dag.py                           1           0  0.19s           2026-06-04T17:43:35                      10
================================================================================
[2026-06-04T17:43:59.520+0000] {manager.py:821} INFO - Searching for files in /opt/airflow/dags
[2026-06-04T17:43:59.540+0000] {manager.py:824} INFO - There are 1 files in /opt/airflow/dags
[2026-06-04T17:44:17.843+0000] {manager.py:997} INFO - 
================================================================================
DAG File Processing Stats

File Path                                PID    Runtime      # DAGs    # Errors  Last Runtime    Last Run               Last # of DB Queries
---------------------------------------  -----  ---------  --------  ----------  --------------  -------------------  ----------------------
/opt/airflow/dags/olist_pipeline_dag.py                           1           0  0.19s           2026-06-04T17:44:05                      10
================================================================================
[2026-06-04T17:44:48.359+0000] {manager.py:997} INFO - 
================================================================================
DAG File Processing Stats

File Path                                PID    Runtime      # DAGs    # Errors  Last Runtime    Last Run               Last # of DB Queries
---------------------------------------  -----  ---------  --------  ----------  --------------  -------------------  ----------------------
/opt/airflow/dags/olist_pipeline_dag.py                           1           0  0.17s           2026-06-04T17:44:36                      10
================================================================================
[2026-06-04T17:45:18.896+0000] {manager.py:997} INFO - 
================================================================================
DAG File Processing Stats

File Path                                PID    Runtime      # DAGs    # Errors  Last Runtime    Last Run               Last # of DB Queries
---------------------------------------  -----  ---------  --------  ----------  --------------  -------------------  ----------------------
/opt/airflow/dags/olist_pipeline_dag.py                           1           0  0.17s           2026-06-04T17:45:06                      10
================================================================================
[2026-06-04T17:45:49.322+0000] {manager.py:997} INFO - 
================================================================================
DAG File Processing Stats

File Path                                PID    Runtime      # DAGs    # Errors  Last Runtime    Last Run               Last # of DB Queries
---------------------------------------  -----  ---------  --------  ----------  --------------  -------------------  ----------------------
/opt/airflow/dags/olist_pipeline_dag.py                           1           0  0.15s           2026-06-04T17:45:37                      10
================================================================================
[2026-06-04T17:46:19.827+0000] {manager.py:997} INFO - 
================================================================================
DAG File Processing Stats

File Path                                PID    Runtime      # DAGs    # Errors  Last Runtime    Last Run               Last # of DB Queries
---------------------------------------  -----  ---------  --------  ----------  --------------  -------------------  ----------------------
/opt/airflow/dags/olist_pipeline_dag.py                           1           0  0.19s           2026-06-04T17:46:07                      10
================================================================================
[2026-06-04T17:46:50.272+0000] {manager.py:997} INFO - 
================================================================================
DAG File Processing Stats

File Path                                PID    Runtime      # DAGs    # Errors  Last Runtime    Last Run               Last # of DB Queries
---------------------------------------  -----  ---------  --------  ----------  --------------  -------------------  ----------------------
/opt/airflow/dags/olist_pipeline_dag.py                           1           0  0.19s           2026-06-04T17:46:38                      10
================================================================================
[2026-06-04T17:47:20.829+0000] {manager.py:997} INFO - 
================================================================================
DAG File Processing Stats

File Path                                PID    Runtime      # DAGs    # Errors  Last Runtime    Last Run               Last # of DB Queries
---------------------------------------  -----  ---------  --------  ----------  --------------  -------------------  ----------------------
/opt/airflow/dags/olist_pipeline_dag.py                           1           0  0.23s           2026-06-04T17:47:08                      10
================================================================================
[2026-06-04T17:47:51.296+0000] {manager.py:997} INFO - 
================================================================================
DAG File Processing Stats

File Path                                PID    Runtime      # DAGs    # Errors  Last Runtime    Last Run               Last # of DB Queries
---------------------------------------  -----  ---------  --------  ----------  --------------  -------------------  ----------------------
/opt/airflow/dags/olist_pipeline_dag.py                           1           0  0.29s           2026-06-04T17:47:39                      10
================================================================================
[2026-06-04T17:48:21.904+0000] {manager.py:997} INFO - 
================================================================================
DAG File Processing Stats

File Path                                PID    Runtime      # DAGs    # Errors  Last Runtime    Last Run               Last # of DB Queries
---------------------------------------  -----  ---------  --------  ----------  --------------  -------------------  ----------------------
/opt/airflow/dags/olist_pipeline_dag.py                           1           0  0.23s           2026-06-04T17:48:09                      10
================================================================================
[2026-06-04T17:48:52.421+0000] {manager.py:997} INFO - 
================================================================================
DAG File Processing Stats

File Path                                PID    Runtime      # DAGs    # Errors  Last Runtime    Last Run               Last # of DB Queries
---------------------------------------  -----  ---------  --------  ----------  --------------  -------------------  ----------------------
/opt/airflow/dags/olist_pipeline_dag.py                           1           0  0.20s           2026-06-04T17:48:40                      10
================================================================================
[2026-06-04T17:48:59.577+0000] {manager.py:821} INFO - Searching for files in /opt/airflow/dags
[2026-06-04T17:48:59.608+0000] {manager.py:824} INFO - There are 1 files in /opt/airflow/dags
[2026-06-04T17:49:23.366+0000] {manager.py:997} INFO - 
================================================================================
DAG File Processing Stats

File Path                                PID    Runtime      # DAGs    # Errors  Last Runtime    Last Run               Last # of DB Queries
---------------------------------------  -----  ---------  --------  ----------  --------------  -------------------  ----------------------
/opt/airflow/dags/olist_pipeline_dag.py                           1           0  0.28s           2026-06-04T17:49:11                      10
================================================================================
[2026-06-04T17:49:54.290+0000] {manager.py:997} INFO - 
================================================================================
DAG File Processing Stats

File Path                                PID    Runtime      # DAGs    # Errors  Last Runtime    Last Run               Last # of DB Queries
---------------------------------------  -----  ---------  --------  ----------  --------------  -------------------  ----------------------
/opt/airflow/dags/olist_pipeline_dag.py                           1           0  0.21s           2026-06-04T17:49:41                      10
================================================================================
[2026-06-04T17:50:18.276+0000] {manager.py:465} INFO - Exiting gracefully upon receiving signal 15
[2026-06-04T17:50:41.850+0000] {manager.py:483} INFO - Processing files using up to 2 processes at a time 
[2026-06-04T17:50:41.855+0000] {manager.py:484} INFO - Process each file at most once every 30 seconds
[2026-06-04T17:50:41.859+0000] {manager.py:485} INFO - Checking for new files in /opt/airflow/dags every 300 seconds
[2026-06-04T17:50:41.862+0000] {manager.py:821} INFO - Searching for files in /opt/airflow/dags
[2026-06-04T17:50:41.890+0000] {manager.py:824} INFO - There are 1 files in /opt/airflow/dags
[2026-06-04T17:50:42.101+0000] {manager.py:997} INFO - 
================================================================================
DAG File Processing Stats

File Path                                  PID  Runtime      # DAGs    # Errors  Last Runtime    Last Run      Last # of DB Queries
---------------------------------------  -----  ---------  --------  ----------  --------------  ----------  ----------------------
/opt/airflow/dags/olist_pipeline_dag.py    166  0.09s             0           0                                                   0
================================================================================
[2026-06-04T17:51:12.742+0000] {manager.py:997} INFO - 
================================================================================
DAG File Processing Stats

File Path                                  PID  Runtime      # DAGs    # Errors  Last Runtime    Last Run               Last # of DB Queries
---------------------------------------  -----  ---------  --------  ----------  --------------  -------------------  ----------------------
/opt/airflow/dags/olist_pipeline_dag.py    184  0.07s             1           0  0.35s           2026-06-04T17:50:42                      10
================================================================================
[2026-06-04T17:51:43.192+0000] {manager.py:997} INFO - 
================================================================================
DAG File Processing Stats

File Path                                  PID  Runtime      # DAGs    # Errors  Last Runtime    Last Run               Last # of DB Queries
---------------------------------------  -----  ---------  --------  ----------  --------------  -------------------  ----------------------
/opt/airflow/dags/olist_pipeline_dag.py    189  0.02s             1           0  0.24s           2026-06-04T17:51:12                      10
================================================================================
[2026-06-04T17:52:13.831+0000] {manager.py:997} INFO - 
================================================================================
DAG File Processing Stats

File Path                                  PID  Runtime      # DAGs    # Errors  Last Runtime    Last Run               Last # of DB Queries
---------------------------------------  -----  ---------  --------  ----------  --------------  -------------------  ----------------------
/opt/airflow/dags/olist_pipeline_dag.py    194  0.04s             1           0  0.26s           2026-06-04T17:51:43                      10
================================================================================
[2026-06-04T17:52:44.351+0000] {manager.py:997} INFO - 
================================================================================
DAG File Processing Stats

File Path                                  PID  Runtime      # DAGs    # Errors  Last Runtime    Last Run               Last # of DB Queries
---------------------------------------  -----  ---------  --------  ----------  --------------  -------------------  ----------------------
/opt/airflow/dags/olist_pipeline_dag.py    199  0.06s             1           0  0.20s           2026-06-04T17:52:13                      10
================================================================================
[2026-06-04T17:53:15.199+0000] {manager.py:997} INFO - 
================================================================================
DAG File Processing Stats

File Path                                  PID  Runtime      # DAGs    # Errors  Last Runtime    Last Run               Last # of DB Queries
---------------------------------------  -----  ---------  --------  ----------  --------------  -------------------  ----------------------
/opt/airflow/dags/olist_pipeline_dag.py    204  0.11s             1           0  0.59s           2026-06-04T17:52:44                      10
================================================================================
[2026-06-04T17:53:45.684+0000] {manager.py:997} INFO - 
================================================================================
DAG File Processing Stats

File Path                                PID    Runtime      # DAGs    # Errors  Last Runtime    Last Run               Last # of DB Queries
---------------------------------------  -----  ---------  --------  ----------  --------------  -------------------  ----------------------
/opt/airflow/dags/olist_pipeline_dag.py                           1           0  1.01s           2026-06-04T17:53:16                      10
================================================================================
[2026-06-04T17:54:16.200+0000] {manager.py:997} INFO - 
================================================================================
DAG File Processing Stats

File Path                                PID    Runtime      # DAGs    # Errors  Last Runtime    Last Run               Last # of DB Queries
---------------------------------------  -----  ---------  --------  ----------  --------------  -------------------  ----------------------
/opt/airflow/dags/olist_pipeline_dag.py                           1           0  1.06s           2026-06-04T17:53:47                      10
================================================================================
[2026-06-04T17:54:46.628+0000] {manager.py:997} INFO - 
================================================================================
DAG File Processing Stats

File Path                                PID    Runtime      # DAGs    # Errors  Last Runtime    Last Run               Last # of DB Queries
---------------------------------------  -----  ---------  --------  ----------  --------------  -------------------  ----------------------
/opt/airflow/dags/olist_pipeline_dag.py                           1           0  0.34s           2026-06-04T17:54:18                      10
================================================================================
[2026-06-04T17:55:17.509+0000] {manager.py:997} INFO - 
================================================================================
DAG File Processing Stats

File Path                                PID    Runtime      # DAGs    # Errors  Last Runtime    Last Run               Last # of DB Queries
---------------------------------------  -----  ---------  --------  ----------  --------------  -------------------  ----------------------
/opt/airflow/dags/olist_pipeline_dag.py                           1           0  0.24s           2026-06-04T17:54:48                      10
================================================================================
[2026-06-04T17:55:42.053+0000] {manager.py:821} INFO - Searching for files in /opt/airflow/dags
[2026-06-04T17:55:42.077+0000] {manager.py:824} INFO - There are 1 files in /opt/airflow/dags
[2026-06-04T17:55:48.180+0000] {manager.py:997} INFO - 
================================================================================
DAG File Processing Stats

File Path                                PID    Runtime      # DAGs    # Errors  Last Runtime    Last Run               Last # of DB Queries
---------------------------------------  -----  ---------  --------  ----------  --------------  -------------------  ----------------------
/opt/airflow/dags/olist_pipeline_dag.py                           1           0  0.32s           2026-06-04T17:55:19                      10
================================================================================
[2026-06-04T17:56:18.670+0000] {manager.py:997} INFO - 
================================================================================
DAG File Processing Stats

File Path                                PID    Runtime      # DAGs    # Errors  Last Runtime    Last Run               Last # of DB Queries
---------------------------------------  -----  ---------  --------  ----------  --------------  -------------------  ----------------------
/opt/airflow/dags/olist_pipeline_dag.py                           1           0  0.23s           2026-06-04T17:55:50                      10
================================================================================
[2026-06-04T17:56:49.050+0000] {manager.py:997} INFO - 
================================================================================
DAG File Processing Stats

File Path                                PID    Runtime      # DAGs    # Errors  Last Runtime    Last Run               Last # of DB Queries
---------------------------------------  -----  ---------  --------  ----------  --------------  -------------------  ----------------------
/opt/airflow/dags/olist_pipeline_dag.py                           1           0  0.18s           2026-06-04T17:56:20                      10
================================================================================
[2026-06-04T17:57:19.503+0000] {manager.py:997} INFO - 
================================================================================
DAG File Processing Stats

File Path                                PID    Runtime      # DAGs    # Errors  Last Runtime    Last Run               Last # of DB Queries
---------------------------------------  -----  ---------  --------  ----------  --------------  -------------------  ----------------------
/opt/airflow/dags/olist_pipeline_dag.py                           1           0  0.18s           2026-06-04T17:56:51                      10
================================================================================
[2026-06-04T17:57:49.905+0000] {manager.py:997} INFO - 
================================================================================
DAG File Processing Stats

File Path                                PID    Runtime      # DAGs    # Errors  Last Runtime    Last Run               Last # of DB Queries
---------------------------------------  -----  ---------  --------  ----------  --------------  -------------------  ----------------------
/opt/airflow/dags/olist_pipeline_dag.py                           1           0  0.20s           2026-06-04T17:57:21                      10
================================================================================
[2026-06-04T17:58:20.371+0000] {manager.py:997} INFO - 
================================================================================
DAG File Processing Stats

File Path                                PID    Runtime      # DAGs    # Errors  Last Runtime    Last Run               Last # of DB Queries
---------------------------------------  -----  ---------  --------  ----------  --------------  -------------------  ----------------------
/opt/airflow/dags/olist_pipeline_dag.py                           1           0  0.16s           2026-06-04T17:57:52                      10
================================================================================
[2026-06-04T17:58:50.924+0000] {manager.py:997} INFO - 
================================================================================
DAG File Processing Stats

File Path                                PID    Runtime      # DAGs    # Errors  Last Runtime    Last Run               Last # of DB Queries
---------------------------------------  -----  ---------  --------  ----------  --------------  -------------------  ----------------------
/opt/airflow/dags/olist_pipeline_dag.py                           1           0  0.21s           2026-06-04T17:58:22                      10
================================================================================
[2026-06-04T17:59:21.599+0000] {manager.py:997} INFO - 
================================================================================
DAG File Processing Stats

File Path                                PID    Runtime      # DAGs    # Errors  Last Runtime    Last Run               Last # of DB Queries
---------------------------------------  -----  ---------  --------  ----------  --------------  -------------------  ----------------------
/opt/airflow/dags/olist_pipeline_dag.py                           1           0  0.37s           2026-06-04T17:58:53                      10
================================================================================
[2026-06-04T17:59:52.234+0000] {manager.py:997} INFO - 
================================================================================
DAG File Processing Stats

File Path                                PID    Runtime      # DAGs    # Errors  Last Runtime    Last Run               Last # of DB Queries
---------------------------------------  -----  ---------  --------  ----------  --------------  -------------------  ----------------------
/opt/airflow/dags/olist_pipeline_dag.py                           1           0  0.36s           2026-06-04T17:59:24                      10
================================================================================
[2026-06-04T18:00:22.701+0000] {manager.py:997} INFO - 
================================================================================
DAG File Processing Stats

File Path                                PID    Runtime      # DAGs    # Errors  Last Runtime    Last Run               Last # of DB Queries
---------------------------------------  -----  ---------  --------  ----------  --------------  -------------------  ----------------------
/opt/airflow/dags/olist_pipeline_dag.py                           1           0  0.22s           2026-06-04T17:59:54                      10
================================================================================
[2026-06-04T18:00:42.130+0000] {manager.py:821} INFO - Searching for files in /opt/airflow/dags
[2026-06-04T18:00:42.157+0000] {manager.py:824} INFO - There are 1 files in /opt/airflow/dags
[2026-06-04T18:00:53.410+0000] {manager.py:997} INFO - 
================================================================================
DAG File Processing Stats

File Path                                PID    Runtime      # DAGs    # Errors  Last Runtime    Last Run               Last # of DB Queries
---------------------------------------  -----  ---------  --------  ----------  --------------  -------------------  ----------------------
/opt/airflow/dags/olist_pipeline_dag.py                           1           0  0.46s           2026-06-04T18:00:25                      10
================================================================================
[2026-06-04T18:01:24.093+0000] {manager.py:997} INFO - 
================================================================================
DAG File Processing Stats

File Path                                PID    Runtime      # DAGs    # Errors  Last Runtime    Last Run               Last # of DB Queries
---------------------------------------  -----  ---------  --------  ----------  --------------  -------------------  ----------------------
/opt/airflow/dags/olist_pipeline_dag.py                           1           0  0.21s           2026-06-04T18:00:55                      10
================================================================================
[2026-06-04T18:01:54.606+0000] {manager.py:997} INFO - 
================================================================================
DAG File Processing Stats

File Path                                PID    Runtime      # DAGs    # Errors  Last Runtime    Last Run               Last # of DB Queries
---------------------------------------  -----  ---------  --------  ----------  --------------  -------------------  ----------------------
/opt/airflow/dags/olist_pipeline_dag.py                           1           0  0.19s           2026-06-04T18:01:26                      10
================================================================================
[2026-06-04T18:02:25.018+0000] {manager.py:997} INFO - 
================================================================================
DAG File Processing Stats

File Path                                PID    Runtime      # DAGs    # Errors  Last Runtime    Last Run               Last # of DB Queries
---------------------------------------  -----  ---------  --------  ----------  --------------  -------------------  ----------------------
/opt/airflow/dags/olist_pipeline_dag.py                           1           0  0.75s           2026-06-04T18:01:57                      10
================================================================================
[2026-06-04T18:02:53.712+0000] {manager.py:465} INFO - Exiting gracefully upon receiving signal 15
[2026-06-04T18:03:43.541+0000] {manager.py:483} INFO - Processing files using up to 2 processes at a time 
[2026-06-04T18:03:43.544+0000] {manager.py:484} INFO - Process each file at most once every 30 seconds
[2026-06-04T18:03:43.547+0000] {manager.py:485} INFO - Checking for new files in /opt/airflow/dags every 300 seconds
[2026-06-04T18:03:43.550+0000] {manager.py:821} INFO - Searching for files in /opt/airflow/dags
[2026-06-04T18:03:43.588+0000] {manager.py:824} INFO - There are 1 files in /opt/airflow/dags
[2026-06-04T18:03:43.741+0000] {manager.py:997} INFO - 
================================================================================
DAG File Processing Stats

File Path                                  PID  Runtime      # DAGs    # Errors  Last Runtime    Last Run      Last # of DB Queries
---------------------------------------  -----  ---------  --------  ----------  --------------  ----------  ----------------------
/opt/airflow/dags/olist_pipeline_dag.py    166  0.05s             0           0                                                   0
================================================================================
[2026-06-04T18:04:14.213+0000] {manager.py:997} INFO - 
================================================================================
DAG File Processing Stats

File Path                                  PID  Runtime      # DAGs    # Errors  Last Runtime    Last Run               Last # of DB Queries
---------------------------------------  -----  ---------  --------  ----------  --------------  -------------------  ----------------------
/opt/airflow/dags/olist_pipeline_dag.py    171  0.05s             1           0  0.24s           2026-06-04T18:03:43                      10
================================================================================
[2026-06-04T18:04:44.955+0000] {manager.py:997} INFO - 
================================================================================
DAG File Processing Stats

File Path                                  PID  Runtime      # DAGs    # Errors  Last Runtime    Last Run               Last # of DB Queries
---------------------------------------  -----  ---------  --------  ----------  --------------  -------------------  ----------------------
/opt/airflow/dags/olist_pipeline_dag.py    176  0.04s             1           0  0.33s           2026-06-04T18:04:14                      10
================================================================================
[2026-06-04T18:05:15.526+0000] {manager.py:997} INFO - 
================================================================================
DAG File Processing Stats

File Path                                  PID  Runtime      # DAGs    # Errors  Last Runtime    Last Run               Last # of DB Queries
---------------------------------------  -----  ---------  --------  ----------  --------------  -------------------  ----------------------
/opt/airflow/dags/olist_pipeline_dag.py    181  0.18s             1           0  0.23s           2026-06-04T18:04:45                      10
================================================================================
[2026-06-04T18:05:46.005+0000] {manager.py:997} INFO - 
================================================================================
DAG File Processing Stats

File Path                                  PID  Runtime      # DAGs    # Errors  Last Runtime    Last Run               Last # of DB Queries
---------------------------------------  -----  ---------  --------  ----------  --------------  -------------------  ----------------------
/opt/airflow/dags/olist_pipeline_dag.py    186  0.03s             1           0  0.47s           2026-06-04T18:05:15                      10
================================================================================
[2026-06-04T18:06:16.466+0000] {manager.py:997} INFO - 
================================================================================
DAG File Processing Stats

File Path                                  PID  Runtime      # DAGs    # Errors  Last Runtime    Last Run               Last # of DB Queries
---------------------------------------  -----  ---------  --------  ----------  --------------  -------------------  ----------------------
/opt/airflow/dags/olist_pipeline_dag.py    191  0.05s             1           0  0.23s           2026-06-04T18:05:46                      10
================================================================================
[2026-06-04T18:06:46.962+0000] {manager.py:997} INFO - 
================================================================================
DAG File Processing Stats

File Path                                  PID  Runtime      # DAGs    # Errors  Last Runtime    Last Run               Last # of DB Queries
---------------------------------------  -----  ---------  --------  ----------  --------------  -------------------  ----------------------
/opt/airflow/dags/olist_pipeline_dag.py    196  0.05s             1           0  0.23s           2026-06-04T18:06:16                      10
================================================================================
[2026-06-04T18:07:17.411+0000] {manager.py:997} INFO - 
================================================================================
DAG File Processing Stats

File Path                                  PID  Runtime      # DAGs    # Errors  Last Runtime    Last Run               Last # of DB Queries
---------------------------------------  -----  ---------  --------  ----------  --------------  -------------------  ----------------------
/opt/airflow/dags/olist_pipeline_dag.py    201  0.04s             1           0  0.20s           2026-06-04T18:06:47                      10
================================================================================
[2026-06-04T18:07:47.863+0000] {manager.py:997} INFO - 
================================================================================
DAG File Processing Stats

File Path                                  PID  Runtime      # DAGs    # Errors  Last Runtime    Last Run               Last # of DB Queries
---------------------------------------  -----  ---------  --------  ----------  --------------  -------------------  ----------------------
/opt/airflow/dags/olist_pipeline_dag.py    206  0.03s             1           0  0.26s           2026-06-04T18:07:17                      10
================================================================================
[2026-06-04T18:08:18.447+0000] {manager.py:997} INFO - 
================================================================================
DAG File Processing Stats

File Path                                  PID  Runtime      # DAGs    # Errors  Last Runtime    Last Run               Last # of DB Queries
---------------------------------------  -----  ---------  --------  ----------  --------------  -------------------  ----------------------
/opt/airflow/dags/olist_pipeline_dag.py    211  0.04s             1           0  0.21s           2026-06-04T18:07:48                      10
================================================================================
[2026-06-04T18:08:43.856+0000] {manager.py:821} INFO - Searching for files in /opt/airflow/dags
[2026-06-04T18:08:43.895+0000] {manager.py:824} INFO - There are 1 files in /opt/airflow/dags
[2026-06-04T18:08:49.063+0000] {manager.py:997} INFO - 
================================================================================
DAG File Processing Stats

File Path                                  PID  Runtime      # DAGs    # Errors  Last Runtime    Last Run               Last # of DB Queries
---------------------------------------  -----  ---------  --------  ----------  --------------  -------------------  ----------------------
/opt/airflow/dags/olist_pipeline_dag.py    216  0.06s             1           0  0.22s           2026-06-04T18:08:18                      10
================================================================================
[2026-06-04T18:09:19.682+0000] {manager.py:997} INFO - 
================================================================================
DAG File Processing Stats

File Path                                  PID  Runtime      # DAGs    # Errors  Last Runtime    Last Run               Last # of DB Queries
---------------------------------------  -----  ---------  --------  ----------  --------------  -------------------  ----------------------
/opt/airflow/dags/olist_pipeline_dag.py    221  0.03s             1           0  0.23s           2026-06-04T18:08:49                      10
================================================================================
[2026-06-04T18:09:50.443+0000] {manager.py:997} INFO - 
================================================================================
DAG File Processing Stats

File Path                                  PID  Runtime      # DAGs    # Errors  Last Runtime    Last Run               Last # of DB Queries
---------------------------------------  -----  ---------  --------  ----------  --------------  -------------------  ----------------------
/opt/airflow/dags/olist_pipeline_dag.py    226  0.08s             1           0  0.23s           2026-06-04T18:09:19                      10
================================================================================
[2026-06-04T18:10:21.126+0000] {manager.py:997} INFO - 
================================================================================
DAG File Processing Stats

File Path                                  PID  Runtime      # DAGs    # Errors  Last Runtime    Last Run               Last # of DB Queries
---------------------------------------  -----  ---------  --------  ----------  --------------  -------------------  ----------------------
/opt/airflow/dags/olist_pipeline_dag.py    231  0.03s             1           0  0.34s           2026-06-04T18:09:50                      10
================================================================================
[2026-06-04T18:10:51.608+0000] {manager.py:997} INFO - 
================================================================================
DAG File Processing Stats

File Path                                  PID  Runtime      # DAGs    # Errors  Last Runtime    Last Run               Last # of DB Queries
---------------------------------------  -----  ---------  --------  ----------  --------------  -------------------  ----------------------
/opt/airflow/dags/olist_pipeline_dag.py    236  0.03s             1           0  0.18s           2026-06-04T18:10:21                      10
================================================================================
[2026-06-04T18:10:58.855+0000] {manager.py:465} INFO - Exiting gracefully upon receiving signal 15
[2026-06-04T18:11:35.956+0000] {manager.py:483} INFO - Processing files using up to 2 processes at a time 
[2026-06-04T18:11:35.959+0000] {manager.py:484} INFO - Process each file at most once every 30 seconds
[2026-06-04T18:11:35.962+0000] {manager.py:485} INFO - Checking for new files in /opt/airflow/dags every 300 seconds
[2026-06-04T18:11:35.964+0000] {manager.py:821} INFO - Searching for files in /opt/airflow/dags
[2026-06-04T18:11:36.009+0000] {manager.py:824} INFO - There are 1 files in /opt/airflow/dags
[2026-06-04T18:11:36.129+0000] {manager.py:997} INFO - 
================================================================================
DAG File Processing Stats

File Path                                  PID  Runtime      # DAGs    # Errors  Last Runtime    Last Run      Last # of DB Queries
---------------------------------------  -----  ---------  --------  ----------  --------------  ----------  ----------------------
/opt/airflow/dags/olist_pipeline_dag.py    167  0.03s             0           0                                                   0
================================================================================
[2026-06-04T18:12:06.697+0000] {manager.py:997} INFO - 
================================================================================
DAG File Processing Stats

File Path                                  PID  Runtime      # DAGs    # Errors  Last Runtime    Last Run               Last # of DB Queries
---------------------------------------  -----  ---------  --------  ----------  --------------  -------------------  ----------------------
/opt/airflow/dags/olist_pipeline_dag.py    172  0.04s             1           0  0.24s           2026-06-04T18:11:36                      10
================================================================================
[2026-06-04T18:12:37.217+0000] {manager.py:997} INFO - 
================================================================================
DAG File Processing Stats

File Path                                  PID  Runtime      # DAGs    # Errors  Last Runtime    Last Run               Last # of DB Queries
---------------------------------------  -----  ---------  --------  ----------  --------------  -------------------  ----------------------
/opt/airflow/dags/olist_pipeline_dag.py    177  0.02s             1           0  0.42s           2026-06-04T18:12:07                      10
================================================================================
[2026-06-04T18:13:07.731+0000] {manager.py:997} INFO - 
================================================================================
DAG File Processing Stats

File Path                                  PID  Runtime      # DAGs    # Errors  Last Runtime    Last Run               Last # of DB Queries
---------------------------------------  -----  ---------  --------  ----------  --------------  -------------------  ----------------------
/opt/airflow/dags/olist_pipeline_dag.py    182  0.06s             1           0  0.16s           2026-06-04T18:12:37                      10
================================================================================
[2026-06-04T18:13:38.130+0000] {manager.py:997} INFO - 
================================================================================
DAG File Processing Stats

File Path                                  PID  Runtime      # DAGs    # Errors  Last Runtime    Last Run               Last # of DB Queries
---------------------------------------  -----  ---------  --------  ----------  --------------  -------------------  ----------------------
/opt/airflow/dags/olist_pipeline_dag.py    187  0.02s             1           0  0.24s           2026-06-04T18:13:07                      10
================================================================================
[2026-06-04T18:14:09.054+0000] {manager.py:997} INFO - 
================================================================================
DAG File Processing Stats

File Path                                  PID  Runtime      # DAGs    # Errors  Last Runtime    Last Run               Last # of DB Queries
---------------------------------------  -----  ---------  --------  ----------  --------------  -------------------  ----------------------
/opt/airflow/dags/olist_pipeline_dag.py    192  0.23s             1           0  0.38s           2026-06-04T18:13:38                      10
================================================================================
[2026-06-04T18:14:40.065+0000] {manager.py:997} INFO - 
================================================================================
DAG File Processing Stats

File Path                                PID    Runtime      # DAGs    # Errors  Last Runtime    Last Run               Last # of DB Queries
---------------------------------------  -----  ---------  --------  ----------  --------------  -------------------  ----------------------
/opt/airflow/dags/olist_pipeline_dag.py                           1           0  4.80s           2026-06-04T18:14:13                      10
================================================================================
[2026-06-04T18:15:10.583+0000] {manager.py:997} INFO - 
================================================================================
DAG File Processing Stats

File Path                                PID    Runtime      # DAGs    # Errors  Last Runtime    Last Run               Last # of DB Queries
---------------------------------------  -----  ---------  --------  ----------  --------------  -------------------  ----------------------
/opt/airflow/dags/olist_pipeline_dag.py                           1           0  0.29s           2026-06-04T18:14:44                      10
================================================================================
[2026-06-04T18:15:41.135+0000] {manager.py:997} INFO - 
================================================================================
DAG File Processing Stats

File Path                                PID    Runtime      # DAGs    # Errors  Last Runtime    Last Run               Last # of DB Queries
---------------------------------------  -----  ---------  --------  ----------  --------------  -------------------  ----------------------
/opt/airflow/dags/olist_pipeline_dag.py                           1           0  0.24s           2026-06-04T18:15:14                      10
================================================================================
[2026-06-04T18:16:11.633+0000] {manager.py:997} INFO - 
================================================================================
DAG File Processing Stats

File Path                                PID    Runtime      # DAGs    # Errors  Last Runtime    Last Run               Last # of DB Queries
---------------------------------------  -----  ---------  --------  ----------  --------------  -------------------  ----------------------
/opt/airflow/dags/olist_pipeline_dag.py                           1           0  0.18s           2026-06-04T18:15:45                      10
================================================================================
[2026-06-04T18:16:36.041+0000] {manager.py:821} INFO - Searching for files in /opt/airflow/dags
[2026-06-04T18:16:36.100+0000] {manager.py:824} INFO - There are 1 files in /opt/airflow/dags
[2026-06-04T18:16:42.198+0000] {manager.py:997} INFO - 
================================================================================
DAG File Processing Stats

File Path                                PID    Runtime      # DAGs    # Errors  Last Runtime    Last Run               Last # of DB Queries
---------------------------------------  -----  ---------  --------  ----------  --------------  -------------------  ----------------------
/opt/airflow/dags/olist_pipeline_dag.py                           1           0  0.21s           2026-06-04T18:16:15                      10
================================================================================
[2026-06-04T18:17:12.731+0000] {manager.py:997} INFO - 
================================================================================
DAG File Processing Stats

File Path                                PID    Runtime      # DAGs    # Errors  Last Runtime    Last Run               Last # of DB Queries
---------------------------------------  -----  ---------  --------  ----------  --------------  -------------------  ----------------------
/opt/airflow/dags/olist_pipeline_dag.py                           1           0  0.19s           2026-06-04T18:16:46                      10
================================================================================
[2026-06-04T18:17:43.249+0000] {manager.py:997} INFO - 
================================================================================
DAG File Processing Stats

File Path                                PID    Runtime      # DAGs    # Errors  Last Runtime    Last Run               Last # of DB Queries
---------------------------------------  -----  ---------  --------  ----------  --------------  -------------------  ----------------------
/opt/airflow/dags/olist_pipeline_dag.py                           1           0  0.17s           2026-06-04T18:17:16                      10
================================================================================
[2026-06-04T18:18:13.704+0000] {manager.py:997} INFO - 
================================================================================
DAG File Processing Stats

File Path                                PID    Runtime      # DAGs    # Errors  Last Runtime    Last Run               Last # of DB Queries
---------------------------------------  -----  ---------  --------  ----------  --------------  -------------------  ----------------------
/opt/airflow/dags/olist_pipeline_dag.py                           1           0  0.99s           2026-06-04T18:17:48                      10
================================================================================
[2026-06-04T18:18:44.148+0000] {manager.py:997} INFO - 
================================================================================
DAG File Processing Stats

File Path                                PID    Runtime      # DAGs    # Errors  Last Runtime    Last Run               Last # of DB Queries
---------------------------------------  -----  ---------  --------  ----------  --------------  -------------------  ----------------------
/opt/airflow/dags/olist_pipeline_dag.py                           1           0  0.31s           2026-06-04T18:18:43                      10
================================================================================
[2026-06-04T18:19:14.871+0000] {manager.py:997} INFO - 
================================================================================
DAG File Processing Stats

File Path                                PID    Runtime      # DAGs    # Errors  Last Runtime    Last Run               Last # of DB Queries
---------------------------------------  -----  ---------  --------  ----------  --------------  -------------------  ----------------------
/opt/airflow/dags/olist_pipeline_dag.py                           1           0  0.24s           2026-06-04T18:19:14                      10
================================================================================
[2026-06-04T18:19:45.362+0000] {manager.py:997} INFO - 
================================================================================
DAG File Processing Stats

File Path                                PID    Runtime      # DAGs    # Errors  Last Runtime    Last Run               Last # of DB Queries
---------------------------------------  -----  ---------  --------  ----------  --------------  -------------------  ----------------------
/opt/airflow/dags/olist_pipeline_dag.py                           1           0  0.23s           2026-06-04T18:19:44                      10
================================================================================
[2026-06-04T18:20:08.859+0000] {manager.py:465} INFO - Exiting gracefully upon receiving signal 15
[2026-06-04T18:20:22.813+0000] {manager.py:483} INFO - Processing files using up to 2 processes at a time 
[2026-06-04T18:20:22.817+0000] {manager.py:484} INFO - Process each file at most once every 30 seconds
[2026-06-04T18:20:22.820+0000] {manager.py:485} INFO - Checking for new files in /opt/airflow/dags every 300 seconds
[2026-06-04T18:20:22.823+0000] {manager.py:821} INFO - Searching for files in /opt/airflow/dags
[2026-06-04T18:20:22.850+0000] {manager.py:824} INFO - There are 1 files in /opt/airflow/dags
[2026-06-04T18:20:22.983+0000] {manager.py:997} INFO - 
================================================================================
DAG File Processing Stats

File Path                                  PID  Runtime      # DAGs    # Errors  Last Runtime    Last Run      Last # of DB Queries
---------------------------------------  -----  ---------  --------  ----------  --------------  ----------  ----------------------
/opt/airflow/dags/olist_pipeline_dag.py    167  0.05s             0           0                                                   0
================================================================================
[2026-06-04T18:20:53.629+0000] {manager.py:997} INFO - 
================================================================================
DAG File Processing Stats

File Path                                  PID  Runtime      # DAGs    # Errors  Last Runtime    Last Run               Last # of DB Queries
---------------------------------------  -----  ---------  --------  ----------  --------------  -------------------  ----------------------
/opt/airflow/dags/olist_pipeline_dag.py    172  0.06s             1           0  0.29s           2026-06-04T18:20:23                      10
================================================================================
[2026-06-04T18:21:24.192+0000] {manager.py:997} INFO - 
================================================================================
DAG File Processing Stats

File Path                                  PID  Runtime      # DAGs    # Errors  Last Runtime    Last Run               Last # of DB Queries
---------------------------------------  -----  ---------  --------  ----------  --------------  -------------------  ----------------------
/opt/airflow/dags/olist_pipeline_dag.py    191  0.08s             1           0  0.26s           2026-06-04T18:20:53                      10
================================================================================
[2026-06-04T18:21:54.767+0000] {manager.py:997} INFO - 
================================================================================
DAG File Processing Stats

File Path                                  PID  Runtime      # DAGs    # Errors  Last Runtime    Last Run               Last # of DB Queries
---------------------------------------  -----  ---------  --------  ----------  --------------  -------------------  ----------------------
/opt/airflow/dags/olist_pipeline_dag.py    196  0.07s             1           0  0.30s           2026-06-04T18:21:24                      10
================================================================================
[2026-06-04T18:22:25.713+0000] {manager.py:997} INFO - 
================================================================================
DAG File Processing Stats

File Path                                  PID  Runtime      # DAGs    # Errors  Last Runtime    Last Run               Last # of DB Queries
---------------------------------------  -----  ---------  --------  ----------  --------------  -------------------  ----------------------
/opt/airflow/dags/olist_pipeline_dag.py    201  0.06s             1           0  0.22s           2026-06-04T18:21:54                      10
================================================================================
[2026-06-04T18:22:56.017+0000] {manager.py:997} INFO - 
================================================================================
DAG File Processing Stats

File Path                                PID    Runtime      # DAGs    # Errors  Last Runtime    Last Run               Last # of DB Queries
---------------------------------------  -----  ---------  --------  ----------  --------------  -------------------  ----------------------
/opt/airflow/dags/olist_pipeline_dag.py                           1           0  3.22s           2026-06-04T18:22:38                      32
================================================================================
[2026-06-04T18:23:02.504+0000] {manager.py:465} INFO - Exiting gracefully upon receiving signal 15
[2026-06-04T18:23:20.507+0000] {manager.py:483} INFO - Processing files using up to 2 processes at a time 
[2026-06-04T18:23:20.510+0000] {manager.py:484} INFO - Process each file at most once every 30 seconds
[2026-06-04T18:23:20.517+0000] {manager.py:485} INFO - Checking for new files in /opt/airflow/dags every 300 seconds
[2026-06-04T18:23:20.525+0000] {manager.py:821} INFO - Searching for files in /opt/airflow/dags
[2026-06-04T18:23:20.585+0000] {manager.py:824} INFO - There are 1 files in /opt/airflow/dags
[2026-06-04T18:23:21.001+0000] {manager.py:997} INFO - 
================================================================================
DAG File Processing Stats

File Path                                  PID  Runtime      # DAGs    # Errors  Last Runtime    Last Run      Last # of DB Queries
---------------------------------------  -----  ---------  --------  ----------  --------------  ----------  ----------------------
/opt/airflow/dags/olist_pipeline_dag.py    167  0.09s             0           0                                                   0
================================================================================
[2026-06-04T18:23:51.655+0000] {manager.py:997} INFO - 
================================================================================
DAG File Processing Stats

File Path                                  PID  Runtime      # DAGs    # Errors  Last Runtime    Last Run               Last # of DB Queries
---------------------------------------  -----  ---------  --------  ----------  --------------  -------------------  ----------------------
/opt/airflow/dags/olist_pipeline_dag.py    186  0.02s             1           0  0.24s           2026-06-04T18:23:21                      10
================================================================================
[2026-06-04T18:24:22.631+0000] {manager.py:997} INFO - 
================================================================================
DAG File Processing Stats

File Path                                  PID  Runtime      # DAGs    # Errors  Last Runtime    Last Run               Last # of DB Queries
---------------------------------------  -----  ---------  --------  ----------  --------------  -------------------  ----------------------
/opt/airflow/dags/olist_pipeline_dag.py    191  0.03s             1           0  0.94s           2026-06-04T18:23:52                      10
================================================================================
[2026-06-04T18:24:52.743+0000] {manager.py:997} INFO - 
================================================================================
DAG File Processing Stats

File Path                                PID    Runtime      # DAGs    # Errors  Last Runtime    Last Run               Last # of DB Queries
---------------------------------------  -----  ---------  --------  ----------  --------------  -------------------  ----------------------
/opt/airflow/dags/olist_pipeline_dag.py                           1           0  1.29s           2026-06-04T18:24:23                      10
================================================================================
[2026-06-04T18:25:23.149+0000] {manager.py:997} INFO - 
================================================================================
DAG File Processing Stats

File Path                                PID    Runtime      # DAGs    # Errors  Last Runtime    Last Run               Last # of DB Queries
---------------------------------------  -----  ---------  --------  ----------  --------------  -------------------  ----------------------
/opt/airflow/dags/olist_pipeline_dag.py                           1           0  3.48s           2026-06-04T18:24:58                      10
================================================================================
[2026-06-04T18:25:53.586+0000] {manager.py:997} INFO - 
================================================================================
DAG File Processing Stats

File Path                                PID    Runtime      # DAGs    # Errors  Last Runtime    Last Run               Last # of DB Queries
---------------------------------------  -----  ---------  --------  ----------  --------------  -------------------  ----------------------
/opt/airflow/dags/olist_pipeline_dag.py                           1           0  0.37s           2026-06-04T18:25:29                      10
================================================================================
[2026-06-04T18:26:24.277+0000] {manager.py:997} INFO - 
================================================================================
DAG File Processing Stats

File Path                                PID    Runtime      # DAGs    # Errors  Last Runtime    Last Run               Last # of DB Queries
---------------------------------------  -----  ---------  --------  ----------  --------------  -------------------  ----------------------
/opt/airflow/dags/olist_pipeline_dag.py                           1           0  1.11s           2026-06-04T18:26:01                      10
================================================================================
[2026-06-04T18:26:54.670+0000] {manager.py:997} INFO - 
================================================================================
DAG File Processing Stats

File Path                                PID    Runtime      # DAGs    # Errors  Last Runtime    Last Run               Last # of DB Queries
---------------------------------------  -----  ---------  --------  ----------  --------------  -------------------  ----------------------
/opt/airflow/dags/olist_pipeline_dag.py                           1           0  1.15s           2026-06-04T18:26:33                      10
================================================================================
[2026-06-04T18:27:25.413+0000] {manager.py:997} INFO - 
================================================================================
DAG File Processing Stats

File Path                                PID    Runtime      # DAGs    # Errors  Last Runtime    Last Run               Last # of DB Queries
---------------------------------------  -----  ---------  --------  ----------  --------------  -------------------  ----------------------
/opt/airflow/dags/olist_pipeline_dag.py                           1           0  1.53s           2026-06-04T18:27:04                      10
================================================================================
[2026-06-04T18:27:56.519+0000] {manager.py:997} INFO - 
================================================================================
DAG File Processing Stats

File Path                                PID    Runtime      # DAGs    # Errors  Last Runtime    Last Run               Last # of DB Queries
---------------------------------------  -----  ---------  --------  ----------  --------------  -------------------  ----------------------
/opt/airflow/dags/olist_pipeline_dag.py                           1           0  1.42s           2026-06-04T18:27:37                      10
================================================================================
[2026-06-04T18:28:21.408+0000] {manager.py:821} INFO - Searching for files in /opt/airflow/dags
[2026-06-04T18:28:21.637+0000] {manager.py:824} INFO - There are 1 files in /opt/airflow/dags
[2026-06-04T18:28:27.272+0000] {manager.py:997} INFO - 
================================================================================
DAG File Processing Stats

File Path                                PID    Runtime      # DAGs    # Errors  Last Runtime    Last Run               Last # of DB Queries
---------------------------------------  -----  ---------  --------  ----------  --------------  -------------------  ----------------------
/opt/airflow/dags/olist_pipeline_dag.py                           1           0  1.69s           2026-06-04T18:28:09                      10
================================================================================
[2026-06-04T18:28:57.669+0000] {manager.py:997} INFO - 
================================================================================
DAG File Processing Stats

File Path                                PID    Runtime      # DAGs    # Errors  Last Runtime    Last Run               Last # of DB Queries
---------------------------------------  -----  ---------  --------  ----------  --------------  -------------------  ----------------------
/opt/airflow/dags/olist_pipeline_dag.py                           1           0  0.63s           2026-06-04T18:28:40                      10
================================================================================
[2026-06-04T18:29:28.145+0000] {manager.py:997} INFO - 
================================================================================
DAG File Processing Stats

File Path                                PID    Runtime      # DAGs    # Errors  Last Runtime    Last Run               Last # of DB Queries
---------------------------------------  -----  ---------  --------  ----------  --------------  -------------------  ----------------------
/opt/airflow/dags/olist_pipeline_dag.py                           1           0  0.75s           2026-06-04T18:29:12                      10
================================================================================
[2026-06-04T18:29:58.693+0000] {manager.py:997} INFO - 
================================================================================
DAG File Processing Stats

File Path                                PID    Runtime      # DAGs    # Errors  Last Runtime    Last Run               Last # of DB Queries
---------------------------------------  -----  ---------  --------  ----------  --------------  -------------------  ----------------------
/opt/airflow/dags/olist_pipeline_dag.py                           1           0  0.76s           2026-06-04T18:29:43                      10
================================================================================
[2026-06-04T18:30:29.708+0000] {manager.py:997} INFO - 
================================================================================
DAG File Processing Stats

File Path                                PID    Runtime      # DAGs    # Errors  Last Runtime    Last Run               Last # of DB Queries
---------------------------------------  -----  ---------  --------  ----------  --------------  -------------------  ----------------------
/opt/airflow/dags/olist_pipeline_dag.py                           1           0  0.28s           2026-06-04T18:30:14                      10
================================================================================
[2026-06-04T18:31:00.241+0000] {manager.py:997} INFO - 
================================================================================
DAG File Processing Stats

File Path                                PID    Runtime      # DAGs    # Errors  Last Runtime    Last Run               Last # of DB Queries
---------------------------------------  -----  ---------  --------  ----------  --------------  -------------------  ----------------------
/opt/airflow/dags/olist_pipeline_dag.py                           1           0  0.63s           2026-06-04T18:30:45                      10
================================================================================
[2026-06-04T18:31:30.323+0000] {manager.py:997} INFO - 
================================================================================
DAG File Processing Stats

File Path                                PID    Runtime      # DAGs    # Errors  Last Runtime    Last Run               Last # of DB Queries
---------------------------------------  -----  ---------  --------  ----------  --------------  -------------------  ----------------------
/opt/airflow/dags/olist_pipeline_dag.py                           1           0  1.70s           2026-06-04T18:31:18                      10
================================================================================
[2026-06-04T18:32:00.912+0000] {manager.py:997} INFO - 
================================================================================
DAG File Processing Stats

File Path                                PID    Runtime      # DAGs    # Errors  Last Runtime    Last Run               Last # of DB Queries
---------------------------------------  -----  ---------  --------  ----------  --------------  -------------------  ----------------------
/opt/airflow/dags/olist_pipeline_dag.py                           1           0  0.88s           2026-06-04T18:31:49                      10
================================================================================
[2026-06-04T18:32:31.616+0000] {manager.py:997} INFO - 
================================================================================
DAG File Processing Stats

File Path                                PID    Runtime      # DAGs    # Errors  Last Runtime    Last Run               Last # of DB Queries
---------------------------------------  -----  ---------  --------  ----------  --------------  -------------------  ----------------------
/opt/airflow/dags/olist_pipeline_dag.py                           1           0  1.51s           2026-06-04T18:32:21                      10
================================================================================
[2026-06-04T18:33:01.935+0000] {manager.py:997} INFO - 
================================================================================
DAG File Processing Stats

File Path                                PID    Runtime      # DAGs    # Errors  Last Runtime    Last Run               Last # of DB Queries
---------------------------------------  -----  ---------  --------  ----------  --------------  -------------------  ----------------------
/opt/airflow/dags/olist_pipeline_dag.py                           1           0  1.26s           2026-06-04T18:32:53                      10
================================================================================
[2026-06-04T18:33:21.624+0000] {manager.py:821} INFO - Searching for files in /opt/airflow/dags
[2026-06-04T18:33:21.858+0000] {manager.py:824} INFO - There are 1 files in /opt/airflow/dags
[2026-06-04T18:33:32.209+0000] {manager.py:997} INFO - 
================================================================================
DAG File Processing Stats

File Path                                PID    Runtime      # DAGs    # Errors  Last Runtime    Last Run               Last # of DB Queries
---------------------------------------  -----  ---------  --------  ----------  --------------  -------------------  ----------------------
/opt/airflow/dags/olist_pipeline_dag.py                           1           0  3.14s           2026-06-04T18:33:26                      10
================================================================================
[2026-06-04T18:34:02.794+0000] {manager.py:997} INFO - 
================================================================================
DAG File Processing Stats

File Path                                PID    Runtime      # DAGs    # Errors  Last Runtime    Last Run               Last # of DB Queries
---------------------------------------  -----  ---------  --------  ----------  --------------  -------------------  ----------------------
/opt/airflow/dags/olist_pipeline_dag.py                           1           0  1.14s           2026-06-04T18:33:58                      10
================================================================================
[2026-06-04T18:34:33.079+0000] {manager.py:997} INFO - 
================================================================================
DAG File Processing Stats

File Path                                PID    Runtime      # DAGs    # Errors  Last Runtime    Last Run               Last # of DB Queries
---------------------------------------  -----  ---------  --------  ----------  --------------  -------------------  ----------------------
/opt/airflow/dags/olist_pipeline_dag.py                           1           0  0.76s           2026-06-04T18:34:29                      10
================================================================================
[2026-06-04T18:35:03.371+0000] {manager.py:997} INFO - 
================================================================================
DAG File Processing Stats

File Path                                PID    Runtime      # DAGs    # Errors  Last Runtime    Last Run               Last # of DB Queries
---------------------------------------  -----  ---------  --------  ----------  --------------  -------------------  ----------------------
/opt/airflow/dags/olist_pipeline_dag.py                           1           0  0.74s           2026-06-04T18:35:01                      10
================================================================================
[2026-06-04T18:35:34.051+0000] {manager.py:997} INFO - 
================================================================================
DAG File Processing Stats

File Path                                PID    Runtime      # DAGs    # Errors  Last Runtime    Last Run               Last # of DB Queries
---------------------------------------  -----  ---------  --------  ----------  --------------  -------------------  ----------------------
/opt/airflow/dags/olist_pipeline_dag.py                           1           0  0.46s           2026-06-04T18:35:32                      10
================================================================================
[2026-06-04T18:36:04.276+0000] {manager.py:997} INFO - 
================================================================================
DAG File Processing Stats

File Path                                PID    Runtime      # DAGs    # Errors  Last Runtime    Last Run               Last # of DB Queries
---------------------------------------  -----  ---------  --------  ----------  --------------  -------------------  ----------------------
/opt/airflow/dags/olist_pipeline_dag.py                           1           0  0.80s           2026-06-04T18:36:03                      10
================================================================================
[2026-06-04T18:36:34.877+0000] {manager.py:997} INFO - 
================================================================================
DAG File Processing Stats

File Path                                PID    Runtime      # DAGs    # Errors  Last Runtime    Last Run               Last # of DB Queries
---------------------------------------  -----  ---------  --------  ----------  --------------  -------------------  ----------------------
/opt/airflow/dags/olist_pipeline_dag.py                           1           0  1.02s           2026-06-04T18:36:34                      10
================================================================================
[2026-06-04T18:37:05.962+0000] {manager.py:997} INFO - 
================================================================================
DAG File Processing Stats

File Path                                  PID  Runtime      # DAGs    # Errors  Last Runtime    Last Run               Last # of DB Queries
---------------------------------------  -----  ---------  --------  ----------  --------------  -------------------  ----------------------
/opt/airflow/dags/olist_pipeline_dag.py    311  0.11s             1           0  1.02s           2026-06-04T18:36:34                      10
================================================================================
[2026-06-04T18:37:36.941+0000] {manager.py:997} INFO - 
================================================================================
DAG File Processing Stats

File Path                                  PID  Runtime      # DAGs    # Errors  Last Runtime    Last Run               Last # of DB Queries
---------------------------------------  -----  ---------  --------  ----------  --------------  -------------------  ----------------------
/opt/airflow/dags/olist_pipeline_dag.py    316  0.05s             1           0  0.94s           2026-06-04T18:37:06                      10
================================================================================
[2026-06-04T18:38:07.887+0000] {manager.py:997} INFO - 
================================================================================
DAG File Processing Stats

File Path                                  PID  Runtime      # DAGs    # Errors  Last Runtime    Last Run               Last # of DB Queries
---------------------------------------  -----  ---------  --------  ----------  --------------  -------------------  ----------------------
/opt/airflow/dags/olist_pipeline_dag.py    321  0.04s             1           0  0.28s           2026-06-04T18:37:37                      10
================================================================================
[2026-06-04T18:38:22.193+0000] {manager.py:821} INFO - Searching for files in /opt/airflow/dags
[2026-06-04T18:38:22.257+0000] {manager.py:824} INFO - There are 1 files in /opt/airflow/dags
[2026-06-04T18:38:38.915+0000] {manager.py:997} INFO - 
================================================================================
DAG File Processing Stats

File Path                                  PID  Runtime      # DAGs    # Errors  Last Runtime    Last Run               Last # of DB Queries
---------------------------------------  -----  ---------  --------  ----------  --------------  -------------------  ----------------------
/opt/airflow/dags/olist_pipeline_dag.py    326  0.10s             1           0  0.43s           2026-06-04T18:38:08                      10
================================================================================
[2026-06-04T18:39:09.738+0000] {manager.py:997} INFO - 
================================================================================
DAG File Processing Stats

File Path                                  PID  Runtime      # DAGs    # Errors  Last Runtime    Last Run               Last # of DB Queries
---------------------------------------  -----  ---------  --------  ----------  --------------  -------------------  ----------------------
/opt/airflow/dags/olist_pipeline_dag.py    331  0.02s             1           0  0.52s           2026-06-04T18:38:39                      10
================================================================================
[2026-06-04T18:39:40.153+0000] {manager.py:997} INFO - 
================================================================================
DAG File Processing Stats

File Path                                PID    Runtime      # DAGs    # Errors  Last Runtime    Last Run               Last # of DB Queries
---------------------------------------  -----  ---------  --------  ----------  --------------  -------------------  ----------------------
/opt/airflow/dags/olist_pipeline_dag.py                           1           0  0.45s           2026-06-04T18:39:10                      10
================================================================================
[2026-06-04T18:40:10.334+0000] {manager.py:997} INFO - 
================================================================================
DAG File Processing Stats

File Path                                PID    Runtime      # DAGs    # Errors  Last Runtime    Last Run               Last # of DB Queries
---------------------------------------  -----  ---------  --------  ----------  --------------  -------------------  ----------------------
/opt/airflow/dags/olist_pipeline_dag.py                           1           0  0.49s           2026-06-04T18:39:40                      10
================================================================================
[2026-06-04T18:40:40.827+0000] {manager.py:997} INFO - 
================================================================================
DAG File Processing Stats

File Path                                PID    Runtime      # DAGs    # Errors  Last Runtime    Last Run               Last # of DB Queries
---------------------------------------  -----  ---------  --------  ----------  --------------  -------------------  ----------------------
/opt/airflow/dags/olist_pipeline_dag.py                           1           0  0.86s           2026-06-04T18:40:12                      10
================================================================================
[2026-06-04T18:41:11.715+0000] {manager.py:997} INFO - 
================================================================================
DAG File Processing Stats

File Path                                PID    Runtime      # DAGs    # Errors  Last Runtime    Last Run               Last # of DB Queries
---------------------------------------  -----  ---------  --------  ----------  --------------  -------------------  ----------------------
/opt/airflow/dags/olist_pipeline_dag.py                           1           0  1.09s           2026-06-04T18:40:44                      10
================================================================================
[2026-06-04T18:41:42.662+0000] {manager.py:997} INFO - 
================================================================================
DAG File Processing Stats

File Path                                PID    Runtime      # DAGs    # Errors  Last Runtime    Last Run               Last # of DB Queries
---------------------------------------  -----  ---------  --------  ----------  --------------  -------------------  ----------------------
/opt/airflow/dags/olist_pipeline_dag.py                           1           0  0.55s           2026-06-04T18:41:15                      10
================================================================================
[2026-06-04T18:42:13.095+0000] {manager.py:997} INFO - 
================================================================================
DAG File Processing Stats

File Path                                PID    Runtime      # DAGs    # Errors  Last Runtime    Last Run               Last # of DB Queries
---------------------------------------  -----  ---------  --------  ----------  --------------  -------------------  ----------------------
/opt/airflow/dags/olist_pipeline_dag.py                           1           0  0.42s           2026-06-04T18:41:46                      10
================================================================================
[2026-06-04T18:42:43.825+0000] {manager.py:997} INFO - 
================================================================================
DAG File Processing Stats

File Path                                PID    Runtime      # DAGs    # Errors  Last Runtime    Last Run               Last # of DB Queries
---------------------------------------  -----  ---------  --------  ----------  --------------  -------------------  ----------------------
/opt/airflow/dags/olist_pipeline_dag.py                           1           0  0.23s           2026-06-04T18:42:16                      10
================================================================================
[2026-06-04T18:43:14.343+0000] {manager.py:997} INFO - 
================================================================================
DAG File Processing Stats

File Path                                PID    Runtime      # DAGs    # Errors  Last Runtime    Last Run               Last # of DB Queries
---------------------------------------  -----  ---------  --------  ----------  --------------  -------------------  ----------------------
/opt/airflow/dags/olist_pipeline_dag.py                           1           0  0.22s           2026-06-04T18:42:47                      10
================================================================================
[2026-06-04T18:43:22.526+0000] {manager.py:821} INFO - Searching for files in /opt/airflow/dags
[2026-06-04T18:43:22.596+0000] {manager.py:824} INFO - There are 1 files in /opt/airflow/dags
[2026-06-04T18:43:44.901+0000] {manager.py:997} INFO - 
================================================================================
DAG File Processing Stats

File Path                                PID    Runtime      # DAGs    # Errors  Last Runtime    Last Run               Last # of DB Queries
---------------------------------------  -----  ---------  --------  ----------  --------------  -------------------  ----------------------
/opt/airflow/dags/olist_pipeline_dag.py                           1           0  0.23s           2026-06-04T18:43:17                      10
================================================================================
[2026-06-04T18:44:15.405+0000] {manager.py:997} INFO - 
================================================================================
DAG File Processing Stats

File Path                                PID    Runtime      # DAGs    # Errors  Last Runtime    Last Run               Last # of DB Queries
---------------------------------------  -----  ---------  --------  ----------  --------------  -------------------  ----------------------
/opt/airflow/dags/olist_pipeline_dag.py                           1           0  0.20s           2026-06-04T18:43:48                      10
================================================================================
[2026-06-04T18:44:45.448+0000] {manager.py:997} INFO - 
================================================================================
DAG File Processing Stats

File Path                                PID    Runtime      # DAGs    # Errors  Last Runtime    Last Run               Last # of DB Queries
---------------------------------------  -----  ---------  --------  ----------  --------------  -------------------  ----------------------
/opt/airflow/dags/olist_pipeline_dag.py                           1           0  0.42s           2026-06-04T18:44:19                      10
================================================================================
[2026-06-04T18:45:15.644+0000] {manager.py:997} INFO - 
================================================================================
DAG File Processing Stats

File Path                                PID    Runtime      # DAGs    # Errors  Last Runtime    Last Run               Last # of DB Queries
---------------------------------------  -----  ---------  --------  ----------  --------------  -------------------  ----------------------
/opt/airflow/dags/olist_pipeline_dag.py                           1           0  0.21s           2026-06-04T18:44:49                      10
================================================================================
