[2026-06-04T16:18:51.747+0000] {processor.py:186} INFO - Started process (PID=166) to work on /opt/airflow/dags/olist_pipeline_dag.py
[2026-06-04T16:18:51.767+0000] {processor.py:914} INFO - Processing file /opt/airflow/dags/olist_pipeline_dag.py for tasks to queue
[2026-06-04T16:18:51.787+0000] {logging_mixin.py:190} INFO - [2026-06-04T16:18:51.781+0000] {dagbag.py:588} INFO - Filling up the DagBag from /opt/airflow/dags/olist_pipeline_dag.py
[2026-06-04T16:18:51.972+0000] {processor.py:925} INFO - DAG(s) 'olist_master_pipeline' retrieved from /opt/airflow/dags/olist_pipeline_dag.py
[2026-06-04T16:18:52.450+0000] {logging_mixin.py:190} INFO - [2026-06-04T16:18:52.448+0000] {override.py:1912} INFO - Created Permission View: can edit on DAG:olist_master_pipeline
[2026-06-04T16:18:52.465+0000] {logging_mixin.py:190} INFO - [2026-06-04T16:18:52.465+0000] {override.py:1912} INFO - Created Permission View: can delete on DAG:olist_master_pipeline
[2026-06-04T16:18:52.473+0000] {logging_mixin.py:190} INFO - [2026-06-04T16:18:52.472+0000] {override.py:1912} INFO - Created Permission View: can read on DAG:olist_master_pipeline
[2026-06-04T16:18:52.482+0000] {logging_mixin.py:190} INFO - [2026-06-04T16:18:52.481+0000] {override.py:1912} INFO - Created Permission View: can create on DAG Run:olist_master_pipeline
[2026-06-04T16:18:52.490+0000] {logging_mixin.py:190} INFO - [2026-06-04T16:18:52.490+0000] {override.py:1912} INFO - Created Permission View: can delete on DAG Run:olist_master_pipeline
[2026-06-04T16:18:52.499+0000] {logging_mixin.py:190} INFO - [2026-06-04T16:18:52.498+0000] {override.py:1912} INFO - Created Permission View: can read on DAG Run:olist_master_pipeline
[2026-06-04T16:18:52.512+0000] {logging_mixin.py:190} INFO - [2026-06-04T16:18:52.511+0000] {override.py:1912} INFO - Created Permission View: menu access on DAG Run:olist_master_pipeline
[2026-06-04T16:18:52.517+0000] {logging_mixin.py:190} INFO - [2026-06-04T16:18:52.516+0000] {dag.py:3239} INFO - Sync 1 DAGs
[2026-06-04T16:18:52.546+0000] {logging_mixin.py:190} INFO - [2026-06-04T16:18:52.546+0000] {dag.py:3262} INFO - Creating ORM DAG for olist_master_pipeline
[2026-06-04T16:18:52.550+0000] {logging_mixin.py:190} INFO - [2026-06-04T16:18:52.550+0000] {dag.py:4180} INFO - Setting next_dagrun for olist_master_pipeline to None, run_after=None
[2026-06-04T16:18:52.593+0000] {processor.py:208} INFO - Processing /opt/airflow/dags/olist_pipeline_dag.py took 0.899 seconds
[2026-06-04T16:19:23.431+0000] {processor.py:186} INFO - Started process (PID=171) to work on /opt/airflow/dags/olist_pipeline_dag.py
[2026-06-04T16:19:23.434+0000] {processor.py:914} INFO - Processing file /opt/airflow/dags/olist_pipeline_dag.py for tasks to queue
[2026-06-04T16:19:23.471+0000] {logging_mixin.py:190} INFO - [2026-06-04T16:19:23.471+0000] {dagbag.py:588} INFO - Filling up the DagBag from /opt/airflow/dags/olist_pipeline_dag.py
[2026-06-04T16:19:23.507+0000] {processor.py:925} INFO - DAG(s) 'olist_master_pipeline' retrieved from /opt/airflow/dags/olist_pipeline_dag.py
[2026-06-04T16:19:23.596+0000] {logging_mixin.py:190} INFO - [2026-06-04T16:19:23.596+0000] {dag.py:3239} INFO - Sync 1 DAGs
[2026-06-04T16:19:23.633+0000] {logging_mixin.py:190} INFO - [2026-06-04T16:19:23.633+0000] {dag.py:4180} INFO - Setting next_dagrun for olist_master_pipeline to None, run_after=None
[2026-06-04T16:19:23.660+0000] {processor.py:208} INFO - Processing /opt/airflow/dags/olist_pipeline_dag.py took 0.241 seconds
[2026-06-04T16:19:53.892+0000] {processor.py:186} INFO - Started process (PID=176) to work on /opt/airflow/dags/olist_pipeline_dag.py
[2026-06-04T16:19:53.898+0000] {processor.py:914} INFO - Processing file /opt/airflow/dags/olist_pipeline_dag.py for tasks to queue
[2026-06-04T16:19:53.915+0000] {logging_mixin.py:190} INFO - [2026-06-04T16:19:53.913+0000] {dagbag.py:588} INFO - Filling up the DagBag from /opt/airflow/dags/olist_pipeline_dag.py
[2026-06-04T16:19:54.096+0000] {processor.py:925} INFO - DAG(s) 'olist_master_pipeline' retrieved from /opt/airflow/dags/olist_pipeline_dag.py
[2026-06-04T16:19:54.172+0000] {logging_mixin.py:190} INFO - [2026-06-04T16:19:54.172+0000] {dag.py:3239} INFO - Sync 1 DAGs
[2026-06-04T16:19:54.221+0000] {logging_mixin.py:190} INFO - [2026-06-04T16:19:54.220+0000] {dag.py:4180} INFO - Setting next_dagrun for olist_master_pipeline to None, run_after=None
[2026-06-04T16:19:54.246+0000] {processor.py:208} INFO - Processing /opt/airflow/dags/olist_pipeline_dag.py took 0.370 seconds
[2026-06-04T16:20:24.507+0000] {processor.py:186} INFO - Started process (PID=181) to work on /opt/airflow/dags/olist_pipeline_dag.py
[2026-06-04T16:20:24.509+0000] {processor.py:914} INFO - Processing file /opt/airflow/dags/olist_pipeline_dag.py for tasks to queue
[2026-06-04T16:20:24.513+0000] {logging_mixin.py:190} INFO - [2026-06-04T16:20:24.513+0000] {dagbag.py:588} INFO - Filling up the DagBag from /opt/airflow/dags/olist_pipeline_dag.py
[2026-06-04T16:20:24.529+0000] {processor.py:925} INFO - DAG(s) 'olist_master_pipeline' retrieved from /opt/airflow/dags/olist_pipeline_dag.py
[2026-06-04T16:20:24.567+0000] {logging_mixin.py:190} INFO - [2026-06-04T16:20:24.566+0000] {dag.py:3239} INFO - Sync 1 DAGs
[2026-06-04T16:20:24.580+0000] {logging_mixin.py:190} INFO - [2026-06-04T16:20:24.580+0000] {dag.py:4180} INFO - Setting next_dagrun for olist_master_pipeline to None, run_after=None
[2026-06-04T16:20:24.609+0000] {processor.py:208} INFO - Processing /opt/airflow/dags/olist_pipeline_dag.py took 0.120 seconds
[2026-06-04T16:20:55.201+0000] {processor.py:186} INFO - Started process (PID=186) to work on /opt/airflow/dags/olist_pipeline_dag.py
[2026-06-04T16:20:55.204+0000] {processor.py:914} INFO - Processing file /opt/airflow/dags/olist_pipeline_dag.py for tasks to queue
[2026-06-04T16:20:55.209+0000] {logging_mixin.py:190} INFO - [2026-06-04T16:20:55.209+0000] {dagbag.py:588} INFO - Filling up the DagBag from /opt/airflow/dags/olist_pipeline_dag.py
[2026-06-04T16:20:55.241+0000] {processor.py:925} INFO - DAG(s) 'olist_master_pipeline' retrieved from /opt/airflow/dags/olist_pipeline_dag.py
[2026-06-04T16:20:55.308+0000] {logging_mixin.py:190} INFO - [2026-06-04T16:20:55.308+0000] {dag.py:3239} INFO - Sync 1 DAGs
[2026-06-04T16:20:55.326+0000] {logging_mixin.py:190} INFO - [2026-06-04T16:20:55.326+0000] {dag.py:4180} INFO - Setting next_dagrun for olist_master_pipeline to None, run_after=None
[2026-06-04T16:20:55.341+0000] {processor.py:208} INFO - Processing /opt/airflow/dags/olist_pipeline_dag.py took 0.165 seconds
[2026-06-04T16:21:25.557+0000] {processor.py:186} INFO - Started process (PID=191) to work on /opt/airflow/dags/olist_pipeline_dag.py
[2026-06-04T16:21:25.560+0000] {processor.py:914} INFO - Processing file /opt/airflow/dags/olist_pipeline_dag.py for tasks to queue
[2026-06-04T16:21:25.565+0000] {logging_mixin.py:190} INFO - [2026-06-04T16:21:25.565+0000] {dagbag.py:588} INFO - Filling up the DagBag from /opt/airflow/dags/olist_pipeline_dag.py
[2026-06-04T16:21:25.588+0000] {processor.py:925} INFO - DAG(s) 'olist_master_pipeline' retrieved from /opt/airflow/dags/olist_pipeline_dag.py
[2026-06-04T16:21:25.644+0000] {logging_mixin.py:190} INFO - [2026-06-04T16:21:25.644+0000] {dag.py:3239} INFO - Sync 1 DAGs
[2026-06-04T16:21:25.704+0000] {logging_mixin.py:190} INFO - [2026-06-04T16:21:25.704+0000] {dag.py:4180} INFO - Setting next_dagrun for olist_master_pipeline to None, run_after=None
[2026-06-04T16:21:25.738+0000] {processor.py:208} INFO - Processing /opt/airflow/dags/olist_pipeline_dag.py took 0.188 seconds
[2026-06-04T16:21:56.141+0000] {processor.py:186} INFO - Started process (PID=196) to work on /opt/airflow/dags/olist_pipeline_dag.py
[2026-06-04T16:21:56.145+0000] {processor.py:914} INFO - Processing file /opt/airflow/dags/olist_pipeline_dag.py for tasks to queue
[2026-06-04T16:21:56.152+0000] {logging_mixin.py:190} INFO - [2026-06-04T16:21:56.151+0000] {dagbag.py:588} INFO - Filling up the DagBag from /opt/airflow/dags/olist_pipeline_dag.py
[2026-06-04T16:21:56.174+0000] {processor.py:925} INFO - DAG(s) 'olist_master_pipeline' retrieved from /opt/airflow/dags/olist_pipeline_dag.py
[2026-06-04T16:21:56.234+0000] {logging_mixin.py:190} INFO - [2026-06-04T16:21:56.233+0000] {dag.py:3239} INFO - Sync 1 DAGs
[2026-06-04T16:21:56.259+0000] {logging_mixin.py:190} INFO - [2026-06-04T16:21:56.258+0000] {dag.py:4180} INFO - Setting next_dagrun for olist_master_pipeline to None, run_after=None
[2026-06-04T16:21:56.276+0000] {processor.py:208} INFO - Processing /opt/airflow/dags/olist_pipeline_dag.py took 0.147 seconds
[2026-06-04T16:22:26.680+0000] {processor.py:186} INFO - Started process (PID=201) to work on /opt/airflow/dags/olist_pipeline_dag.py
[2026-06-04T16:22:26.682+0000] {processor.py:914} INFO - Processing file /opt/airflow/dags/olist_pipeline_dag.py for tasks to queue
[2026-06-04T16:22:26.686+0000] {logging_mixin.py:190} INFO - [2026-06-04T16:22:26.686+0000] {dagbag.py:588} INFO - Filling up the DagBag from /opt/airflow/dags/olist_pipeline_dag.py
[2026-06-04T16:22:26.711+0000] {processor.py:925} INFO - DAG(s) 'olist_master_pipeline' retrieved from /opt/airflow/dags/olist_pipeline_dag.py
[2026-06-04T16:22:26.743+0000] {logging_mixin.py:190} INFO - [2026-06-04T16:22:26.743+0000] {dag.py:3239} INFO - Sync 1 DAGs
[2026-06-04T16:22:26.758+0000] {logging_mixin.py:190} INFO - [2026-06-04T16:22:26.758+0000] {dag.py:4180} INFO - Setting next_dagrun for olist_master_pipeline to None, run_after=None
[2026-06-04T16:22:26.780+0000] {processor.py:208} INFO - Processing /opt/airflow/dags/olist_pipeline_dag.py took 0.106 seconds
[2026-06-04T16:22:57.187+0000] {processor.py:186} INFO - Started process (PID=206) to work on /opt/airflow/dags/olist_pipeline_dag.py
[2026-06-04T16:22:57.190+0000] {processor.py:914} INFO - Processing file /opt/airflow/dags/olist_pipeline_dag.py for tasks to queue
[2026-06-04T16:22:57.194+0000] {logging_mixin.py:190} INFO - [2026-06-04T16:22:57.193+0000] {dagbag.py:588} INFO - Filling up the DagBag from /opt/airflow/dags/olist_pipeline_dag.py
[2026-06-04T16:22:57.209+0000] {processor.py:925} INFO - DAG(s) 'olist_master_pipeline' retrieved from /opt/airflow/dags/olist_pipeline_dag.py
[2026-06-04T16:22:57.242+0000] {logging_mixin.py:190} INFO - [2026-06-04T16:22:57.241+0000] {dag.py:3239} INFO - Sync 1 DAGs
[2026-06-04T16:22:57.276+0000] {logging_mixin.py:190} INFO - [2026-06-04T16:22:57.276+0000] {dag.py:4180} INFO - Setting next_dagrun for olist_master_pipeline to None, run_after=None
[2026-06-04T16:22:57.304+0000] {processor.py:208} INFO - Processing /opt/airflow/dags/olist_pipeline_dag.py took 0.124 seconds
[2026-06-04T16:23:27.654+0000] {processor.py:186} INFO - Started process (PID=211) to work on /opt/airflow/dags/olist_pipeline_dag.py
[2026-06-04T16:23:27.656+0000] {processor.py:914} INFO - Processing file /opt/airflow/dags/olist_pipeline_dag.py for tasks to queue
[2026-06-04T16:23:27.661+0000] {logging_mixin.py:190} INFO - [2026-06-04T16:23:27.661+0000] {dagbag.py:588} INFO - Filling up the DagBag from /opt/airflow/dags/olist_pipeline_dag.py
[2026-06-04T16:23:27.674+0000] {processor.py:925} INFO - DAG(s) 'olist_master_pipeline' retrieved from /opt/airflow/dags/olist_pipeline_dag.py
[2026-06-04T16:23:27.714+0000] {logging_mixin.py:190} INFO - [2026-06-04T16:23:27.714+0000] {dag.py:3239} INFO - Sync 1 DAGs
[2026-06-04T16:23:27.730+0000] {logging_mixin.py:190} INFO - [2026-06-04T16:23:27.729+0000] {dag.py:4180} INFO - Setting next_dagrun for olist_master_pipeline to None, run_after=None
[2026-06-04T16:23:27.755+0000] {processor.py:208} INFO - Processing /opt/airflow/dags/olist_pipeline_dag.py took 0.109 seconds
[2026-06-04T16:23:58.212+0000] {processor.py:186} INFO - Started process (PID=216) to work on /opt/airflow/dags/olist_pipeline_dag.py
[2026-06-04T16:23:58.214+0000] {processor.py:914} INFO - Processing file /opt/airflow/dags/olist_pipeline_dag.py for tasks to queue
[2026-06-04T16:23:58.217+0000] {logging_mixin.py:190} INFO - [2026-06-04T16:23:58.217+0000] {dagbag.py:588} INFO - Filling up the DagBag from /opt/airflow/dags/olist_pipeline_dag.py
[2026-06-04T16:23:58.231+0000] {processor.py:925} INFO - DAG(s) 'olist_master_pipeline' retrieved from /opt/airflow/dags/olist_pipeline_dag.py
[2026-06-04T16:23:58.262+0000] {logging_mixin.py:190} INFO - [2026-06-04T16:23:58.262+0000] {dag.py:3239} INFO - Sync 1 DAGs
[2026-06-04T16:23:58.296+0000] {logging_mixin.py:190} INFO - [2026-06-04T16:23:58.296+0000] {dag.py:4180} INFO - Setting next_dagrun for olist_master_pipeline to None, run_after=None
[2026-06-04T16:23:58.311+0000] {processor.py:208} INFO - Processing /opt/airflow/dags/olist_pipeline_dag.py took 0.107 seconds
[2026-06-04T16:24:28.742+0000] {processor.py:186} INFO - Started process (PID=221) to work on /opt/airflow/dags/olist_pipeline_dag.py
[2026-06-04T16:24:28.744+0000] {processor.py:914} INFO - Processing file /opt/airflow/dags/olist_pipeline_dag.py for tasks to queue
[2026-06-04T16:24:28.747+0000] {logging_mixin.py:190} INFO - [2026-06-04T16:24:28.746+0000] {dagbag.py:588} INFO - Filling up the DagBag from /opt/airflow/dags/olist_pipeline_dag.py
[2026-06-04T16:24:28.759+0000] {processor.py:925} INFO - DAG(s) 'olist_master_pipeline' retrieved from /opt/airflow/dags/olist_pipeline_dag.py
[2026-06-04T16:24:28.817+0000] {logging_mixin.py:190} INFO - [2026-06-04T16:24:28.817+0000] {dag.py:3239} INFO - Sync 1 DAGs
[2026-06-04T16:24:28.847+0000] {logging_mixin.py:190} INFO - [2026-06-04T16:24:28.846+0000] {dag.py:4180} INFO - Setting next_dagrun for olist_master_pipeline to None, run_after=None
[2026-06-04T16:24:28.859+0000] {processor.py:208} INFO - Processing /opt/airflow/dags/olist_pipeline_dag.py took 0.124 seconds
[2026-06-04T16:24:59.290+0000] {processor.py:186} INFO - Started process (PID=226) to work on /opt/airflow/dags/olist_pipeline_dag.py
[2026-06-04T16:24:59.293+0000] {processor.py:914} INFO - Processing file /opt/airflow/dags/olist_pipeline_dag.py for tasks to queue
[2026-06-04T16:24:59.297+0000] {logging_mixin.py:190} INFO - [2026-06-04T16:24:59.297+0000] {dagbag.py:588} INFO - Filling up the DagBag from /opt/airflow/dags/olist_pipeline_dag.py
[2026-06-04T16:24:59.311+0000] {processor.py:925} INFO - DAG(s) 'olist_master_pipeline' retrieved from /opt/airflow/dags/olist_pipeline_dag.py
[2026-06-04T16:24:59.342+0000] {logging_mixin.py:190} INFO - [2026-06-04T16:24:59.342+0000] {dag.py:3239} INFO - Sync 1 DAGs
[2026-06-04T16:24:59.384+0000] {logging_mixin.py:190} INFO - [2026-06-04T16:24:59.384+0000] {dag.py:4180} INFO - Setting next_dagrun for olist_master_pipeline to None, run_after=None
[2026-06-04T16:24:59.408+0000] {processor.py:208} INFO - Processing /opt/airflow/dags/olist_pipeline_dag.py took 0.127 seconds
[2026-06-04T16:25:29.772+0000] {processor.py:186} INFO - Started process (PID=231) to work on /opt/airflow/dags/olist_pipeline_dag.py
[2026-06-04T16:25:29.775+0000] {processor.py:914} INFO - Processing file /opt/airflow/dags/olist_pipeline_dag.py for tasks to queue
[2026-06-04T16:25:29.778+0000] {logging_mixin.py:190} INFO - [2026-06-04T16:25:29.778+0000] {dagbag.py:588} INFO - Filling up the DagBag from /opt/airflow/dags/olist_pipeline_dag.py
[2026-06-04T16:25:29.791+0000] {processor.py:925} INFO - DAG(s) 'olist_master_pipeline' retrieved from /opt/airflow/dags/olist_pipeline_dag.py
[2026-06-04T16:25:29.824+0000] {logging_mixin.py:190} INFO - [2026-06-04T16:25:29.824+0000] {dag.py:3239} INFO - Sync 1 DAGs
[2026-06-04T16:25:29.838+0000] {logging_mixin.py:190} INFO - [2026-06-04T16:25:29.838+0000] {dag.py:4180} INFO - Setting next_dagrun for olist_master_pipeline to None, run_after=None
[2026-06-04T16:25:29.852+0000] {processor.py:208} INFO - Processing /opt/airflow/dags/olist_pipeline_dag.py took 0.088 seconds
[2026-06-04T16:26:00.291+0000] {processor.py:186} INFO - Started process (PID=236) to work on /opt/airflow/dags/olist_pipeline_dag.py
[2026-06-04T16:26:00.293+0000] {processor.py:914} INFO - Processing file /opt/airflow/dags/olist_pipeline_dag.py for tasks to queue
[2026-06-04T16:26:00.296+0000] {logging_mixin.py:190} INFO - [2026-06-04T16:26:00.295+0000] {dagbag.py:588} INFO - Filling up the DagBag from /opt/airflow/dags/olist_pipeline_dag.py
[2026-06-04T16:26:00.310+0000] {processor.py:925} INFO - DAG(s) 'olist_master_pipeline' retrieved from /opt/airflow/dags/olist_pipeline_dag.py
[2026-06-04T16:26:00.349+0000] {logging_mixin.py:190} INFO - [2026-06-04T16:26:00.349+0000] {dag.py:3239} INFO - Sync 1 DAGs
[2026-06-04T16:26:00.362+0000] {logging_mixin.py:190} INFO - [2026-06-04T16:26:00.362+0000] {dag.py:4180} INFO - Setting next_dagrun for olist_master_pipeline to None, run_after=None
[2026-06-04T16:26:00.376+0000] {processor.py:208} INFO - Processing /opt/airflow/dags/olist_pipeline_dag.py took 0.092 seconds
[2026-06-04T16:26:30.731+0000] {processor.py:186} INFO - Started process (PID=241) to work on /opt/airflow/dags/olist_pipeline_dag.py
[2026-06-04T16:26:30.734+0000] {processor.py:914} INFO - Processing file /opt/airflow/dags/olist_pipeline_dag.py for tasks to queue
[2026-06-04T16:26:30.739+0000] {logging_mixin.py:190} INFO - [2026-06-04T16:26:30.739+0000] {dagbag.py:588} INFO - Filling up the DagBag from /opt/airflow/dags/olist_pipeline_dag.py
[2026-06-04T16:26:30.757+0000] {processor.py:925} INFO - DAG(s) 'olist_master_pipeline' retrieved from /opt/airflow/dags/olist_pipeline_dag.py
[2026-06-04T16:26:30.815+0000] {logging_mixin.py:190} INFO - [2026-06-04T16:26:30.815+0000] {dag.py:3239} INFO - Sync 1 DAGs
[2026-06-04T16:26:30.830+0000] {logging_mixin.py:190} INFO - [2026-06-04T16:26:30.829+0000] {dag.py:4180} INFO - Setting next_dagrun for olist_master_pipeline to None, run_after=None
[2026-06-04T16:26:30.846+0000] {processor.py:208} INFO - Processing /opt/airflow/dags/olist_pipeline_dag.py took 0.123 seconds
[2026-06-04T16:27:01.209+0000] {processor.py:186} INFO - Started process (PID=246) to work on /opt/airflow/dags/olist_pipeline_dag.py
[2026-06-04T16:27:01.212+0000] {processor.py:914} INFO - Processing file /opt/airflow/dags/olist_pipeline_dag.py for tasks to queue
[2026-06-04T16:27:01.216+0000] {logging_mixin.py:190} INFO - [2026-06-04T16:27:01.216+0000] {dagbag.py:588} INFO - Filling up the DagBag from /opt/airflow/dags/olist_pipeline_dag.py
[2026-06-04T16:27:01.230+0000] {processor.py:925} INFO - DAG(s) 'olist_master_pipeline' retrieved from /opt/airflow/dags/olist_pipeline_dag.py
[2026-06-04T16:27:01.276+0000] {logging_mixin.py:190} INFO - [2026-06-04T16:27:01.275+0000] {dag.py:3239} INFO - Sync 1 DAGs
[2026-06-04T16:27:01.301+0000] {logging_mixin.py:190} INFO - [2026-06-04T16:27:01.300+0000] {dag.py:4180} INFO - Setting next_dagrun for olist_master_pipeline to None, run_after=None
[2026-06-04T16:27:01.326+0000] {processor.py:208} INFO - Processing /opt/airflow/dags/olist_pipeline_dag.py took 0.123 seconds
[2026-06-04T16:27:31.621+0000] {processor.py:186} INFO - Started process (PID=251) to work on /opt/airflow/dags/olist_pipeline_dag.py
[2026-06-04T16:27:31.662+0000] {processor.py:914} INFO - Processing file /opt/airflow/dags/olist_pipeline_dag.py for tasks to queue
[2026-06-04T16:27:31.722+0000] {logging_mixin.py:190} INFO - [2026-06-04T16:27:31.719+0000] {dagbag.py:588} INFO - Filling up the DagBag from /opt/airflow/dags/olist_pipeline_dag.py
[2026-06-04T16:27:31.765+0000] {processor.py:925} INFO - DAG(s) 'olist_master_pipeline' retrieved from /opt/airflow/dags/olist_pipeline_dag.py
[2026-06-04T16:27:31.805+0000] {logging_mixin.py:190} INFO - [2026-06-04T16:27:31.805+0000] {dag.py:3239} INFO - Sync 1 DAGs
[2026-06-04T16:27:31.838+0000] {logging_mixin.py:190} INFO - [2026-06-04T16:27:31.838+0000] {dag.py:4180} INFO - Setting next_dagrun for olist_master_pipeline to None, run_after=None
[2026-06-04T16:27:31.858+0000] {processor.py:208} INFO - Processing /opt/airflow/dags/olist_pipeline_dag.py took 0.249 seconds
[2026-06-04T16:28:02.229+0000] {processor.py:186} INFO - Started process (PID=256) to work on /opt/airflow/dags/olist_pipeline_dag.py
[2026-06-04T16:28:02.233+0000] {processor.py:914} INFO - Processing file /opt/airflow/dags/olist_pipeline_dag.py for tasks to queue
[2026-06-04T16:28:02.237+0000] {logging_mixin.py:190} INFO - [2026-06-04T16:28:02.237+0000] {dagbag.py:588} INFO - Filling up the DagBag from /opt/airflow/dags/olist_pipeline_dag.py
[2026-06-04T16:28:02.254+0000] {processor.py:925} INFO - DAG(s) 'olist_master_pipeline' retrieved from /opt/airflow/dags/olist_pipeline_dag.py
[2026-06-04T16:28:02.289+0000] {logging_mixin.py:190} INFO - [2026-06-04T16:28:02.289+0000] {dag.py:3239} INFO - Sync 1 DAGs
[2026-06-04T16:28:02.310+0000] {logging_mixin.py:190} INFO - [2026-06-04T16:28:02.310+0000] {dag.py:4180} INFO - Setting next_dagrun for olist_master_pipeline to None, run_after=None
[2026-06-04T16:28:02.327+0000] {processor.py:208} INFO - Processing /opt/airflow/dags/olist_pipeline_dag.py took 0.106 seconds
[2026-06-04T16:28:32.619+0000] {processor.py:186} INFO - Started process (PID=261) to work on /opt/airflow/dags/olist_pipeline_dag.py
[2026-06-04T16:28:32.622+0000] {processor.py:914} INFO - Processing file /opt/airflow/dags/olist_pipeline_dag.py for tasks to queue
[2026-06-04T16:28:32.627+0000] {logging_mixin.py:190} INFO - [2026-06-04T16:28:32.626+0000] {dagbag.py:588} INFO - Filling up the DagBag from /opt/airflow/dags/olist_pipeline_dag.py
[2026-06-04T16:28:32.643+0000] {processor.py:925} INFO - DAG(s) 'olist_master_pipeline' retrieved from /opt/airflow/dags/olist_pipeline_dag.py
[2026-06-04T16:28:32.689+0000] {logging_mixin.py:190} INFO - [2026-06-04T16:28:32.689+0000] {dag.py:3239} INFO - Sync 1 DAGs
[2026-06-04T16:28:32.706+0000] {logging_mixin.py:190} INFO - [2026-06-04T16:28:32.705+0000] {dag.py:4180} INFO - Setting next_dagrun for olist_master_pipeline to None, run_after=None
[2026-06-04T16:28:32.724+0000] {processor.py:208} INFO - Processing /opt/airflow/dags/olist_pipeline_dag.py took 0.115 seconds
[2026-06-04T16:29:03.212+0000] {processor.py:186} INFO - Started process (PID=266) to work on /opt/airflow/dags/olist_pipeline_dag.py
[2026-06-04T16:29:03.217+0000] {processor.py:914} INFO - Processing file /opt/airflow/dags/olist_pipeline_dag.py for tasks to queue
[2026-06-04T16:29:03.221+0000] {logging_mixin.py:190} INFO - [2026-06-04T16:29:03.220+0000] {dagbag.py:588} INFO - Filling up the DagBag from /opt/airflow/dags/olist_pipeline_dag.py
[2026-06-04T16:29:03.237+0000] {processor.py:925} INFO - DAG(s) 'olist_master_pipeline' retrieved from /opt/airflow/dags/olist_pipeline_dag.py
[2026-06-04T16:29:03.271+0000] {logging_mixin.py:190} INFO - [2026-06-04T16:29:03.271+0000] {dag.py:3239} INFO - Sync 1 DAGs
[2026-06-04T16:29:03.285+0000] {logging_mixin.py:190} INFO - [2026-06-04T16:29:03.285+0000] {dag.py:4180} INFO - Setting next_dagrun for olist_master_pipeline to None, run_after=None
[2026-06-04T16:29:03.301+0000] {processor.py:208} INFO - Processing /opt/airflow/dags/olist_pipeline_dag.py took 0.110 seconds
[2026-06-04T16:29:33.711+0000] {processor.py:186} INFO - Started process (PID=271) to work on /opt/airflow/dags/olist_pipeline_dag.py
[2026-06-04T16:29:33.718+0000] {processor.py:914} INFO - Processing file /opt/airflow/dags/olist_pipeline_dag.py for tasks to queue
[2026-06-04T16:29:33.723+0000] {logging_mixin.py:190} INFO - [2026-06-04T16:29:33.722+0000] {dagbag.py:588} INFO - Filling up the DagBag from /opt/airflow/dags/olist_pipeline_dag.py
[2026-06-04T16:29:33.740+0000] {processor.py:925} INFO - DAG(s) 'olist_master_pipeline' retrieved from /opt/airflow/dags/olist_pipeline_dag.py
[2026-06-04T16:29:33.779+0000] {logging_mixin.py:190} INFO - [2026-06-04T16:29:33.779+0000] {dag.py:3239} INFO - Sync 1 DAGs
[2026-06-04T16:29:33.804+0000] {logging_mixin.py:190} INFO - [2026-06-04T16:29:33.803+0000] {dag.py:4180} INFO - Setting next_dagrun for olist_master_pipeline to None, run_after=None
[2026-06-04T16:29:33.820+0000] {processor.py:208} INFO - Processing /opt/airflow/dags/olist_pipeline_dag.py took 0.125 seconds
[2026-06-04T16:30:04.240+0000] {processor.py:186} INFO - Started process (PID=276) to work on /opt/airflow/dags/olist_pipeline_dag.py
[2026-06-04T16:30:04.242+0000] {processor.py:914} INFO - Processing file /opt/airflow/dags/olist_pipeline_dag.py for tasks to queue
[2026-06-04T16:30:04.246+0000] {logging_mixin.py:190} INFO - [2026-06-04T16:30:04.245+0000] {dagbag.py:588} INFO - Filling up the DagBag from /opt/airflow/dags/olist_pipeline_dag.py
[2026-06-04T16:30:04.259+0000] {processor.py:925} INFO - DAG(s) 'olist_master_pipeline' retrieved from /opt/airflow/dags/olist_pipeline_dag.py
[2026-06-04T16:30:04.290+0000] {logging_mixin.py:190} INFO - [2026-06-04T16:30:04.290+0000] {dag.py:3239} INFO - Sync 1 DAGs
[2026-06-04T16:30:04.302+0000] {logging_mixin.py:190} INFO - [2026-06-04T16:30:04.302+0000] {dag.py:4180} INFO - Setting next_dagrun for olist_master_pipeline to None, run_after=None
[2026-06-04T16:30:04.318+0000] {processor.py:208} INFO - Processing /opt/airflow/dags/olist_pipeline_dag.py took 0.085 seconds
[2026-06-04T16:30:34.680+0000] {processor.py:186} INFO - Started process (PID=281) to work on /opt/airflow/dags/olist_pipeline_dag.py
[2026-06-04T16:30:34.681+0000] {processor.py:914} INFO - Processing file /opt/airflow/dags/olist_pipeline_dag.py for tasks to queue
[2026-06-04T16:30:34.685+0000] {logging_mixin.py:190} INFO - [2026-06-04T16:30:34.685+0000] {dagbag.py:588} INFO - Filling up the DagBag from /opt/airflow/dags/olist_pipeline_dag.py
[2026-06-04T16:30:34.697+0000] {processor.py:925} INFO - DAG(s) 'olist_master_pipeline' retrieved from /opt/airflow/dags/olist_pipeline_dag.py
[2026-06-04T16:30:34.725+0000] {logging_mixin.py:190} INFO - [2026-06-04T16:30:34.725+0000] {dag.py:3239} INFO - Sync 1 DAGs
[2026-06-04T16:30:34.737+0000] {logging_mixin.py:190} INFO - [2026-06-04T16:30:34.737+0000] {dag.py:4180} INFO - Setting next_dagrun for olist_master_pipeline to None, run_after=None
[2026-06-04T16:30:34.751+0000] {processor.py:208} INFO - Processing /opt/airflow/dags/olist_pipeline_dag.py took 0.078 seconds
[2026-06-04T16:31:05.170+0000] {processor.py:186} INFO - Started process (PID=286) to work on /opt/airflow/dags/olist_pipeline_dag.py
[2026-06-04T16:31:05.172+0000] {processor.py:914} INFO - Processing file /opt/airflow/dags/olist_pipeline_dag.py for tasks to queue
[2026-06-04T16:31:05.177+0000] {logging_mixin.py:190} INFO - [2026-06-04T16:31:05.176+0000] {dagbag.py:588} INFO - Filling up the DagBag from /opt/airflow/dags/olist_pipeline_dag.py
[2026-06-04T16:31:05.195+0000] {processor.py:925} INFO - DAG(s) 'olist_master_pipeline' retrieved from /opt/airflow/dags/olist_pipeline_dag.py
[2026-06-04T16:31:05.289+0000] {logging_mixin.py:190} INFO - [2026-06-04T16:31:05.288+0000] {dag.py:3239} INFO - Sync 1 DAGs
[2026-06-04T16:31:05.324+0000] {logging_mixin.py:190} INFO - [2026-06-04T16:31:05.323+0000] {dag.py:4180} INFO - Setting next_dagrun for olist_master_pipeline to None, run_after=None
[2026-06-04T16:31:05.370+0000] {processor.py:208} INFO - Processing /opt/airflow/dags/olist_pipeline_dag.py took 0.222 seconds
[2026-06-04T16:31:35.596+0000] {processor.py:186} INFO - Started process (PID=291) to work on /opt/airflow/dags/olist_pipeline_dag.py
[2026-06-04T16:31:35.599+0000] {processor.py:914} INFO - Processing file /opt/airflow/dags/olist_pipeline_dag.py for tasks to queue
[2026-06-04T16:31:35.605+0000] {logging_mixin.py:190} INFO - [2026-06-04T16:31:35.604+0000] {dagbag.py:588} INFO - Filling up the DagBag from /opt/airflow/dags/olist_pipeline_dag.py
[2026-06-04T16:31:35.638+0000] {processor.py:925} INFO - DAG(s) 'olist_master_pipeline' retrieved from /opt/airflow/dags/olist_pipeline_dag.py
[2026-06-04T16:31:35.674+0000] {logging_mixin.py:190} INFO - [2026-06-04T16:31:35.674+0000] {dag.py:3239} INFO - Sync 1 DAGs
[2026-06-04T16:31:35.689+0000] {logging_mixin.py:190} INFO - [2026-06-04T16:31:35.689+0000] {dag.py:4180} INFO - Setting next_dagrun for olist_master_pipeline to None, run_after=None
[2026-06-04T16:31:35.702+0000] {processor.py:208} INFO - Processing /opt/airflow/dags/olist_pipeline_dag.py took 0.124 seconds
[2026-06-04T16:32:06.169+0000] {processor.py:186} INFO - Started process (PID=296) to work on /opt/airflow/dags/olist_pipeline_dag.py
[2026-06-04T16:32:06.171+0000] {processor.py:914} INFO - Processing file /opt/airflow/dags/olist_pipeline_dag.py for tasks to queue
[2026-06-04T16:32:06.177+0000] {logging_mixin.py:190} INFO - [2026-06-04T16:32:06.176+0000] {dagbag.py:588} INFO - Filling up the DagBag from /opt/airflow/dags/olist_pipeline_dag.py
[2026-06-04T16:32:06.194+0000] {processor.py:925} INFO - DAG(s) 'olist_master_pipeline' retrieved from /opt/airflow/dags/olist_pipeline_dag.py
[2026-06-04T16:32:06.241+0000] {logging_mixin.py:190} INFO - [2026-06-04T16:32:06.240+0000] {dag.py:3239} INFO - Sync 1 DAGs
[2026-06-04T16:32:06.261+0000] {logging_mixin.py:190} INFO - [2026-06-04T16:32:06.261+0000] {dag.py:4180} INFO - Setting next_dagrun for olist_master_pipeline to None, run_after=None
[2026-06-04T16:32:06.277+0000] {processor.py:208} INFO - Processing /opt/airflow/dags/olist_pipeline_dag.py took 0.118 seconds
[2026-06-04T16:32:36.638+0000] {processor.py:186} INFO - Started process (PID=301) to work on /opt/airflow/dags/olist_pipeline_dag.py
[2026-06-04T16:32:36.641+0000] {processor.py:914} INFO - Processing file /opt/airflow/dags/olist_pipeline_dag.py for tasks to queue
[2026-06-04T16:32:36.645+0000] {logging_mixin.py:190} INFO - [2026-06-04T16:32:36.645+0000] {dagbag.py:588} INFO - Filling up the DagBag from /opt/airflow/dags/olist_pipeline_dag.py
[2026-06-04T16:32:36.665+0000] {processor.py:925} INFO - DAG(s) 'olist_master_pipeline' retrieved from /opt/airflow/dags/olist_pipeline_dag.py
[2026-06-04T16:32:36.701+0000] {logging_mixin.py:190} INFO - [2026-06-04T16:32:36.700+0000] {dag.py:3239} INFO - Sync 1 DAGs
[2026-06-04T16:32:36.716+0000] {logging_mixin.py:190} INFO - [2026-06-04T16:32:36.716+0000] {dag.py:4180} INFO - Setting next_dagrun for olist_master_pipeline to None, run_after=None
[2026-06-04T16:32:36.729+0000] {processor.py:208} INFO - Processing /opt/airflow/dags/olist_pipeline_dag.py took 0.098 seconds
[2026-06-04T16:33:07.156+0000] {processor.py:186} INFO - Started process (PID=306) to work on /opt/airflow/dags/olist_pipeline_dag.py
[2026-06-04T16:33:07.159+0000] {processor.py:914} INFO - Processing file /opt/airflow/dags/olist_pipeline_dag.py for tasks to queue
[2026-06-04T16:33:07.163+0000] {logging_mixin.py:190} INFO - [2026-06-04T16:33:07.162+0000] {dagbag.py:588} INFO - Filling up the DagBag from /opt/airflow/dags/olist_pipeline_dag.py
[2026-06-04T16:33:07.179+0000] {processor.py:925} INFO - DAG(s) 'olist_master_pipeline' retrieved from /opt/airflow/dags/olist_pipeline_dag.py
[2026-06-04T16:33:07.222+0000] {logging_mixin.py:190} INFO - [2026-06-04T16:33:07.221+0000] {dag.py:3239} INFO - Sync 1 DAGs
[2026-06-04T16:33:07.237+0000] {logging_mixin.py:190} INFO - [2026-06-04T16:33:07.236+0000] {dag.py:4180} INFO - Setting next_dagrun for olist_master_pipeline to None, run_after=None
[2026-06-04T16:33:07.250+0000] {processor.py:208} INFO - Processing /opt/airflow/dags/olist_pipeline_dag.py took 0.102 seconds
[2026-06-04T16:33:37.649+0000] {processor.py:186} INFO - Started process (PID=311) to work on /opt/airflow/dags/olist_pipeline_dag.py
[2026-06-04T16:33:37.653+0000] {processor.py:914} INFO - Processing file /opt/airflow/dags/olist_pipeline_dag.py for tasks to queue
[2026-06-04T16:33:37.657+0000] {logging_mixin.py:190} INFO - [2026-06-04T16:33:37.656+0000] {dagbag.py:588} INFO - Filling up the DagBag from /opt/airflow/dags/olist_pipeline_dag.py
[2026-06-04T16:33:37.672+0000] {processor.py:925} INFO - DAG(s) 'olist_master_pipeline' retrieved from /opt/airflow/dags/olist_pipeline_dag.py
[2026-06-04T16:33:37.706+0000] {logging_mixin.py:190} INFO - [2026-06-04T16:33:37.706+0000] {dag.py:3239} INFO - Sync 1 DAGs
[2026-06-04T16:33:37.741+0000] {logging_mixin.py:190} INFO - [2026-06-04T16:33:37.741+0000] {dag.py:4180} INFO - Setting next_dagrun for olist_master_pipeline to None, run_after=None
[2026-06-04T16:33:37.759+0000] {processor.py:208} INFO - Processing /opt/airflow/dags/olist_pipeline_dag.py took 0.119 seconds
[2026-06-04T16:34:08.101+0000] {processor.py:186} INFO - Started process (PID=316) to work on /opt/airflow/dags/olist_pipeline_dag.py
[2026-06-04T16:34:08.103+0000] {processor.py:914} INFO - Processing file /opt/airflow/dags/olist_pipeline_dag.py for tasks to queue
[2026-06-04T16:34:08.107+0000] {logging_mixin.py:190} INFO - [2026-06-04T16:34:08.107+0000] {dagbag.py:588} INFO - Filling up the DagBag from /opt/airflow/dags/olist_pipeline_dag.py
[2026-06-04T16:34:08.124+0000] {processor.py:925} INFO - DAG(s) 'olist_master_pipeline' retrieved from /opt/airflow/dags/olist_pipeline_dag.py
[2026-06-04T16:34:08.160+0000] {logging_mixin.py:190} INFO - [2026-06-04T16:34:08.160+0000] {dag.py:3239} INFO - Sync 1 DAGs
[2026-06-04T16:34:08.190+0000] {logging_mixin.py:190} INFO - [2026-06-04T16:34:08.190+0000] {dag.py:4180} INFO - Setting next_dagrun for olist_master_pipeline to None, run_after=None
[2026-06-04T16:34:08.205+0000] {processor.py:208} INFO - Processing /opt/airflow/dags/olist_pipeline_dag.py took 0.113 seconds
[2026-06-04T16:34:38.577+0000] {processor.py:186} INFO - Started process (PID=321) to work on /opt/airflow/dags/olist_pipeline_dag.py
[2026-06-04T16:34:38.580+0000] {processor.py:914} INFO - Processing file /opt/airflow/dags/olist_pipeline_dag.py for tasks to queue
[2026-06-04T16:34:38.583+0000] {logging_mixin.py:190} INFO - [2026-06-04T16:34:38.583+0000] {dagbag.py:588} INFO - Filling up the DagBag from /opt/airflow/dags/olist_pipeline_dag.py
[2026-06-04T16:34:38.599+0000] {processor.py:925} INFO - DAG(s) 'olist_master_pipeline' retrieved from /opt/airflow/dags/olist_pipeline_dag.py
[2026-06-04T16:34:38.627+0000] {logging_mixin.py:190} INFO - [2026-06-04T16:34:38.626+0000] {dag.py:3239} INFO - Sync 1 DAGs
[2026-06-04T16:34:38.644+0000] {logging_mixin.py:190} INFO - [2026-06-04T16:34:38.644+0000] {dag.py:4180} INFO - Setting next_dagrun for olist_master_pipeline to None, run_after=None
[2026-06-04T16:34:38.657+0000] {processor.py:208} INFO - Processing /opt/airflow/dags/olist_pipeline_dag.py took 0.088 seconds
[2026-06-04T16:35:09.100+0000] {processor.py:186} INFO - Started process (PID=326) to work on /opt/airflow/dags/olist_pipeline_dag.py
[2026-06-04T16:35:09.104+0000] {processor.py:914} INFO - Processing file /opt/airflow/dags/olist_pipeline_dag.py for tasks to queue
[2026-06-04T16:35:09.110+0000] {logging_mixin.py:190} INFO - [2026-06-04T16:35:09.110+0000] {dagbag.py:588} INFO - Filling up the DagBag from /opt/airflow/dags/olist_pipeline_dag.py
[2026-06-04T16:35:09.134+0000] {processor.py:925} INFO - DAG(s) 'olist_master_pipeline' retrieved from /opt/airflow/dags/olist_pipeline_dag.py
[2026-06-04T16:35:09.167+0000] {logging_mixin.py:190} INFO - [2026-06-04T16:35:09.166+0000] {dag.py:3239} INFO - Sync 1 DAGs
[2026-06-04T16:35:09.184+0000] {logging_mixin.py:190} INFO - [2026-06-04T16:35:09.184+0000] {dag.py:4180} INFO - Setting next_dagrun for olist_master_pipeline to None, run_after=None
[2026-06-04T16:35:09.199+0000] {processor.py:208} INFO - Processing /opt/airflow/dags/olist_pipeline_dag.py took 0.116 seconds
[2026-06-04T16:35:39.563+0000] {processor.py:186} INFO - Started process (PID=331) to work on /opt/airflow/dags/olist_pipeline_dag.py
[2026-06-04T16:35:39.567+0000] {processor.py:914} INFO - Processing file /opt/airflow/dags/olist_pipeline_dag.py for tasks to queue
[2026-06-04T16:35:39.571+0000] {logging_mixin.py:190} INFO - [2026-06-04T16:35:39.571+0000] {dagbag.py:588} INFO - Filling up the DagBag from /opt/airflow/dags/olist_pipeline_dag.py
[2026-06-04T16:35:39.587+0000] {processor.py:925} INFO - DAG(s) 'olist_master_pipeline' retrieved from /opt/airflow/dags/olist_pipeline_dag.py
[2026-06-04T16:35:39.621+0000] {logging_mixin.py:190} INFO - [2026-06-04T16:35:39.621+0000] {dag.py:3239} INFO - Sync 1 DAGs
[2026-06-04T16:35:39.644+0000] {logging_mixin.py:190} INFO - [2026-06-04T16:35:39.644+0000] {dag.py:4180} INFO - Setting next_dagrun for olist_master_pipeline to None, run_after=None
[2026-06-04T16:35:39.658+0000] {processor.py:208} INFO - Processing /opt/airflow/dags/olist_pipeline_dag.py took 0.115 seconds
[2026-06-04T16:36:10.023+0000] {processor.py:186} INFO - Started process (PID=336) to work on /opt/airflow/dags/olist_pipeline_dag.py
[2026-06-04T16:36:10.026+0000] {processor.py:914} INFO - Processing file /opt/airflow/dags/olist_pipeline_dag.py for tasks to queue
[2026-06-04T16:36:10.029+0000] {logging_mixin.py:190} INFO - [2026-06-04T16:36:10.029+0000] {dagbag.py:588} INFO - Filling up the DagBag from /opt/airflow/dags/olist_pipeline_dag.py
[2026-06-04T16:36:10.044+0000] {processor.py:925} INFO - DAG(s) 'olist_master_pipeline' retrieved from /opt/airflow/dags/olist_pipeline_dag.py
[2026-06-04T16:36:10.074+0000] {logging_mixin.py:190} INFO - [2026-06-04T16:36:10.074+0000] {dag.py:3239} INFO - Sync 1 DAGs
[2026-06-04T16:36:10.099+0000] {logging_mixin.py:190} INFO - [2026-06-04T16:36:10.099+0000] {dag.py:4180} INFO - Setting next_dagrun for olist_master_pipeline to None, run_after=None
[2026-06-04T16:36:10.115+0000] {processor.py:208} INFO - Processing /opt/airflow/dags/olist_pipeline_dag.py took 0.100 seconds
[2026-06-04T16:36:40.594+0000] {processor.py:186} INFO - Started process (PID=341) to work on /opt/airflow/dags/olist_pipeline_dag.py
[2026-06-04T16:36:40.596+0000] {processor.py:914} INFO - Processing file /opt/airflow/dags/olist_pipeline_dag.py for tasks to queue
[2026-06-04T16:36:40.600+0000] {logging_mixin.py:190} INFO - [2026-06-04T16:36:40.599+0000] {dagbag.py:588} INFO - Filling up the DagBag from /opt/airflow/dags/olist_pipeline_dag.py
[2026-06-04T16:36:40.614+0000] {processor.py:925} INFO - DAG(s) 'olist_master_pipeline' retrieved from /opt/airflow/dags/olist_pipeline_dag.py
[2026-06-04T16:36:40.657+0000] {logging_mixin.py:190} INFO - [2026-06-04T16:36:40.657+0000] {dag.py:3239} INFO - Sync 1 DAGs
[2026-06-04T16:36:40.670+0000] {logging_mixin.py:190} INFO - [2026-06-04T16:36:40.670+0000] {dag.py:4180} INFO - Setting next_dagrun for olist_master_pipeline to None, run_after=None
[2026-06-04T16:36:40.685+0000] {processor.py:208} INFO - Processing /opt/airflow/dags/olist_pipeline_dag.py took 0.097 seconds
[2026-06-04T16:37:11.183+0000] {processor.py:186} INFO - Started process (PID=346) to work on /opt/airflow/dags/olist_pipeline_dag.py
[2026-06-04T16:37:11.185+0000] {processor.py:914} INFO - Processing file /opt/airflow/dags/olist_pipeline_dag.py for tasks to queue
[2026-06-04T16:37:11.193+0000] {logging_mixin.py:190} INFO - [2026-06-04T16:37:11.192+0000] {dagbag.py:588} INFO - Filling up the DagBag from /opt/airflow/dags/olist_pipeline_dag.py
[2026-06-04T16:37:11.216+0000] {processor.py:925} INFO - DAG(s) 'olist_master_pipeline' retrieved from /opt/airflow/dags/olist_pipeline_dag.py
[2026-06-04T16:37:11.251+0000] {logging_mixin.py:190} INFO - [2026-06-04T16:37:11.251+0000] {dag.py:3239} INFO - Sync 1 DAGs
[2026-06-04T16:37:11.267+0000] {logging_mixin.py:190} INFO - [2026-06-04T16:37:11.267+0000] {dag.py:4180} INFO - Setting next_dagrun for olist_master_pipeline to None, run_after=None
[2026-06-04T16:37:11.287+0000] {processor.py:208} INFO - Processing /opt/airflow/dags/olist_pipeline_dag.py took 0.114 seconds
[2026-06-04T16:37:41.988+0000] {processor.py:186} INFO - Started process (PID=351) to work on /opt/airflow/dags/olist_pipeline_dag.py
[2026-06-04T16:37:41.990+0000] {processor.py:914} INFO - Processing file /opt/airflow/dags/olist_pipeline_dag.py for tasks to queue
[2026-06-04T16:37:41.995+0000] {logging_mixin.py:190} INFO - [2026-06-04T16:37:41.995+0000] {dagbag.py:588} INFO - Filling up the DagBag from /opt/airflow/dags/olist_pipeline_dag.py
[2026-06-04T16:37:42.009+0000] {processor.py:925} INFO - DAG(s) 'olist_master_pipeline' retrieved from /opt/airflow/dags/olist_pipeline_dag.py
[2026-06-04T16:37:42.052+0000] {logging_mixin.py:190} INFO - [2026-06-04T16:37:42.052+0000] {dag.py:3239} INFO - Sync 1 DAGs
[2026-06-04T16:37:42.065+0000] {logging_mixin.py:190} INFO - [2026-06-04T16:37:42.065+0000] {dag.py:4180} INFO - Setting next_dagrun for olist_master_pipeline to None, run_after=None
[2026-06-04T16:37:42.081+0000] {processor.py:208} INFO - Processing /opt/airflow/dags/olist_pipeline_dag.py took 0.106 seconds
[2026-06-04T16:38:12.441+0000] {processor.py:186} INFO - Started process (PID=356) to work on /opt/airflow/dags/olist_pipeline_dag.py
[2026-06-04T16:38:12.446+0000] {processor.py:914} INFO - Processing file /opt/airflow/dags/olist_pipeline_dag.py for tasks to queue
[2026-06-04T16:38:12.457+0000] {logging_mixin.py:190} INFO - [2026-06-04T16:38:12.455+0000] {dagbag.py:588} INFO - Filling up the DagBag from /opt/airflow/dags/olist_pipeline_dag.py
[2026-06-04T16:38:12.476+0000] {processor.py:925} INFO - DAG(s) 'olist_master_pipeline' retrieved from /opt/airflow/dags/olist_pipeline_dag.py
[2026-06-04T16:38:12.508+0000] {logging_mixin.py:190} INFO - [2026-06-04T16:38:12.508+0000] {dag.py:3239} INFO - Sync 1 DAGs
[2026-06-04T16:38:12.521+0000] {logging_mixin.py:190} INFO - [2026-06-04T16:38:12.521+0000] {dag.py:4180} INFO - Setting next_dagrun for olist_master_pipeline to None, run_after=None
[2026-06-04T16:38:12.541+0000] {processor.py:208} INFO - Processing /opt/airflow/dags/olist_pipeline_dag.py took 0.106 seconds
[2026-06-04T16:38:42.894+0000] {processor.py:186} INFO - Started process (PID=361) to work on /opt/airflow/dags/olist_pipeline_dag.py
[2026-06-04T16:38:42.895+0000] {processor.py:914} INFO - Processing file /opt/airflow/dags/olist_pipeline_dag.py for tasks to queue
[2026-06-04T16:38:42.899+0000] {logging_mixin.py:190} INFO - [2026-06-04T16:38:42.899+0000] {dagbag.py:588} INFO - Filling up the DagBag from /opt/airflow/dags/olist_pipeline_dag.py
[2026-06-04T16:38:42.930+0000] {processor.py:925} INFO - DAG(s) 'olist_master_pipeline' retrieved from /opt/airflow/dags/olist_pipeline_dag.py
[2026-06-04T16:38:42.959+0000] {logging_mixin.py:190} INFO - [2026-06-04T16:38:42.959+0000] {dag.py:3239} INFO - Sync 1 DAGs
[2026-06-04T16:38:42.972+0000] {logging_mixin.py:190} INFO - [2026-06-04T16:38:42.972+0000] {dag.py:4180} INFO - Setting next_dagrun for olist_master_pipeline to None, run_after=None
[2026-06-04T16:38:42.983+0000] {processor.py:208} INFO - Processing /opt/airflow/dags/olist_pipeline_dag.py took 0.096 seconds
[2026-06-04T16:39:13.438+0000] {processor.py:186} INFO - Started process (PID=366) to work on /opt/airflow/dags/olist_pipeline_dag.py
[2026-06-04T16:39:13.440+0000] {processor.py:914} INFO - Processing file /opt/airflow/dags/olist_pipeline_dag.py for tasks to queue
[2026-06-04T16:39:13.445+0000] {logging_mixin.py:190} INFO - [2026-06-04T16:39:13.445+0000] {dagbag.py:588} INFO - Filling up the DagBag from /opt/airflow/dags/olist_pipeline_dag.py
[2026-06-04T16:39:13.461+0000] {processor.py:925} INFO - DAG(s) 'olist_master_pipeline' retrieved from /opt/airflow/dags/olist_pipeline_dag.py
[2026-06-04T16:39:13.489+0000] {logging_mixin.py:190} INFO - [2026-06-04T16:39:13.489+0000] {dag.py:3239} INFO - Sync 1 DAGs
[2026-06-04T16:39:13.523+0000] {logging_mixin.py:190} INFO - [2026-06-04T16:39:13.523+0000] {dag.py:4180} INFO - Setting next_dagrun for olist_master_pipeline to None, run_after=None
[2026-06-04T16:39:13.567+0000] {processor.py:208} INFO - Processing /opt/airflow/dags/olist_pipeline_dag.py took 0.137 seconds
[2026-06-04T16:39:43.921+0000] {processor.py:186} INFO - Started process (PID=371) to work on /opt/airflow/dags/olist_pipeline_dag.py
[2026-06-04T16:39:43.923+0000] {processor.py:914} INFO - Processing file /opt/airflow/dags/olist_pipeline_dag.py for tasks to queue
[2026-06-04T16:39:43.929+0000] {logging_mixin.py:190} INFO - [2026-06-04T16:39:43.928+0000] {dagbag.py:588} INFO - Filling up the DagBag from /opt/airflow/dags/olist_pipeline_dag.py
[2026-06-04T16:39:43.942+0000] {processor.py:925} INFO - DAG(s) 'olist_master_pipeline' retrieved from /opt/airflow/dags/olist_pipeline_dag.py
[2026-06-04T16:39:43.976+0000] {logging_mixin.py:190} INFO - [2026-06-04T16:39:43.976+0000] {dag.py:3239} INFO - Sync 1 DAGs
[2026-06-04T16:39:43.991+0000] {logging_mixin.py:190} INFO - [2026-06-04T16:39:43.991+0000] {dag.py:4180} INFO - Setting next_dagrun for olist_master_pipeline to None, run_after=None
[2026-06-04T16:39:44.012+0000] {processor.py:208} INFO - Processing /opt/airflow/dags/olist_pipeline_dag.py took 0.116 seconds
[2026-06-04T16:40:14.485+0000] {processor.py:186} INFO - Started process (PID=376) to work on /opt/airflow/dags/olist_pipeline_dag.py
[2026-06-04T16:40:14.488+0000] {processor.py:914} INFO - Processing file /opt/airflow/dags/olist_pipeline_dag.py for tasks to queue
[2026-06-04T16:40:14.491+0000] {logging_mixin.py:190} INFO - [2026-06-04T16:40:14.491+0000] {dagbag.py:588} INFO - Filling up the DagBag from /opt/airflow/dags/olist_pipeline_dag.py
[2026-06-04T16:40:14.505+0000] {processor.py:925} INFO - DAG(s) 'olist_master_pipeline' retrieved from /opt/airflow/dags/olist_pipeline_dag.py
[2026-06-04T16:40:14.541+0000] {logging_mixin.py:190} INFO - [2026-06-04T16:40:14.541+0000] {dag.py:3239} INFO - Sync 1 DAGs
[2026-06-04T16:40:14.555+0000] {logging_mixin.py:190} INFO - [2026-06-04T16:40:14.555+0000] {dag.py:4180} INFO - Setting next_dagrun for olist_master_pipeline to None, run_after=None
[2026-06-04T16:40:14.568+0000] {processor.py:208} INFO - Processing /opt/airflow/dags/olist_pipeline_dag.py took 0.091 seconds
[2026-06-04T16:40:44.917+0000] {processor.py:186} INFO - Started process (PID=381) to work on /opt/airflow/dags/olist_pipeline_dag.py
[2026-06-04T16:40:44.919+0000] {processor.py:914} INFO - Processing file /opt/airflow/dags/olist_pipeline_dag.py for tasks to queue
[2026-06-04T16:40:44.923+0000] {logging_mixin.py:190} INFO - [2026-06-04T16:40:44.922+0000] {dagbag.py:588} INFO - Filling up the DagBag from /opt/airflow/dags/olist_pipeline_dag.py
[2026-06-04T16:40:44.938+0000] {processor.py:925} INFO - DAG(s) 'olist_master_pipeline' retrieved from /opt/airflow/dags/olist_pipeline_dag.py
[2026-06-04T16:40:44.987+0000] {logging_mixin.py:190} INFO - [2026-06-04T16:40:44.987+0000] {dag.py:3239} INFO - Sync 1 DAGs
[2026-06-04T16:40:45.000+0000] {logging_mixin.py:190} INFO - [2026-06-04T16:40:45.000+0000] {dag.py:4180} INFO - Setting next_dagrun for olist_master_pipeline to None, run_after=None
[2026-06-04T16:40:45.013+0000] {processor.py:208} INFO - Processing /opt/airflow/dags/olist_pipeline_dag.py took 0.104 seconds
[2026-06-04T16:41:15.369+0000] {processor.py:186} INFO - Started process (PID=386) to work on /opt/airflow/dags/olist_pipeline_dag.py
[2026-06-04T16:41:15.371+0000] {processor.py:914} INFO - Processing file /opt/airflow/dags/olist_pipeline_dag.py for tasks to queue
[2026-06-04T16:41:15.374+0000] {logging_mixin.py:190} INFO - [2026-06-04T16:41:15.374+0000] {dagbag.py:588} INFO - Filling up the DagBag from /opt/airflow/dags/olist_pipeline_dag.py
[2026-06-04T16:41:15.388+0000] {processor.py:925} INFO - DAG(s) 'olist_master_pipeline' retrieved from /opt/airflow/dags/olist_pipeline_dag.py
[2026-06-04T16:41:15.416+0000] {logging_mixin.py:190} INFO - [2026-06-04T16:41:15.416+0000] {dag.py:3239} INFO - Sync 1 DAGs
[2026-06-04T16:41:15.435+0000] {logging_mixin.py:190} INFO - [2026-06-04T16:41:15.435+0000] {dag.py:4180} INFO - Setting next_dagrun for olist_master_pipeline to None, run_after=None
[2026-06-04T16:41:15.449+0000] {processor.py:208} INFO - Processing /opt/airflow/dags/olist_pipeline_dag.py took 0.087 seconds
[2026-06-04T16:41:45.857+0000] {processor.py:186} INFO - Started process (PID=391) to work on /opt/airflow/dags/olist_pipeline_dag.py
[2026-06-04T16:41:45.860+0000] {processor.py:914} INFO - Processing file /opt/airflow/dags/olist_pipeline_dag.py for tasks to queue
[2026-06-04T16:41:45.864+0000] {logging_mixin.py:190} INFO - [2026-06-04T16:41:45.863+0000] {dagbag.py:588} INFO - Filling up the DagBag from /opt/airflow/dags/olist_pipeline_dag.py
[2026-06-04T16:41:45.879+0000] {processor.py:925} INFO - DAG(s) 'olist_master_pipeline' retrieved from /opt/airflow/dags/olist_pipeline_dag.py
[2026-06-04T16:41:45.913+0000] {logging_mixin.py:190} INFO - [2026-06-04T16:41:45.913+0000] {dag.py:3239} INFO - Sync 1 DAGs
[2026-06-04T16:41:45.925+0000] {logging_mixin.py:190} INFO - [2026-06-04T16:41:45.925+0000] {dag.py:4180} INFO - Setting next_dagrun for olist_master_pipeline to None, run_after=None
[2026-06-04T16:41:45.937+0000] {processor.py:208} INFO - Processing /opt/airflow/dags/olist_pipeline_dag.py took 0.090 seconds
[2026-06-04T16:42:16.433+0000] {processor.py:186} INFO - Started process (PID=396) to work on /opt/airflow/dags/olist_pipeline_dag.py
[2026-06-04T16:42:16.435+0000] {processor.py:914} INFO - Processing file /opt/airflow/dags/olist_pipeline_dag.py for tasks to queue
[2026-06-04T16:42:16.438+0000] {logging_mixin.py:190} INFO - [2026-06-04T16:42:16.438+0000] {dagbag.py:588} INFO - Filling up the DagBag from /opt/airflow/dags/olist_pipeline_dag.py
[2026-06-04T16:42:16.452+0000] {processor.py:925} INFO - DAG(s) 'olist_master_pipeline' retrieved from /opt/airflow/dags/olist_pipeline_dag.py
[2026-06-04T16:42:16.481+0000] {logging_mixin.py:190} INFO - [2026-06-04T16:42:16.481+0000] {dag.py:3239} INFO - Sync 1 DAGs
[2026-06-04T16:42:16.499+0000] {logging_mixin.py:190} INFO - [2026-06-04T16:42:16.499+0000] {dag.py:4180} INFO - Setting next_dagrun for olist_master_pipeline to None, run_after=None
[2026-06-04T16:42:16.516+0000] {processor.py:208} INFO - Processing /opt/airflow/dags/olist_pipeline_dag.py took 0.091 seconds
[2026-06-04T16:42:46.886+0000] {processor.py:186} INFO - Started process (PID=401) to work on /opt/airflow/dags/olist_pipeline_dag.py
[2026-06-04T16:42:46.889+0000] {processor.py:914} INFO - Processing file /opt/airflow/dags/olist_pipeline_dag.py for tasks to queue
[2026-06-04T16:42:46.896+0000] {logging_mixin.py:190} INFO - [2026-06-04T16:42:46.896+0000] {dagbag.py:588} INFO - Filling up the DagBag from /opt/airflow/dags/olist_pipeline_dag.py
[2026-06-04T16:42:46.939+0000] {processor.py:925} INFO - DAG(s) 'olist_master_pipeline' retrieved from /opt/airflow/dags/olist_pipeline_dag.py
[2026-06-04T16:42:47.026+0000] {logging_mixin.py:190} INFO - [2026-06-04T16:42:47.025+0000] {dag.py:3239} INFO - Sync 1 DAGs
[2026-06-04T16:42:47.052+0000] {logging_mixin.py:190} INFO - [2026-06-04T16:42:47.051+0000] {dag.py:4180} INFO - Setting next_dagrun for olist_master_pipeline to None, run_after=None
[2026-06-04T16:42:47.069+0000] {processor.py:208} INFO - Processing /opt/airflow/dags/olist_pipeline_dag.py took 0.203 seconds
[2026-06-04T16:43:17.369+0000] {processor.py:186} INFO - Started process (PID=406) to work on /opt/airflow/dags/olist_pipeline_dag.py
[2026-06-04T16:43:17.372+0000] {processor.py:914} INFO - Processing file /opt/airflow/dags/olist_pipeline_dag.py for tasks to queue
[2026-06-04T16:43:17.384+0000] {logging_mixin.py:190} INFO - [2026-06-04T16:43:17.376+0000] {dagbag.py:588} INFO - Filling up the DagBag from /opt/airflow/dags/olist_pipeline_dag.py
[2026-06-04T16:43:17.432+0000] {processor.py:925} INFO - DAG(s) 'olist_master_pipeline' retrieved from /opt/airflow/dags/olist_pipeline_dag.py
[2026-06-04T16:43:17.463+0000] {logging_mixin.py:190} INFO - [2026-06-04T16:43:17.463+0000] {dag.py:3239} INFO - Sync 1 DAGs
[2026-06-04T16:43:17.476+0000] {logging_mixin.py:190} INFO - [2026-06-04T16:43:17.475+0000] {dag.py:4180} INFO - Setting next_dagrun for olist_master_pipeline to None, run_after=None
[2026-06-04T16:43:17.489+0000] {processor.py:208} INFO - Processing /opt/airflow/dags/olist_pipeline_dag.py took 0.129 seconds
[2026-06-04T16:43:47.979+0000] {processor.py:186} INFO - Started process (PID=411) to work on /opt/airflow/dags/olist_pipeline_dag.py
[2026-06-04T16:43:47.981+0000] {processor.py:914} INFO - Processing file /opt/airflow/dags/olist_pipeline_dag.py for tasks to queue
[2026-06-04T16:43:47.989+0000] {logging_mixin.py:190} INFO - [2026-06-04T16:43:47.988+0000] {dagbag.py:588} INFO - Filling up the DagBag from /opt/airflow/dags/olist_pipeline_dag.py
[2026-06-04T16:43:48.004+0000] {processor.py:925} INFO - DAG(s) 'olist_master_pipeline' retrieved from /opt/airflow/dags/olist_pipeline_dag.py
[2026-06-04T16:43:48.053+0000] {logging_mixin.py:190} INFO - [2026-06-04T16:43:48.053+0000] {dag.py:3239} INFO - Sync 1 DAGs
[2026-06-04T16:43:48.066+0000] {logging_mixin.py:190} INFO - [2026-06-04T16:43:48.066+0000] {dag.py:4180} INFO - Setting next_dagrun for olist_master_pipeline to None, run_after=None
[2026-06-04T16:43:48.080+0000] {processor.py:208} INFO - Processing /opt/airflow/dags/olist_pipeline_dag.py took 0.111 seconds
[2026-06-04T16:44:18.405+0000] {processor.py:186} INFO - Started process (PID=416) to work on /opt/airflow/dags/olist_pipeline_dag.py
[2026-06-04T16:44:18.407+0000] {processor.py:914} INFO - Processing file /opt/airflow/dags/olist_pipeline_dag.py for tasks to queue
[2026-06-04T16:44:18.411+0000] {logging_mixin.py:190} INFO - [2026-06-04T16:44:18.410+0000] {dagbag.py:588} INFO - Filling up the DagBag from /opt/airflow/dags/olist_pipeline_dag.py
[2026-06-04T16:44:18.428+0000] {processor.py:925} INFO - DAG(s) 'olist_master_pipeline' retrieved from /opt/airflow/dags/olist_pipeline_dag.py
[2026-06-04T16:44:18.456+0000] {logging_mixin.py:190} INFO - [2026-06-04T16:44:18.456+0000] {dag.py:3239} INFO - Sync 1 DAGs
[2026-06-04T16:44:18.469+0000] {logging_mixin.py:190} INFO - [2026-06-04T16:44:18.469+0000] {dag.py:4180} INFO - Setting next_dagrun for olist_master_pipeline to None, run_after=None
[2026-06-04T16:44:18.482+0000] {processor.py:208} INFO - Processing /opt/airflow/dags/olist_pipeline_dag.py took 0.085 seconds
[2026-06-04T16:44:48.890+0000] {processor.py:186} INFO - Started process (PID=421) to work on /opt/airflow/dags/olist_pipeline_dag.py
[2026-06-04T16:44:48.893+0000] {processor.py:914} INFO - Processing file /opt/airflow/dags/olist_pipeline_dag.py for tasks to queue
[2026-06-04T16:44:48.897+0000] {logging_mixin.py:190} INFO - [2026-06-04T16:44:48.896+0000] {dagbag.py:588} INFO - Filling up the DagBag from /opt/airflow/dags/olist_pipeline_dag.py
[2026-06-04T16:44:48.912+0000] {processor.py:925} INFO - DAG(s) 'olist_master_pipeline' retrieved from /opt/airflow/dags/olist_pipeline_dag.py
[2026-06-04T16:44:48.944+0000] {logging_mixin.py:190} INFO - [2026-06-04T16:44:48.944+0000] {dag.py:3239} INFO - Sync 1 DAGs
[2026-06-04T16:44:48.957+0000] {logging_mixin.py:190} INFO - [2026-06-04T16:44:48.957+0000] {dag.py:4180} INFO - Setting next_dagrun for olist_master_pipeline to None, run_after=None
[2026-06-04T16:44:48.971+0000] {processor.py:208} INFO - Processing /opt/airflow/dags/olist_pipeline_dag.py took 0.088 seconds
[2026-06-04T16:45:19.381+0000] {processor.py:186} INFO - Started process (PID=426) to work on /opt/airflow/dags/olist_pipeline_dag.py
[2026-06-04T16:45:19.384+0000] {processor.py:914} INFO - Processing file /opt/airflow/dags/olist_pipeline_dag.py for tasks to queue
[2026-06-04T16:45:19.388+0000] {logging_mixin.py:190} INFO - [2026-06-04T16:45:19.387+0000] {dagbag.py:588} INFO - Filling up the DagBag from /opt/airflow/dags/olist_pipeline_dag.py
[2026-06-04T16:45:19.405+0000] {processor.py:925} INFO - DAG(s) 'olist_master_pipeline' retrieved from /opt/airflow/dags/olist_pipeline_dag.py
[2026-06-04T16:45:19.437+0000] {logging_mixin.py:190} INFO - [2026-06-04T16:45:19.437+0000] {dag.py:3239} INFO - Sync 1 DAGs
[2026-06-04T16:45:19.456+0000] {logging_mixin.py:190} INFO - [2026-06-04T16:45:19.456+0000] {dag.py:4180} INFO - Setting next_dagrun for olist_master_pipeline to None, run_after=None
[2026-06-04T16:45:19.475+0000] {processor.py:208} INFO - Processing /opt/airflow/dags/olist_pipeline_dag.py took 0.102 seconds
[2026-06-04T16:45:49.809+0000] {processor.py:186} INFO - Started process (PID=431) to work on /opt/airflow/dags/olist_pipeline_dag.py
[2026-06-04T16:45:49.811+0000] {processor.py:914} INFO - Processing file /opt/airflow/dags/olist_pipeline_dag.py for tasks to queue
[2026-06-04T16:45:49.815+0000] {logging_mixin.py:190} INFO - [2026-06-04T16:45:49.815+0000] {dagbag.py:588} INFO - Filling up the DagBag from /opt/airflow/dags/olist_pipeline_dag.py
[2026-06-04T16:45:49.832+0000] {processor.py:925} INFO - DAG(s) 'olist_master_pipeline' retrieved from /opt/airflow/dags/olist_pipeline_dag.py
[2026-06-04T16:45:49.866+0000] {logging_mixin.py:190} INFO - [2026-06-04T16:45:49.865+0000] {dag.py:3239} INFO - Sync 1 DAGs
[2026-06-04T16:45:49.879+0000] {logging_mixin.py:190} INFO - [2026-06-04T16:45:49.879+0000] {dag.py:4180} INFO - Setting next_dagrun for olist_master_pipeline to None, run_after=None
[2026-06-04T16:45:49.906+0000] {processor.py:208} INFO - Processing /opt/airflow/dags/olist_pipeline_dag.py took 0.106 seconds
[2026-06-04T16:46:20.282+0000] {processor.py:186} INFO - Started process (PID=436) to work on /opt/airflow/dags/olist_pipeline_dag.py
[2026-06-04T16:46:20.285+0000] {processor.py:914} INFO - Processing file /opt/airflow/dags/olist_pipeline_dag.py for tasks to queue
[2026-06-04T16:46:20.288+0000] {logging_mixin.py:190} INFO - [2026-06-04T16:46:20.288+0000] {dagbag.py:588} INFO - Filling up the DagBag from /opt/airflow/dags/olist_pipeline_dag.py
[2026-06-04T16:46:20.304+0000] {processor.py:925} INFO - DAG(s) 'olist_master_pipeline' retrieved from /opt/airflow/dags/olist_pipeline_dag.py
[2026-06-04T16:46:20.333+0000] {logging_mixin.py:190} INFO - [2026-06-04T16:46:20.333+0000] {dag.py:3239} INFO - Sync 1 DAGs
[2026-06-04T16:46:20.346+0000] {logging_mixin.py:190} INFO - [2026-06-04T16:46:20.346+0000] {dag.py:4180} INFO - Setting next_dagrun for olist_master_pipeline to None, run_after=None
[2026-06-04T16:46:20.359+0000] {processor.py:208} INFO - Processing /opt/airflow/dags/olist_pipeline_dag.py took 0.084 seconds
[2026-06-04T16:46:50.743+0000] {processor.py:186} INFO - Started process (PID=441) to work on /opt/airflow/dags/olist_pipeline_dag.py
[2026-06-04T16:46:50.746+0000] {processor.py:914} INFO - Processing file /opt/airflow/dags/olist_pipeline_dag.py for tasks to queue
[2026-06-04T16:46:50.750+0000] {logging_mixin.py:190} INFO - [2026-06-04T16:46:50.750+0000] {dagbag.py:588} INFO - Filling up the DagBag from /opt/airflow/dags/olist_pipeline_dag.py
[2026-06-04T16:46:50.775+0000] {processor.py:925} INFO - DAG(s) 'olist_master_pipeline' retrieved from /opt/airflow/dags/olist_pipeline_dag.py
[2026-06-04T16:46:50.812+0000] {logging_mixin.py:190} INFO - [2026-06-04T16:46:50.812+0000] {dag.py:3239} INFO - Sync 1 DAGs
[2026-06-04T16:46:50.824+0000] {logging_mixin.py:190} INFO - [2026-06-04T16:46:50.824+0000] {dag.py:4180} INFO - Setting next_dagrun for olist_master_pipeline to None, run_after=None
[2026-06-04T16:46:50.840+0000] {processor.py:208} INFO - Processing /opt/airflow/dags/olist_pipeline_dag.py took 0.105 seconds
[2026-06-04T16:47:21.126+0000] {processor.py:186} INFO - Started process (PID=446) to work on /opt/airflow/dags/olist_pipeline_dag.py
[2026-06-04T16:47:21.129+0000] {processor.py:914} INFO - Processing file /opt/airflow/dags/olist_pipeline_dag.py for tasks to queue
[2026-06-04T16:47:21.134+0000] {logging_mixin.py:190} INFO - [2026-06-04T16:47:21.133+0000] {dagbag.py:588} INFO - Filling up the DagBag from /opt/airflow/dags/olist_pipeline_dag.py
[2026-06-04T16:47:21.148+0000] {processor.py:925} INFO - DAG(s) 'olist_master_pipeline' retrieved from /opt/airflow/dags/olist_pipeline_dag.py
[2026-06-04T16:47:21.175+0000] {logging_mixin.py:190} INFO - [2026-06-04T16:47:21.175+0000] {dag.py:3239} INFO - Sync 1 DAGs
[2026-06-04T16:47:21.194+0000] {logging_mixin.py:190} INFO - [2026-06-04T16:47:21.194+0000] {dag.py:4180} INFO - Setting next_dagrun for olist_master_pipeline to None, run_after=None
[2026-06-04T16:47:21.214+0000] {processor.py:208} INFO - Processing /opt/airflow/dags/olist_pipeline_dag.py took 0.097 seconds
[2026-06-04T16:47:51.566+0000] {processor.py:186} INFO - Started process (PID=451) to work on /opt/airflow/dags/olist_pipeline_dag.py
[2026-06-04T16:47:51.568+0000] {processor.py:914} INFO - Processing file /opt/airflow/dags/olist_pipeline_dag.py for tasks to queue
[2026-06-04T16:47:51.572+0000] {logging_mixin.py:190} INFO - [2026-06-04T16:47:51.572+0000] {dagbag.py:588} INFO - Filling up the DagBag from /opt/airflow/dags/olist_pipeline_dag.py
[2026-06-04T16:47:51.586+0000] {processor.py:925} INFO - DAG(s) 'olist_master_pipeline' retrieved from /opt/airflow/dags/olist_pipeline_dag.py
[2026-06-04T16:47:51.614+0000] {logging_mixin.py:190} INFO - [2026-06-04T16:47:51.614+0000] {dag.py:3239} INFO - Sync 1 DAGs
[2026-06-04T16:47:51.627+0000] {logging_mixin.py:190} INFO - [2026-06-04T16:47:51.627+0000] {dag.py:4180} INFO - Setting next_dagrun for olist_master_pipeline to None, run_after=None
[2026-06-04T16:47:51.640+0000] {processor.py:208} INFO - Processing /opt/airflow/dags/olist_pipeline_dag.py took 0.084 seconds
[2026-06-04T16:48:22.112+0000] {processor.py:186} INFO - Started process (PID=456) to work on /opt/airflow/dags/olist_pipeline_dag.py
[2026-06-04T16:48:22.114+0000] {processor.py:914} INFO - Processing file /opt/airflow/dags/olist_pipeline_dag.py for tasks to queue
[2026-06-04T16:48:22.119+0000] {logging_mixin.py:190} INFO - [2026-06-04T16:48:22.118+0000] {dagbag.py:588} INFO - Filling up the DagBag from /opt/airflow/dags/olist_pipeline_dag.py
[2026-06-04T16:48:22.137+0000] {processor.py:925} INFO - DAG(s) 'olist_master_pipeline' retrieved from /opt/airflow/dags/olist_pipeline_dag.py
[2026-06-04T16:48:22.173+0000] {logging_mixin.py:190} INFO - [2026-06-04T16:48:22.173+0000] {dag.py:3239} INFO - Sync 1 DAGs
[2026-06-04T16:48:22.188+0000] {logging_mixin.py:190} INFO - [2026-06-04T16:48:22.188+0000] {dag.py:4180} INFO - Setting next_dagrun for olist_master_pipeline to None, run_after=None
[2026-06-04T16:48:22.203+0000] {processor.py:208} INFO - Processing /opt/airflow/dags/olist_pipeline_dag.py took 0.099 seconds
[2026-06-04T16:48:52.676+0000] {processor.py:186} INFO - Started process (PID=461) to work on /opt/airflow/dags/olist_pipeline_dag.py
[2026-06-04T16:48:52.679+0000] {processor.py:914} INFO - Processing file /opt/airflow/dags/olist_pipeline_dag.py for tasks to queue
[2026-06-04T16:48:52.682+0000] {logging_mixin.py:190} INFO - [2026-06-04T16:48:52.682+0000] {dagbag.py:588} INFO - Filling up the DagBag from /opt/airflow/dags/olist_pipeline_dag.py
[2026-06-04T16:48:52.696+0000] {processor.py:925} INFO - DAG(s) 'olist_master_pipeline' retrieved from /opt/airflow/dags/olist_pipeline_dag.py
[2026-06-04T16:48:52.734+0000] {logging_mixin.py:190} INFO - [2026-06-04T16:48:52.734+0000] {dag.py:3239} INFO - Sync 1 DAGs
[2026-06-04T16:48:52.747+0000] {logging_mixin.py:190} INFO - [2026-06-04T16:48:52.747+0000] {dag.py:4180} INFO - Setting next_dagrun for olist_master_pipeline to None, run_after=None
[2026-06-04T16:48:52.763+0000] {processor.py:208} INFO - Processing /opt/airflow/dags/olist_pipeline_dag.py took 0.094 seconds
[2026-06-04T16:49:23.162+0000] {processor.py:186} INFO - Started process (PID=466) to work on /opt/airflow/dags/olist_pipeline_dag.py
[2026-06-04T16:49:23.165+0000] {processor.py:914} INFO - Processing file /opt/airflow/dags/olist_pipeline_dag.py for tasks to queue
[2026-06-04T16:49:23.168+0000] {logging_mixin.py:190} INFO - [2026-06-04T16:49:23.168+0000] {dagbag.py:588} INFO - Filling up the DagBag from /opt/airflow/dags/olist_pipeline_dag.py
[2026-06-04T16:49:23.185+0000] {processor.py:925} INFO - DAG(s) 'olist_master_pipeline' retrieved from /opt/airflow/dags/olist_pipeline_dag.py
[2026-06-04T16:49:23.221+0000] {logging_mixin.py:190} INFO - [2026-06-04T16:49:23.221+0000] {dag.py:3239} INFO - Sync 1 DAGs
[2026-06-04T16:49:23.236+0000] {logging_mixin.py:190} INFO - [2026-06-04T16:49:23.236+0000] {dag.py:4180} INFO - Setting next_dagrun for olist_master_pipeline to None, run_after=None
[2026-06-04T16:49:23.260+0000] {processor.py:208} INFO - Processing /opt/airflow/dags/olist_pipeline_dag.py took 0.105 seconds
[2026-06-04T16:49:47.687+0000] {processor.py:186} INFO - Started process (PID=471) to work on /opt/airflow/dags/olist_pipeline_dag.py
[2026-06-04T16:49:47.690+0000] {processor.py:914} INFO - Processing file /opt/airflow/dags/olist_pipeline_dag.py for tasks to queue
[2026-06-04T16:49:47.694+0000] {logging_mixin.py:190} INFO - [2026-06-04T16:49:47.694+0000] {dagbag.py:588} INFO - Filling up the DagBag from /opt/airflow/dags/olist_pipeline_dag.py
[2026-06-04T16:49:47.740+0000] {processor.py:925} INFO - DAG(s) 'olist_master_pipeline' retrieved from /opt/airflow/dags/olist_pipeline_dag.py
[2026-06-04T16:49:48.042+0000] {logging_mixin.py:190} INFO - [2026-06-04T16:49:48.042+0000] {dag.py:3239} INFO - Sync 1 DAGs
[2026-06-04T16:49:48.054+0000] {logging_mixin.py:190} INFO - [2026-06-04T16:49:48.054+0000] {dag.py:4180} INFO - Setting next_dagrun for olist_master_pipeline to None, run_after=None
[2026-06-04T16:49:48.094+0000] {processor.py:208} INFO - Processing /opt/airflow/dags/olist_pipeline_dag.py took 0.417 seconds
[2026-06-04T16:50:18.310+0000] {processor.py:186} INFO - Started process (PID=476) to work on /opt/airflow/dags/olist_pipeline_dag.py
[2026-06-04T16:50:18.315+0000] {processor.py:914} INFO - Processing file /opt/airflow/dags/olist_pipeline_dag.py for tasks to queue
[2026-06-04T16:50:18.325+0000] {logging_mixin.py:190} INFO - [2026-06-04T16:50:18.324+0000] {dagbag.py:588} INFO - Filling up the DagBag from /opt/airflow/dags/olist_pipeline_dag.py
[2026-06-04T16:50:18.350+0000] {processor.py:925} INFO - DAG(s) 'olist_master_pipeline' retrieved from /opt/airflow/dags/olist_pipeline_dag.py
[2026-06-04T16:50:18.392+0000] {logging_mixin.py:190} INFO - [2026-06-04T16:50:18.392+0000] {dag.py:3239} INFO - Sync 1 DAGs
[2026-06-04T16:50:18.406+0000] {logging_mixin.py:190} INFO - [2026-06-04T16:50:18.406+0000] {dag.py:4180} INFO - Setting next_dagrun for olist_master_pipeline to None, run_after=None
[2026-06-04T16:50:18.422+0000] {processor.py:208} INFO - Processing /opt/airflow/dags/olist_pipeline_dag.py took 0.130 seconds
[2026-06-04T16:50:48.773+0000] {processor.py:186} INFO - Started process (PID=486) to work on /opt/airflow/dags/olist_pipeline_dag.py
[2026-06-04T16:50:48.777+0000] {processor.py:914} INFO - Processing file /opt/airflow/dags/olist_pipeline_dag.py for tasks to queue
[2026-06-04T16:50:48.781+0000] {logging_mixin.py:190} INFO - [2026-06-04T16:50:48.780+0000] {dagbag.py:588} INFO - Filling up the DagBag from /opt/airflow/dags/olist_pipeline_dag.py
[2026-06-04T16:50:48.799+0000] {processor.py:925} INFO - DAG(s) 'olist_master_pipeline' retrieved from /opt/airflow/dags/olist_pipeline_dag.py
[2026-06-04T16:50:48.864+0000] {logging_mixin.py:190} INFO - [2026-06-04T16:50:48.863+0000] {dag.py:3239} INFO - Sync 1 DAGs
[2026-06-04T16:50:48.877+0000] {logging_mixin.py:190} INFO - [2026-06-04T16:50:48.877+0000] {dag.py:4180} INFO - Setting next_dagrun for olist_master_pipeline to None, run_after=None
[2026-06-04T16:50:48.891+0000] {processor.py:208} INFO - Processing /opt/airflow/dags/olist_pipeline_dag.py took 0.131 seconds
[2026-06-04T16:51:19.342+0000] {processor.py:186} INFO - Started process (PID=491) to work on /opt/airflow/dags/olist_pipeline_dag.py
[2026-06-04T16:51:19.345+0000] {processor.py:914} INFO - Processing file /opt/airflow/dags/olist_pipeline_dag.py for tasks to queue
[2026-06-04T16:51:19.348+0000] {logging_mixin.py:190} INFO - [2026-06-04T16:51:19.348+0000] {dagbag.py:588} INFO - Filling up the DagBag from /opt/airflow/dags/olist_pipeline_dag.py
[2026-06-04T16:51:19.372+0000] {processor.py:925} INFO - DAG(s) 'olist_master_pipeline' retrieved from /opt/airflow/dags/olist_pipeline_dag.py
[2026-06-04T16:51:19.424+0000] {logging_mixin.py:190} INFO - [2026-06-04T16:51:19.424+0000] {dag.py:3239} INFO - Sync 1 DAGs
[2026-06-04T16:51:19.439+0000] {logging_mixin.py:190} INFO - [2026-06-04T16:51:19.438+0000] {dag.py:4180} INFO - Setting next_dagrun for olist_master_pipeline to None, run_after=None
[2026-06-04T16:51:19.452+0000] {processor.py:208} INFO - Processing /opt/airflow/dags/olist_pipeline_dag.py took 0.120 seconds
[2026-06-04T16:51:50.117+0000] {processor.py:186} INFO - Started process (PID=496) to work on /opt/airflow/dags/olist_pipeline_dag.py
[2026-06-04T16:51:50.120+0000] {processor.py:914} INFO - Processing file /opt/airflow/dags/olist_pipeline_dag.py for tasks to queue
[2026-06-04T16:51:50.124+0000] {logging_mixin.py:190} INFO - [2026-06-04T16:51:50.123+0000] {dagbag.py:588} INFO - Filling up the DagBag from /opt/airflow/dags/olist_pipeline_dag.py
[2026-06-04T16:51:50.141+0000] {processor.py:925} INFO - DAG(s) 'olist_master_pipeline' retrieved from /opt/airflow/dags/olist_pipeline_dag.py
[2026-06-04T16:51:50.186+0000] {logging_mixin.py:190} INFO - [2026-06-04T16:51:50.186+0000] {dag.py:3239} INFO - Sync 1 DAGs
[2026-06-04T16:51:50.201+0000] {logging_mixin.py:190} INFO - [2026-06-04T16:51:50.200+0000] {dag.py:4180} INFO - Setting next_dagrun for olist_master_pipeline to None, run_after=None
[2026-06-04T16:51:50.216+0000] {processor.py:208} INFO - Processing /opt/airflow/dags/olist_pipeline_dag.py took 0.106 seconds
[2026-06-04T16:52:20.581+0000] {processor.py:186} INFO - Started process (PID=501) to work on /opt/airflow/dags/olist_pipeline_dag.py
[2026-06-04T16:52:20.584+0000] {processor.py:914} INFO - Processing file /opt/airflow/dags/olist_pipeline_dag.py for tasks to queue
[2026-06-04T16:52:20.595+0000] {logging_mixin.py:190} INFO - [2026-06-04T16:52:20.594+0000] {dagbag.py:588} INFO - Filling up the DagBag from /opt/airflow/dags/olist_pipeline_dag.py
[2026-06-04T16:52:20.613+0000] {processor.py:925} INFO - DAG(s) 'olist_master_pipeline' retrieved from /opt/airflow/dags/olist_pipeline_dag.py
[2026-06-04T16:52:20.652+0000] {logging_mixin.py:190} INFO - [2026-06-04T16:52:20.652+0000] {dag.py:3239} INFO - Sync 1 DAGs
[2026-06-04T16:52:20.704+0000] {logging_mixin.py:190} INFO - [2026-06-04T16:52:20.703+0000] {dag.py:4180} INFO - Setting next_dagrun for olist_master_pipeline to None, run_after=None
[2026-06-04T16:52:20.731+0000] {processor.py:208} INFO - Processing /opt/airflow/dags/olist_pipeline_dag.py took 0.157 seconds
[2026-06-04T16:52:51.202+0000] {processor.py:186} INFO - Started process (PID=506) to work on /opt/airflow/dags/olist_pipeline_dag.py
[2026-06-04T16:52:51.206+0000] {processor.py:914} INFO - Processing file /opt/airflow/dags/olist_pipeline_dag.py for tasks to queue
[2026-06-04T16:52:51.214+0000] {logging_mixin.py:190} INFO - [2026-06-04T16:52:51.213+0000] {dagbag.py:588} INFO - Filling up the DagBag from /opt/airflow/dags/olist_pipeline_dag.py
[2026-06-04T16:52:51.246+0000] {processor.py:925} INFO - DAG(s) 'olist_master_pipeline' retrieved from /opt/airflow/dags/olist_pipeline_dag.py
[2026-06-04T16:52:51.330+0000] {logging_mixin.py:190} INFO - [2026-06-04T16:52:51.329+0000] {dag.py:3239} INFO - Sync 1 DAGs
[2026-06-04T16:52:51.389+0000] {logging_mixin.py:190} INFO - [2026-06-04T16:52:51.389+0000] {dag.py:4180} INFO - Setting next_dagrun for olist_master_pipeline to None, run_after=None
[2026-06-04T16:52:51.417+0000] {processor.py:208} INFO - Processing /opt/airflow/dags/olist_pipeline_dag.py took 0.227 seconds
[2026-06-04T16:53:21.934+0000] {processor.py:186} INFO - Started process (PID=511) to work on /opt/airflow/dags/olist_pipeline_dag.py
[2026-06-04T16:53:21.948+0000] {processor.py:914} INFO - Processing file /opt/airflow/dags/olist_pipeline_dag.py for tasks to queue
[2026-06-04T16:53:21.980+0000] {logging_mixin.py:190} INFO - [2026-06-04T16:53:21.979+0000] {dagbag.py:588} INFO - Filling up the DagBag from /opt/airflow/dags/olist_pipeline_dag.py
[2026-06-04T16:53:22.017+0000] {processor.py:925} INFO - DAG(s) 'olist_master_pipeline' retrieved from /opt/airflow/dags/olist_pipeline_dag.py
[2026-06-04T16:53:22.116+0000] {logging_mixin.py:190} INFO - [2026-06-04T16:53:22.116+0000] {dag.py:3239} INFO - Sync 1 DAGs
[2026-06-04T16:53:22.143+0000] {logging_mixin.py:190} INFO - [2026-06-04T16:53:22.143+0000] {dag.py:4180} INFO - Setting next_dagrun for olist_master_pipeline to None, run_after=None
[2026-06-04T16:53:22.175+0000] {processor.py:208} INFO - Processing /opt/airflow/dags/olist_pipeline_dag.py took 0.318 seconds
[2026-06-04T16:53:52.425+0000] {processor.py:186} INFO - Started process (PID=516) to work on /opt/airflow/dags/olist_pipeline_dag.py
[2026-06-04T16:53:52.431+0000] {processor.py:914} INFO - Processing file /opt/airflow/dags/olist_pipeline_dag.py for tasks to queue
[2026-06-04T16:53:52.438+0000] {logging_mixin.py:190} INFO - [2026-06-04T16:53:52.437+0000] {dagbag.py:588} INFO - Filling up the DagBag from /opt/airflow/dags/olist_pipeline_dag.py
[2026-06-04T16:53:52.459+0000] {processor.py:925} INFO - DAG(s) 'olist_master_pipeline' retrieved from /opt/airflow/dags/olist_pipeline_dag.py
[2026-06-04T16:53:52.514+0000] {logging_mixin.py:190} INFO - [2026-06-04T16:53:52.514+0000] {dag.py:3239} INFO - Sync 1 DAGs
[2026-06-04T16:53:52.529+0000] {logging_mixin.py:190} INFO - [2026-06-04T16:53:52.529+0000] {dag.py:4180} INFO - Setting next_dagrun for olist_master_pipeline to None, run_after=None
[2026-06-04T16:53:52.543+0000] {processor.py:208} INFO - Processing /opt/airflow/dags/olist_pipeline_dag.py took 0.132 seconds
[2026-06-04T16:54:23.168+0000] {processor.py:186} INFO - Started process (PID=521) to work on /opt/airflow/dags/olist_pipeline_dag.py
[2026-06-04T16:54:23.172+0000] {processor.py:914} INFO - Processing file /opt/airflow/dags/olist_pipeline_dag.py for tasks to queue
[2026-06-04T16:54:23.183+0000] {logging_mixin.py:190} INFO - [2026-06-04T16:54:23.182+0000] {dagbag.py:588} INFO - Filling up the DagBag from /opt/airflow/dags/olist_pipeline_dag.py
[2026-06-04T16:54:23.205+0000] {processor.py:925} INFO - DAG(s) 'olist_master_pipeline' retrieved from /opt/airflow/dags/olist_pipeline_dag.py
[2026-06-04T16:54:23.312+0000] {logging_mixin.py:190} INFO - [2026-06-04T16:54:23.311+0000] {dag.py:3239} INFO - Sync 1 DAGs
[2026-06-04T16:54:23.336+0000] {logging_mixin.py:190} INFO - [2026-06-04T16:54:23.336+0000] {dag.py:4180} INFO - Setting next_dagrun for olist_master_pipeline to None, run_after=None
[2026-06-04T16:54:23.355+0000] {processor.py:208} INFO - Processing /opt/airflow/dags/olist_pipeline_dag.py took 0.198 seconds
[2026-06-04T16:54:53.668+0000] {processor.py:186} INFO - Started process (PID=526) to work on /opt/airflow/dags/olist_pipeline_dag.py
[2026-06-04T16:54:53.679+0000] {processor.py:914} INFO - Processing file /opt/airflow/dags/olist_pipeline_dag.py for tasks to queue
[2026-06-04T16:54:53.687+0000] {logging_mixin.py:190} INFO - [2026-06-04T16:54:53.686+0000] {dagbag.py:588} INFO - Filling up the DagBag from /opt/airflow/dags/olist_pipeline_dag.py
[2026-06-04T16:54:53.719+0000] {processor.py:925} INFO - DAG(s) 'olist_master_pipeline' retrieved from /opt/airflow/dags/olist_pipeline_dag.py
[2026-06-04T16:54:53.773+0000] {logging_mixin.py:190} INFO - [2026-06-04T16:54:53.773+0000] {dag.py:3239} INFO - Sync 1 DAGs
[2026-06-04T16:54:53.791+0000] {logging_mixin.py:190} INFO - [2026-06-04T16:54:53.791+0000] {dag.py:4180} INFO - Setting next_dagrun for olist_master_pipeline to None, run_after=None
[2026-06-04T16:54:53.803+0000] {processor.py:208} INFO - Processing /opt/airflow/dags/olist_pipeline_dag.py took 0.146 seconds
[2026-06-04T16:55:24.797+0000] {processor.py:186} INFO - Started process (PID=531) to work on /opt/airflow/dags/olist_pipeline_dag.py
[2026-06-04T16:55:24.800+0000] {processor.py:914} INFO - Processing file /opt/airflow/dags/olist_pipeline_dag.py for tasks to queue
[2026-06-04T16:55:24.805+0000] {logging_mixin.py:190} INFO - [2026-06-04T16:55:24.804+0000] {dagbag.py:588} INFO - Filling up the DagBag from /opt/airflow/dags/olist_pipeline_dag.py
[2026-06-04T16:55:24.821+0000] {processor.py:925} INFO - DAG(s) 'olist_master_pipeline' retrieved from /opt/airflow/dags/olist_pipeline_dag.py
[2026-06-04T16:55:24.862+0000] {logging_mixin.py:190} INFO - [2026-06-04T16:55:24.862+0000] {dag.py:3239} INFO - Sync 1 DAGs
[2026-06-04T16:55:24.877+0000] {logging_mixin.py:190} INFO - [2026-06-04T16:55:24.877+0000] {dag.py:4180} INFO - Setting next_dagrun for olist_master_pipeline to None, run_after=None
[2026-06-04T16:55:24.893+0000] {processor.py:208} INFO - Processing /opt/airflow/dags/olist_pipeline_dag.py took 0.105 seconds
[2026-06-04T16:55:55.367+0000] {processor.py:186} INFO - Started process (PID=536) to work on /opt/airflow/dags/olist_pipeline_dag.py
[2026-06-04T16:55:55.373+0000] {processor.py:914} INFO - Processing file /opt/airflow/dags/olist_pipeline_dag.py for tasks to queue
[2026-06-04T16:55:55.379+0000] {logging_mixin.py:190} INFO - [2026-06-04T16:55:55.378+0000] {dagbag.py:588} INFO - Filling up the DagBag from /opt/airflow/dags/olist_pipeline_dag.py
[2026-06-04T16:55:55.395+0000] {processor.py:925} INFO - DAG(s) 'olist_master_pipeline' retrieved from /opt/airflow/dags/olist_pipeline_dag.py
[2026-06-04T16:55:55.454+0000] {logging_mixin.py:190} INFO - [2026-06-04T16:55:55.453+0000] {dag.py:3239} INFO - Sync 1 DAGs
[2026-06-04T16:55:55.474+0000] {logging_mixin.py:190} INFO - [2026-06-04T16:55:55.474+0000] {dag.py:4180} INFO - Setting next_dagrun for olist_master_pipeline to None, run_after=None
[2026-06-04T16:55:55.491+0000] {processor.py:208} INFO - Processing /opt/airflow/dags/olist_pipeline_dag.py took 0.133 seconds
[2026-06-04T16:56:25.882+0000] {processor.py:186} INFO - Started process (PID=541) to work on /opt/airflow/dags/olist_pipeline_dag.py
[2026-06-04T16:56:25.885+0000] {processor.py:914} INFO - Processing file /opt/airflow/dags/olist_pipeline_dag.py for tasks to queue
[2026-06-04T16:56:25.891+0000] {logging_mixin.py:190} INFO - [2026-06-04T16:56:25.891+0000] {dagbag.py:588} INFO - Filling up the DagBag from /opt/airflow/dags/olist_pipeline_dag.py
[2026-06-04T16:56:26.001+0000] {processor.py:925} INFO - DAG(s) 'olist_master_pipeline' retrieved from /opt/airflow/dags/olist_pipeline_dag.py
[2026-06-04T16:56:26.077+0000] {logging_mixin.py:190} INFO - [2026-06-04T16:56:26.077+0000] {dag.py:3239} INFO - Sync 1 DAGs
[2026-06-04T16:56:26.106+0000] {logging_mixin.py:190} INFO - [2026-06-04T16:56:26.105+0000] {dag.py:4180} INFO - Setting next_dagrun for olist_master_pipeline to None, run_after=None
[2026-06-04T16:56:26.128+0000] {processor.py:208} INFO - Processing /opt/airflow/dags/olist_pipeline_dag.py took 0.256 seconds
[2026-06-04T16:56:56.346+0000] {processor.py:186} INFO - Started process (PID=546) to work on /opt/airflow/dags/olist_pipeline_dag.py
[2026-06-04T16:56:56.352+0000] {processor.py:914} INFO - Processing file /opt/airflow/dags/olist_pipeline_dag.py for tasks to queue
[2026-06-04T16:56:56.358+0000] {logging_mixin.py:190} INFO - [2026-06-04T16:56:56.357+0000] {dagbag.py:588} INFO - Filling up the DagBag from /opt/airflow/dags/olist_pipeline_dag.py
[2026-06-04T16:56:56.375+0000] {processor.py:925} INFO - DAG(s) 'olist_master_pipeline' retrieved from /opt/airflow/dags/olist_pipeline_dag.py
[2026-06-04T16:56:56.472+0000] {logging_mixin.py:190} INFO - [2026-06-04T16:56:56.471+0000] {dag.py:3239} INFO - Sync 1 DAGs
[2026-06-04T16:56:56.572+0000] {logging_mixin.py:190} INFO - [2026-06-04T16:56:56.572+0000] {dag.py:4180} INFO - Setting next_dagrun for olist_master_pipeline to None, run_after=None
[2026-06-04T16:56:56.588+0000] {processor.py:208} INFO - Processing /opt/airflow/dags/olist_pipeline_dag.py took 0.264 seconds
[2026-06-04T16:57:26.987+0000] {processor.py:186} INFO - Started process (PID=551) to work on /opt/airflow/dags/olist_pipeline_dag.py
[2026-06-04T16:57:26.993+0000] {processor.py:914} INFO - Processing file /opt/airflow/dags/olist_pipeline_dag.py for tasks to queue
[2026-06-04T16:57:27.007+0000] {logging_mixin.py:190} INFO - [2026-06-04T16:57:27.005+0000] {dagbag.py:588} INFO - Filling up the DagBag from /opt/airflow/dags/olist_pipeline_dag.py
[2026-06-04T16:57:27.036+0000] {processor.py:925} INFO - DAG(s) 'olist_master_pipeline' retrieved from /opt/airflow/dags/olist_pipeline_dag.py
[2026-06-04T16:57:27.091+0000] {logging_mixin.py:190} INFO - [2026-06-04T16:57:27.091+0000] {dag.py:3239} INFO - Sync 1 DAGs
[2026-06-04T16:57:27.117+0000] {logging_mixin.py:190} INFO - [2026-06-04T16:57:27.116+0000] {dag.py:4180} INFO - Setting next_dagrun for olist_master_pipeline to None, run_after=None
[2026-06-04T16:57:27.144+0000] {processor.py:208} INFO - Processing /opt/airflow/dags/olist_pipeline_dag.py took 0.184 seconds
[2026-06-04T16:57:57.500+0000] {processor.py:186} INFO - Started process (PID=556) to work on /opt/airflow/dags/olist_pipeline_dag.py
[2026-06-04T16:57:57.503+0000] {processor.py:914} INFO - Processing file /opt/airflow/dags/olist_pipeline_dag.py for tasks to queue
[2026-06-04T16:57:57.508+0000] {logging_mixin.py:190} INFO - [2026-06-04T16:57:57.508+0000] {dagbag.py:588} INFO - Filling up the DagBag from /opt/airflow/dags/olist_pipeline_dag.py
[2026-06-04T16:57:57.527+0000] {processor.py:925} INFO - DAG(s) 'olist_master_pipeline' retrieved from /opt/airflow/dags/olist_pipeline_dag.py
[2026-06-04T16:57:57.576+0000] {logging_mixin.py:190} INFO - [2026-06-04T16:57:57.576+0000] {dag.py:3239} INFO - Sync 1 DAGs
[2026-06-04T16:57:57.589+0000] {logging_mixin.py:190} INFO - [2026-06-04T16:57:57.589+0000] {dag.py:4180} INFO - Setting next_dagrun for olist_master_pipeline to None, run_after=None
[2026-06-04T16:57:57.612+0000] {processor.py:208} INFO - Processing /opt/airflow/dags/olist_pipeline_dag.py took 0.119 seconds
[2026-06-04T16:58:28.059+0000] {processor.py:186} INFO - Started process (PID=561) to work on /opt/airflow/dags/olist_pipeline_dag.py
[2026-06-04T16:58:28.062+0000] {processor.py:914} INFO - Processing file /opt/airflow/dags/olist_pipeline_dag.py for tasks to queue
[2026-06-04T16:58:28.067+0000] {logging_mixin.py:190} INFO - [2026-06-04T16:58:28.066+0000] {dagbag.py:588} INFO - Filling up the DagBag from /opt/airflow/dags/olist_pipeline_dag.py
[2026-06-04T16:58:28.082+0000] {processor.py:925} INFO - DAG(s) 'olist_master_pipeline' retrieved from /opt/airflow/dags/olist_pipeline_dag.py
[2026-06-04T16:58:28.117+0000] {logging_mixin.py:190} INFO - [2026-06-04T16:58:28.117+0000] {dag.py:3239} INFO - Sync 1 DAGs
[2026-06-04T16:58:28.131+0000] {logging_mixin.py:190} INFO - [2026-06-04T16:58:28.131+0000] {dag.py:4180} INFO - Setting next_dagrun for olist_master_pipeline to None, run_after=None
[2026-06-04T16:58:28.144+0000] {processor.py:208} INFO - Processing /opt/airflow/dags/olist_pipeline_dag.py took 0.114 seconds
[2026-06-04T16:58:58.557+0000] {processor.py:186} INFO - Started process (PID=566) to work on /opt/airflow/dags/olist_pipeline_dag.py
[2026-06-04T16:58:58.560+0000] {processor.py:914} INFO - Processing file /opt/airflow/dags/olist_pipeline_dag.py for tasks to queue
[2026-06-04T16:58:58.565+0000] {logging_mixin.py:190} INFO - [2026-06-04T16:58:58.564+0000] {dagbag.py:588} INFO - Filling up the DagBag from /opt/airflow/dags/olist_pipeline_dag.py
[2026-06-04T16:58:58.595+0000] {processor.py:925} INFO - DAG(s) 'olist_master_pipeline' retrieved from /opt/airflow/dags/olist_pipeline_dag.py
[2026-06-04T16:58:58.629+0000] {logging_mixin.py:190} INFO - [2026-06-04T16:58:58.629+0000] {dag.py:3239} INFO - Sync 1 DAGs
[2026-06-04T16:58:58.643+0000] {logging_mixin.py:190} INFO - [2026-06-04T16:58:58.643+0000] {dag.py:4180} INFO - Setting next_dagrun for olist_master_pipeline to None, run_after=None
[2026-06-04T16:58:58.656+0000] {processor.py:208} INFO - Processing /opt/airflow/dags/olist_pipeline_dag.py took 0.111 seconds
[2026-06-04T16:59:29.072+0000] {processor.py:186} INFO - Started process (PID=571) to work on /opt/airflow/dags/olist_pipeline_dag.py
[2026-06-04T16:59:29.075+0000] {processor.py:914} INFO - Processing file /opt/airflow/dags/olist_pipeline_dag.py for tasks to queue
[2026-06-04T16:59:29.080+0000] {logging_mixin.py:190} INFO - [2026-06-04T16:59:29.080+0000] {dagbag.py:588} INFO - Filling up the DagBag from /opt/airflow/dags/olist_pipeline_dag.py
[2026-06-04T16:59:29.097+0000] {processor.py:925} INFO - DAG(s) 'olist_master_pipeline' retrieved from /opt/airflow/dags/olist_pipeline_dag.py
[2026-06-04T16:59:29.133+0000] {logging_mixin.py:190} INFO - [2026-06-04T16:59:29.133+0000] {dag.py:3239} INFO - Sync 1 DAGs
[2026-06-04T16:59:29.146+0000] {logging_mixin.py:190} INFO - [2026-06-04T16:59:29.146+0000] {dag.py:4180} INFO - Setting next_dagrun for olist_master_pipeline to None, run_after=None
[2026-06-04T16:59:29.173+0000] {processor.py:208} INFO - Processing /opt/airflow/dags/olist_pipeline_dag.py took 0.130 seconds
[2026-06-04T16:59:59.579+0000] {processor.py:186} INFO - Started process (PID=576) to work on /opt/airflow/dags/olist_pipeline_dag.py
[2026-06-04T16:59:59.584+0000] {processor.py:914} INFO - Processing file /opt/airflow/dags/olist_pipeline_dag.py for tasks to queue
[2026-06-04T16:59:59.589+0000] {logging_mixin.py:190} INFO - [2026-06-04T16:59:59.588+0000] {dagbag.py:588} INFO - Filling up the DagBag from /opt/airflow/dags/olist_pipeline_dag.py
[2026-06-04T16:59:59.608+0000] {processor.py:925} INFO - DAG(s) 'olist_master_pipeline' retrieved from /opt/airflow/dags/olist_pipeline_dag.py
[2026-06-04T16:59:59.642+0000] {logging_mixin.py:190} INFO - [2026-06-04T16:59:59.642+0000] {dag.py:3239} INFO - Sync 1 DAGs
[2026-06-04T16:59:59.655+0000] {logging_mixin.py:190} INFO - [2026-06-04T16:59:59.655+0000] {dag.py:4180} INFO - Setting next_dagrun for olist_master_pipeline to None, run_after=None
[2026-06-04T16:59:59.673+0000] {processor.py:208} INFO - Processing /opt/airflow/dags/olist_pipeline_dag.py took 0.126 seconds
[2026-06-04T17:00:30.084+0000] {processor.py:186} INFO - Started process (PID=581) to work on /opt/airflow/dags/olist_pipeline_dag.py
[2026-06-04T17:00:30.088+0000] {processor.py:914} INFO - Processing file /opt/airflow/dags/olist_pipeline_dag.py for tasks to queue
[2026-06-04T17:00:30.093+0000] {logging_mixin.py:190} INFO - [2026-06-04T17:00:30.093+0000] {dagbag.py:588} INFO - Filling up the DagBag from /opt/airflow/dags/olist_pipeline_dag.py
[2026-06-04T17:00:30.110+0000] {processor.py:925} INFO - DAG(s) 'olist_master_pipeline' retrieved from /opt/airflow/dags/olist_pipeline_dag.py
[2026-06-04T17:00:30.142+0000] {logging_mixin.py:190} INFO - [2026-06-04T17:00:30.142+0000] {dag.py:3239} INFO - Sync 1 DAGs
[2026-06-04T17:00:30.155+0000] {logging_mixin.py:190} INFO - [2026-06-04T17:00:30.155+0000] {dag.py:4180} INFO - Setting next_dagrun for olist_master_pipeline to None, run_after=None
[2026-06-04T17:00:30.169+0000] {processor.py:208} INFO - Processing /opt/airflow/dags/olist_pipeline_dag.py took 0.114 seconds
[2026-06-04T17:01:00.548+0000] {processor.py:186} INFO - Started process (PID=586) to work on /opt/airflow/dags/olist_pipeline_dag.py
[2026-06-04T17:01:00.551+0000] {processor.py:914} INFO - Processing file /opt/airflow/dags/olist_pipeline_dag.py for tasks to queue
[2026-06-04T17:01:00.565+0000] {logging_mixin.py:190} INFO - [2026-06-04T17:01:00.564+0000] {dagbag.py:588} INFO - Filling up the DagBag from /opt/airflow/dags/olist_pipeline_dag.py
[2026-06-04T17:01:00.581+0000] {processor.py:925} INFO - DAG(s) 'olist_master_pipeline' retrieved from /opt/airflow/dags/olist_pipeline_dag.py
[2026-06-04T17:01:00.613+0000] {logging_mixin.py:190} INFO - [2026-06-04T17:01:00.613+0000] {dag.py:3239} INFO - Sync 1 DAGs
[2026-06-04T17:01:00.626+0000] {logging_mixin.py:190} INFO - [2026-06-04T17:01:00.626+0000] {dag.py:4180} INFO - Setting next_dagrun for olist_master_pipeline to None, run_after=None
[2026-06-04T17:01:00.640+0000] {processor.py:208} INFO - Processing /opt/airflow/dags/olist_pipeline_dag.py took 0.102 seconds
[2026-06-04T17:01:31.078+0000] {processor.py:186} INFO - Started process (PID=591) to work on /opt/airflow/dags/olist_pipeline_dag.py
[2026-06-04T17:01:31.081+0000] {processor.py:914} INFO - Processing file /opt/airflow/dags/olist_pipeline_dag.py for tasks to queue
[2026-06-04T17:01:31.087+0000] {logging_mixin.py:190} INFO - [2026-06-04T17:01:31.086+0000] {dagbag.py:588} INFO - Filling up the DagBag from /opt/airflow/dags/olist_pipeline_dag.py
[2026-06-04T17:01:31.102+0000] {processor.py:925} INFO - DAG(s) 'olist_master_pipeline' retrieved from /opt/airflow/dags/olist_pipeline_dag.py
[2026-06-04T17:01:31.132+0000] {logging_mixin.py:190} INFO - [2026-06-04T17:01:31.132+0000] {dag.py:3239} INFO - Sync 1 DAGs
[2026-06-04T17:01:31.145+0000] {logging_mixin.py:190} INFO - [2026-06-04T17:01:31.145+0000] {dag.py:4180} INFO - Setting next_dagrun for olist_master_pipeline to None, run_after=None
[2026-06-04T17:01:31.158+0000] {processor.py:208} INFO - Processing /opt/airflow/dags/olist_pipeline_dag.py took 0.090 seconds
[2026-06-04T17:02:01.595+0000] {processor.py:186} INFO - Started process (PID=596) to work on /opt/airflow/dags/olist_pipeline_dag.py
[2026-06-04T17:02:01.598+0000] {processor.py:914} INFO - Processing file /opt/airflow/dags/olist_pipeline_dag.py for tasks to queue
[2026-06-04T17:02:01.603+0000] {logging_mixin.py:190} INFO - [2026-06-04T17:02:01.603+0000] {dagbag.py:588} INFO - Filling up the DagBag from /opt/airflow/dags/olist_pipeline_dag.py
[2026-06-04T17:02:01.619+0000] {processor.py:925} INFO - DAG(s) 'olist_master_pipeline' retrieved from /opt/airflow/dags/olist_pipeline_dag.py
[2026-06-04T17:02:01.666+0000] {logging_mixin.py:190} INFO - [2026-06-04T17:02:01.666+0000] {dag.py:3239} INFO - Sync 1 DAGs
[2026-06-04T17:02:01.680+0000] {logging_mixin.py:190} INFO - [2026-06-04T17:02:01.680+0000] {dag.py:4180} INFO - Setting next_dagrun for olist_master_pipeline to None, run_after=None
[2026-06-04T17:02:01.694+0000] {processor.py:208} INFO - Processing /opt/airflow/dags/olist_pipeline_dag.py took 0.111 seconds
[2026-06-04T17:02:32.130+0000] {processor.py:186} INFO - Started process (PID=601) to work on /opt/airflow/dags/olist_pipeline_dag.py
[2026-06-04T17:02:32.134+0000] {processor.py:914} INFO - Processing file /opt/airflow/dags/olist_pipeline_dag.py for tasks to queue
[2026-06-04T17:02:32.139+0000] {logging_mixin.py:190} INFO - [2026-06-04T17:02:32.139+0000] {dagbag.py:588} INFO - Filling up the DagBag from /opt/airflow/dags/olist_pipeline_dag.py
[2026-06-04T17:02:32.157+0000] {processor.py:925} INFO - DAG(s) 'olist_master_pipeline' retrieved from /opt/airflow/dags/olist_pipeline_dag.py
[2026-06-04T17:02:32.189+0000] {logging_mixin.py:190} INFO - [2026-06-04T17:02:32.189+0000] {dag.py:3239} INFO - Sync 1 DAGs
[2026-06-04T17:02:32.209+0000] {logging_mixin.py:190} INFO - [2026-06-04T17:02:32.209+0000] {dag.py:4180} INFO - Setting next_dagrun for olist_master_pipeline to None, run_after=None
[2026-06-04T17:02:32.223+0000] {processor.py:208} INFO - Processing /opt/airflow/dags/olist_pipeline_dag.py took 0.104 seconds
[2026-06-04T17:03:02.586+0000] {processor.py:186} INFO - Started process (PID=606) to work on /opt/airflow/dags/olist_pipeline_dag.py
[2026-06-04T17:03:02.589+0000] {processor.py:914} INFO - Processing file /opt/airflow/dags/olist_pipeline_dag.py for tasks to queue
[2026-06-04T17:03:02.593+0000] {logging_mixin.py:190} INFO - [2026-06-04T17:03:02.593+0000] {dagbag.py:588} INFO - Filling up the DagBag from /opt/airflow/dags/olist_pipeline_dag.py
[2026-06-04T17:03:02.609+0000] {processor.py:925} INFO - DAG(s) 'olist_master_pipeline' retrieved from /opt/airflow/dags/olist_pipeline_dag.py
[2026-06-04T17:03:02.648+0000] {logging_mixin.py:190} INFO - [2026-06-04T17:03:02.648+0000] {dag.py:3239} INFO - Sync 1 DAGs
[2026-06-04T17:03:02.688+0000] {logging_mixin.py:190} INFO - [2026-06-04T17:03:02.687+0000] {dag.py:4180} INFO - Setting next_dagrun for olist_master_pipeline to None, run_after=None
[2026-06-04T17:03:02.711+0000] {processor.py:208} INFO - Processing /opt/airflow/dags/olist_pipeline_dag.py took 0.136 seconds
[2026-06-04T17:03:33.041+0000] {processor.py:186} INFO - Started process (PID=611) to work on /opt/airflow/dags/olist_pipeline_dag.py
[2026-06-04T17:03:33.044+0000] {processor.py:914} INFO - Processing file /opt/airflow/dags/olist_pipeline_dag.py for tasks to queue
[2026-06-04T17:03:33.047+0000] {logging_mixin.py:190} INFO - [2026-06-04T17:03:33.047+0000] {dagbag.py:588} INFO - Filling up the DagBag from /opt/airflow/dags/olist_pipeline_dag.py
[2026-06-04T17:03:33.077+0000] {processor.py:925} INFO - DAG(s) 'olist_master_pipeline' retrieved from /opt/airflow/dags/olist_pipeline_dag.py
[2026-06-04T17:03:33.122+0000] {logging_mixin.py:190} INFO - [2026-06-04T17:03:33.122+0000] {dag.py:3239} INFO - Sync 1 DAGs
[2026-06-04T17:03:33.135+0000] {logging_mixin.py:190} INFO - [2026-06-04T17:03:33.135+0000] {dag.py:4180} INFO - Setting next_dagrun for olist_master_pipeline to None, run_after=None
[2026-06-04T17:03:33.148+0000] {processor.py:208} INFO - Processing /opt/airflow/dags/olist_pipeline_dag.py took 0.117 seconds
[2026-06-04T17:04:03.451+0000] {processor.py:186} INFO - Started process (PID=616) to work on /opt/airflow/dags/olist_pipeline_dag.py
[2026-06-04T17:04:03.455+0000] {processor.py:914} INFO - Processing file /opt/airflow/dags/olist_pipeline_dag.py for tasks to queue
[2026-06-04T17:04:03.459+0000] {logging_mixin.py:190} INFO - [2026-06-04T17:04:03.458+0000] {dagbag.py:588} INFO - Filling up the DagBag from /opt/airflow/dags/olist_pipeline_dag.py
[2026-06-04T17:04:03.473+0000] {processor.py:925} INFO - DAG(s) 'olist_master_pipeline' retrieved from /opt/airflow/dags/olist_pipeline_dag.py
[2026-06-04T17:04:03.507+0000] {logging_mixin.py:190} INFO - [2026-06-04T17:04:03.507+0000] {dag.py:3239} INFO - Sync 1 DAGs
[2026-06-04T17:04:03.522+0000] {logging_mixin.py:190} INFO - [2026-06-04T17:04:03.521+0000] {dag.py:4180} INFO - Setting next_dagrun for olist_master_pipeline to None, run_after=None
[2026-06-04T17:04:03.537+0000] {processor.py:208} INFO - Processing /opt/airflow/dags/olist_pipeline_dag.py took 0.105 seconds
[2026-06-04T17:04:33.876+0000] {processor.py:186} INFO - Started process (PID=621) to work on /opt/airflow/dags/olist_pipeline_dag.py
[2026-06-04T17:04:33.880+0000] {processor.py:914} INFO - Processing file /opt/airflow/dags/olist_pipeline_dag.py for tasks to queue
[2026-06-04T17:04:33.886+0000] {logging_mixin.py:190} INFO - [2026-06-04T17:04:33.885+0000] {dagbag.py:588} INFO - Filling up the DagBag from /opt/airflow/dags/olist_pipeline_dag.py
[2026-06-04T17:04:33.905+0000] {processor.py:925} INFO - DAG(s) 'olist_master_pipeline' retrieved from /opt/airflow/dags/olist_pipeline_dag.py
[2026-06-04T17:04:33.976+0000] {logging_mixin.py:190} INFO - [2026-06-04T17:04:33.976+0000] {dag.py:3239} INFO - Sync 1 DAGs
[2026-06-04T17:04:34.030+0000] {logging_mixin.py:190} INFO - [2026-06-04T17:04:34.029+0000] {dag.py:4180} INFO - Setting next_dagrun for olist_master_pipeline to None, run_after=None
[2026-06-04T17:04:34.076+0000] {processor.py:208} INFO - Processing /opt/airflow/dags/olist_pipeline_dag.py took 0.230 seconds
[2026-06-04T17:05:04.390+0000] {processor.py:186} INFO - Started process (PID=626) to work on /opt/airflow/dags/olist_pipeline_dag.py
[2026-06-04T17:05:04.393+0000] {processor.py:914} INFO - Processing file /opt/airflow/dags/olist_pipeline_dag.py for tasks to queue
[2026-06-04T17:05:04.398+0000] {logging_mixin.py:190} INFO - [2026-06-04T17:05:04.398+0000] {dagbag.py:588} INFO - Filling up the DagBag from /opt/airflow/dags/olist_pipeline_dag.py
[2026-06-04T17:05:04.413+0000] {processor.py:925} INFO - DAG(s) 'olist_master_pipeline' retrieved from /opt/airflow/dags/olist_pipeline_dag.py
[2026-06-04T17:05:04.513+0000] {logging_mixin.py:190} INFO - [2026-06-04T17:05:04.513+0000] {dag.py:3239} INFO - Sync 1 DAGs
[2026-06-04T17:05:04.535+0000] {logging_mixin.py:190} INFO - [2026-06-04T17:05:04.535+0000] {dag.py:4180} INFO - Setting next_dagrun for olist_master_pipeline to None, run_after=None
[2026-06-04T17:05:04.550+0000] {processor.py:208} INFO - Processing /opt/airflow/dags/olist_pipeline_dag.py took 0.172 seconds
[2026-06-04T17:05:34.946+0000] {processor.py:186} INFO - Started process (PID=631) to work on /opt/airflow/dags/olist_pipeline_dag.py
[2026-06-04T17:05:34.949+0000] {processor.py:914} INFO - Processing file /opt/airflow/dags/olist_pipeline_dag.py for tasks to queue
[2026-06-04T17:05:34.955+0000] {logging_mixin.py:190} INFO - [2026-06-04T17:05:34.954+0000] {dagbag.py:588} INFO - Filling up the DagBag from /opt/airflow/dags/olist_pipeline_dag.py
[2026-06-04T17:05:34.971+0000] {processor.py:925} INFO - DAG(s) 'olist_master_pipeline' retrieved from /opt/airflow/dags/olist_pipeline_dag.py
[2026-06-04T17:05:35.006+0000] {logging_mixin.py:190} INFO - [2026-06-04T17:05:35.006+0000] {dag.py:3239} INFO - Sync 1 DAGs
[2026-06-04T17:05:35.038+0000] {logging_mixin.py:190} INFO - [2026-06-04T17:05:35.038+0000] {dag.py:4180} INFO - Setting next_dagrun for olist_master_pipeline to None, run_after=None
[2026-06-04T17:05:35.052+0000] {processor.py:208} INFO - Processing /opt/airflow/dags/olist_pipeline_dag.py took 0.114 seconds
[2026-06-04T17:06:05.558+0000] {processor.py:186} INFO - Started process (PID=636) to work on /opt/airflow/dags/olist_pipeline_dag.py
[2026-06-04T17:06:05.561+0000] {processor.py:914} INFO - Processing file /opt/airflow/dags/olist_pipeline_dag.py for tasks to queue
[2026-06-04T17:06:05.565+0000] {logging_mixin.py:190} INFO - [2026-06-04T17:06:05.564+0000] {dagbag.py:588} INFO - Filling up the DagBag from /opt/airflow/dags/olist_pipeline_dag.py
[2026-06-04T17:06:05.580+0000] {processor.py:925} INFO - DAG(s) 'olist_master_pipeline' retrieved from /opt/airflow/dags/olist_pipeline_dag.py
[2026-06-04T17:06:05.634+0000] {logging_mixin.py:190} INFO - [2026-06-04T17:06:05.633+0000] {dag.py:3239} INFO - Sync 1 DAGs
[2026-06-04T17:06:05.655+0000] {logging_mixin.py:190} INFO - [2026-06-04T17:06:05.655+0000] {dag.py:4180} INFO - Setting next_dagrun for olist_master_pipeline to None, run_after=None
[2026-06-04T17:06:05.669+0000] {processor.py:208} INFO - Processing /opt/airflow/dags/olist_pipeline_dag.py took 0.120 seconds
[2026-06-04T17:06:36.072+0000] {processor.py:186} INFO - Started process (PID=641) to work on /opt/airflow/dags/olist_pipeline_dag.py
[2026-06-04T17:06:36.077+0000] {processor.py:914} INFO - Processing file /opt/airflow/dags/olist_pipeline_dag.py for tasks to queue
[2026-06-04T17:06:36.082+0000] {logging_mixin.py:190} INFO - [2026-06-04T17:06:36.082+0000] {dagbag.py:588} INFO - Filling up the DagBag from /opt/airflow/dags/olist_pipeline_dag.py
[2026-06-04T17:06:36.101+0000] {processor.py:925} INFO - DAG(s) 'olist_master_pipeline' retrieved from /opt/airflow/dags/olist_pipeline_dag.py
[2026-06-04T17:06:36.157+0000] {logging_mixin.py:190} INFO - [2026-06-04T17:06:36.157+0000] {dag.py:3239} INFO - Sync 1 DAGs
[2026-06-04T17:06:36.176+0000] {logging_mixin.py:190} INFO - [2026-06-04T17:06:36.176+0000] {dag.py:4180} INFO - Setting next_dagrun for olist_master_pipeline to None, run_after=None
[2026-06-04T17:06:36.195+0000] {processor.py:208} INFO - Processing /opt/airflow/dags/olist_pipeline_dag.py took 0.133 seconds
[2026-06-04T17:07:06.467+0000] {processor.py:186} INFO - Started process (PID=646) to work on /opt/airflow/dags/olist_pipeline_dag.py
[2026-06-04T17:07:06.470+0000] {processor.py:914} INFO - Processing file /opt/airflow/dags/olist_pipeline_dag.py for tasks to queue
[2026-06-04T17:07:06.474+0000] {logging_mixin.py:190} INFO - [2026-06-04T17:07:06.473+0000] {dagbag.py:588} INFO - Filling up the DagBag from /opt/airflow/dags/olist_pipeline_dag.py
[2026-06-04T17:07:06.506+0000] {processor.py:925} INFO - DAG(s) 'olist_master_pipeline' retrieved from /opt/airflow/dags/olist_pipeline_dag.py
[2026-06-04T17:07:06.542+0000] {logging_mixin.py:190} INFO - [2026-06-04T17:07:06.542+0000] {dag.py:3239} INFO - Sync 1 DAGs
[2026-06-04T17:07:06.556+0000] {logging_mixin.py:190} INFO - [2026-06-04T17:07:06.556+0000] {dag.py:4180} INFO - Setting next_dagrun for olist_master_pipeline to None, run_after=None
[2026-06-04T17:07:06.569+0000] {processor.py:208} INFO - Processing /opt/airflow/dags/olist_pipeline_dag.py took 0.112 seconds
[2026-06-04T17:07:37.093+0000] {processor.py:186} INFO - Started process (PID=651) to work on /opt/airflow/dags/olist_pipeline_dag.py
[2026-06-04T17:07:37.097+0000] {processor.py:914} INFO - Processing file /opt/airflow/dags/olist_pipeline_dag.py for tasks to queue
[2026-06-04T17:07:37.103+0000] {logging_mixin.py:190} INFO - [2026-06-04T17:07:37.101+0000] {dagbag.py:588} INFO - Filling up the DagBag from /opt/airflow/dags/olist_pipeline_dag.py
[2026-06-04T17:07:37.133+0000] {processor.py:925} INFO - DAG(s) 'olist_master_pipeline' retrieved from /opt/airflow/dags/olist_pipeline_dag.py
[2026-06-04T17:07:37.168+0000] {logging_mixin.py:190} INFO - [2026-06-04T17:07:37.168+0000] {dag.py:3239} INFO - Sync 1 DAGs
[2026-06-04T17:07:37.194+0000] {logging_mixin.py:190} INFO - [2026-06-04T17:07:37.194+0000] {dag.py:4180} INFO - Setting next_dagrun for olist_master_pipeline to None, run_after=None
[2026-06-04T17:07:37.208+0000] {processor.py:208} INFO - Processing /opt/airflow/dags/olist_pipeline_dag.py took 0.123 seconds
[2026-06-04T17:08:07.602+0000] {processor.py:186} INFO - Started process (PID=656) to work on /opt/airflow/dags/olist_pipeline_dag.py
[2026-06-04T17:08:07.605+0000] {processor.py:914} INFO - Processing file /opt/airflow/dags/olist_pipeline_dag.py for tasks to queue
[2026-06-04T17:08:07.609+0000] {logging_mixin.py:190} INFO - [2026-06-04T17:08:07.609+0000] {dagbag.py:588} INFO - Filling up the DagBag from /opt/airflow/dags/olist_pipeline_dag.py
[2026-06-04T17:08:07.643+0000] {processor.py:925} INFO - DAG(s) 'olist_master_pipeline' retrieved from /opt/airflow/dags/olist_pipeline_dag.py
[2026-06-04T17:08:07.678+0000] {logging_mixin.py:190} INFO - [2026-06-04T17:08:07.678+0000] {dag.py:3239} INFO - Sync 1 DAGs
[2026-06-04T17:08:07.701+0000] {logging_mixin.py:190} INFO - [2026-06-04T17:08:07.701+0000] {dag.py:4180} INFO - Setting next_dagrun for olist_master_pipeline to None, run_after=None
[2026-06-04T17:08:07.715+0000] {processor.py:208} INFO - Processing /opt/airflow/dags/olist_pipeline_dag.py took 0.121 seconds
[2026-06-04T17:08:38.213+0000] {processor.py:186} INFO - Started process (PID=661) to work on /opt/airflow/dags/olist_pipeline_dag.py
[2026-06-04T17:08:38.215+0000] {processor.py:914} INFO - Processing file /opt/airflow/dags/olist_pipeline_dag.py for tasks to queue
[2026-06-04T17:08:38.219+0000] {logging_mixin.py:190} INFO - [2026-06-04T17:08:38.219+0000] {dagbag.py:588} INFO - Filling up the DagBag from /opt/airflow/dags/olist_pipeline_dag.py
[2026-06-04T17:08:38.236+0000] {processor.py:925} INFO - DAG(s) 'olist_master_pipeline' retrieved from /opt/airflow/dags/olist_pipeline_dag.py
[2026-06-04T17:08:38.269+0000] {logging_mixin.py:190} INFO - [2026-06-04T17:08:38.269+0000] {dag.py:3239} INFO - Sync 1 DAGs
[2026-06-04T17:08:38.291+0000] {logging_mixin.py:190} INFO - [2026-06-04T17:08:38.291+0000] {dag.py:4180} INFO - Setting next_dagrun for olist_master_pipeline to None, run_after=None
[2026-06-04T17:08:38.306+0000] {processor.py:208} INFO - Processing /opt/airflow/dags/olist_pipeline_dag.py took 0.102 seconds
[2026-06-04T17:09:08.855+0000] {processor.py:186} INFO - Started process (PID=666) to work on /opt/airflow/dags/olist_pipeline_dag.py
[2026-06-04T17:09:08.858+0000] {processor.py:914} INFO - Processing file /opt/airflow/dags/olist_pipeline_dag.py for tasks to queue
[2026-06-04T17:09:08.863+0000] {logging_mixin.py:190} INFO - [2026-06-04T17:09:08.862+0000] {dagbag.py:588} INFO - Filling up the DagBag from /opt/airflow/dags/olist_pipeline_dag.py
[2026-06-04T17:09:08.878+0000] {processor.py:925} INFO - DAG(s) 'olist_master_pipeline' retrieved from /opt/airflow/dags/olist_pipeline_dag.py
[2026-06-04T17:09:08.916+0000] {logging_mixin.py:190} INFO - [2026-06-04T17:09:08.916+0000] {dag.py:3239} INFO - Sync 1 DAGs
[2026-06-04T17:09:08.929+0000] {logging_mixin.py:190} INFO - [2026-06-04T17:09:08.929+0000] {dag.py:4180} INFO - Setting next_dagrun for olist_master_pipeline to None, run_after=None
[2026-06-04T17:09:08.942+0000] {processor.py:208} INFO - Processing /opt/airflow/dags/olist_pipeline_dag.py took 0.100 seconds
[2026-06-04T17:09:39.408+0000] {processor.py:186} INFO - Started process (PID=671) to work on /opt/airflow/dags/olist_pipeline_dag.py
[2026-06-04T17:09:39.411+0000] {processor.py:914} INFO - Processing file /opt/airflow/dags/olist_pipeline_dag.py for tasks to queue
[2026-06-04T17:09:39.415+0000] {logging_mixin.py:190} INFO - [2026-06-04T17:09:39.415+0000] {dagbag.py:588} INFO - Filling up the DagBag from /opt/airflow/dags/olist_pipeline_dag.py
[2026-06-04T17:09:39.429+0000] {processor.py:925} INFO - DAG(s) 'olist_master_pipeline' retrieved from /opt/airflow/dags/olist_pipeline_dag.py
[2026-06-04T17:09:39.463+0000] {logging_mixin.py:190} INFO - [2026-06-04T17:09:39.463+0000] {dag.py:3239} INFO - Sync 1 DAGs
[2026-06-04T17:09:39.477+0000] {logging_mixin.py:190} INFO - [2026-06-04T17:09:39.477+0000] {dag.py:4180} INFO - Setting next_dagrun for olist_master_pipeline to None, run_after=None
[2026-06-04T17:09:39.494+0000] {processor.py:208} INFO - Processing /opt/airflow/dags/olist_pipeline_dag.py took 0.107 seconds
[2026-06-04T17:10:09.887+0000] {processor.py:186} INFO - Started process (PID=676) to work on /opt/airflow/dags/olist_pipeline_dag.py
[2026-06-04T17:10:09.897+0000] {processor.py:914} INFO - Processing file /opt/airflow/dags/olist_pipeline_dag.py for tasks to queue
[2026-06-04T17:10:09.902+0000] {logging_mixin.py:190} INFO - [2026-06-04T17:10:09.901+0000] {dagbag.py:588} INFO - Filling up the DagBag from /opt/airflow/dags/olist_pipeline_dag.py
[2026-06-04T17:10:09.919+0000] {processor.py:925} INFO - DAG(s) 'olist_master_pipeline' retrieved from /opt/airflow/dags/olist_pipeline_dag.py
[2026-06-04T17:10:09.955+0000] {logging_mixin.py:190} INFO - [2026-06-04T17:10:09.954+0000] {dag.py:3239} INFO - Sync 1 DAGs
[2026-06-04T17:10:09.969+0000] {logging_mixin.py:190} INFO - [2026-06-04T17:10:09.969+0000] {dag.py:4180} INFO - Setting next_dagrun for olist_master_pipeline to None, run_after=None
[2026-06-04T17:10:09.982+0000] {processor.py:208} INFO - Processing /opt/airflow/dags/olist_pipeline_dag.py took 0.128 seconds
[2026-06-04T17:10:40.456+0000] {processor.py:186} INFO - Started process (PID=681) to work on /opt/airflow/dags/olist_pipeline_dag.py
[2026-06-04T17:10:40.460+0000] {processor.py:914} INFO - Processing file /opt/airflow/dags/olist_pipeline_dag.py for tasks to queue
[2026-06-04T17:10:40.464+0000] {logging_mixin.py:190} INFO - [2026-06-04T17:10:40.463+0000] {dagbag.py:588} INFO - Filling up the DagBag from /opt/airflow/dags/olist_pipeline_dag.py
[2026-06-04T17:10:40.480+0000] {processor.py:925} INFO - DAG(s) 'olist_master_pipeline' retrieved from /opt/airflow/dags/olist_pipeline_dag.py
[2026-06-04T17:10:40.549+0000] {logging_mixin.py:190} INFO - [2026-06-04T17:10:40.548+0000] {dag.py:3239} INFO - Sync 1 DAGs
[2026-06-04T17:10:40.563+0000] {logging_mixin.py:190} INFO - [2026-06-04T17:10:40.563+0000] {dag.py:4180} INFO - Setting next_dagrun for olist_master_pipeline to None, run_after=None
[2026-06-04T17:10:40.576+0000] {processor.py:208} INFO - Processing /opt/airflow/dags/olist_pipeline_dag.py took 0.127 seconds
[2026-06-04T17:11:11.036+0000] {processor.py:186} INFO - Started process (PID=686) to work on /opt/airflow/dags/olist_pipeline_dag.py
[2026-06-04T17:11:11.039+0000] {processor.py:914} INFO - Processing file /opt/airflow/dags/olist_pipeline_dag.py for tasks to queue
[2026-06-04T17:11:11.043+0000] {logging_mixin.py:190} INFO - [2026-06-04T17:11:11.042+0000] {dagbag.py:588} INFO - Filling up the DagBag from /opt/airflow/dags/olist_pipeline_dag.py
[2026-06-04T17:11:11.058+0000] {processor.py:925} INFO - DAG(s) 'olist_master_pipeline' retrieved from /opt/airflow/dags/olist_pipeline_dag.py
[2026-06-04T17:11:11.109+0000] {logging_mixin.py:190} INFO - [2026-06-04T17:11:11.109+0000] {dag.py:3239} INFO - Sync 1 DAGs
[2026-06-04T17:11:11.129+0000] {logging_mixin.py:190} INFO - [2026-06-04T17:11:11.129+0000] {dag.py:4180} INFO - Setting next_dagrun for olist_master_pipeline to None, run_after=None
[2026-06-04T17:11:11.143+0000] {processor.py:208} INFO - Processing /opt/airflow/dags/olist_pipeline_dag.py took 0.115 seconds
[2026-06-04T17:11:41.588+0000] {processor.py:186} INFO - Started process (PID=691) to work on /opt/airflow/dags/olist_pipeline_dag.py
[2026-06-04T17:11:41.591+0000] {processor.py:914} INFO - Processing file /opt/airflow/dags/olist_pipeline_dag.py for tasks to queue
[2026-06-04T17:11:41.595+0000] {logging_mixin.py:190} INFO - [2026-06-04T17:11:41.594+0000] {dagbag.py:588} INFO - Filling up the DagBag from /opt/airflow/dags/olist_pipeline_dag.py
[2026-06-04T17:11:41.621+0000] {processor.py:925} INFO - DAG(s) 'olist_master_pipeline' retrieved from /opt/airflow/dags/olist_pipeline_dag.py
[2026-06-04T17:11:41.654+0000] {logging_mixin.py:190} INFO - [2026-06-04T17:11:41.654+0000] {dag.py:3239} INFO - Sync 1 DAGs
[2026-06-04T17:11:41.667+0000] {logging_mixin.py:190} INFO - [2026-06-04T17:11:41.666+0000] {dag.py:4180} INFO - Setting next_dagrun for olist_master_pipeline to None, run_after=None
[2026-06-04T17:11:41.711+0000] {processor.py:208} INFO - Processing /opt/airflow/dags/olist_pipeline_dag.py took 0.130 seconds
[2026-06-04T17:12:12.096+0000] {processor.py:186} INFO - Started process (PID=696) to work on /opt/airflow/dags/olist_pipeline_dag.py
[2026-06-04T17:12:12.099+0000] {processor.py:914} INFO - Processing file /opt/airflow/dags/olist_pipeline_dag.py for tasks to queue
[2026-06-04T17:12:12.103+0000] {logging_mixin.py:190} INFO - [2026-06-04T17:12:12.102+0000] {dagbag.py:588} INFO - Filling up the DagBag from /opt/airflow/dags/olist_pipeline_dag.py
[2026-06-04T17:12:12.118+0000] {processor.py:925} INFO - DAG(s) 'olist_master_pipeline' retrieved from /opt/airflow/dags/olist_pipeline_dag.py
[2026-06-04T17:12:12.167+0000] {logging_mixin.py:190} INFO - [2026-06-04T17:12:12.166+0000] {dag.py:3239} INFO - Sync 1 DAGs
[2026-06-04T17:12:12.183+0000] {logging_mixin.py:190} INFO - [2026-06-04T17:12:12.183+0000] {dag.py:4180} INFO - Setting next_dagrun for olist_master_pipeline to None, run_after=None
[2026-06-04T17:12:12.204+0000] {processor.py:208} INFO - Processing /opt/airflow/dags/olist_pipeline_dag.py took 0.114 seconds
[2026-06-04T17:12:42.517+0000] {processor.py:186} INFO - Started process (PID=701) to work on /opt/airflow/dags/olist_pipeline_dag.py
[2026-06-04T17:12:42.520+0000] {processor.py:914} INFO - Processing file /opt/airflow/dags/olist_pipeline_dag.py for tasks to queue
[2026-06-04T17:12:42.525+0000] {logging_mixin.py:190} INFO - [2026-06-04T17:12:42.524+0000] {dagbag.py:588} INFO - Filling up the DagBag from /opt/airflow/dags/olist_pipeline_dag.py
[2026-06-04T17:12:42.550+0000] {processor.py:925} INFO - DAG(s) 'olist_master_pipeline' retrieved from /opt/airflow/dags/olist_pipeline_dag.py
[2026-06-04T17:12:42.642+0000] {logging_mixin.py:190} INFO - [2026-06-04T17:12:42.641+0000] {dag.py:3239} INFO - Sync 1 DAGs
[2026-06-04T17:12:42.718+0000] {logging_mixin.py:190} INFO - [2026-06-04T17:12:42.718+0000] {dag.py:4180} INFO - Setting next_dagrun for olist_master_pipeline to None, run_after=None
[2026-06-04T17:12:42.736+0000] {processor.py:208} INFO - Processing /opt/airflow/dags/olist_pipeline_dag.py took 0.230 seconds
[2026-06-04T17:13:13.194+0000] {processor.py:186} INFO - Started process (PID=706) to work on /opt/airflow/dags/olist_pipeline_dag.py
[2026-06-04T17:13:13.197+0000] {processor.py:914} INFO - Processing file /opt/airflow/dags/olist_pipeline_dag.py for tasks to queue
[2026-06-04T17:13:13.201+0000] {logging_mixin.py:190} INFO - [2026-06-04T17:13:13.201+0000] {dagbag.py:588} INFO - Filling up the DagBag from /opt/airflow/dags/olist_pipeline_dag.py
[2026-06-04T17:13:13.217+0000] {processor.py:925} INFO - DAG(s) 'olist_master_pipeline' retrieved from /opt/airflow/dags/olist_pipeline_dag.py
[2026-06-04T17:13:13.259+0000] {logging_mixin.py:190} INFO - [2026-06-04T17:13:13.259+0000] {dag.py:3239} INFO - Sync 1 DAGs
[2026-06-04T17:13:13.277+0000] {logging_mixin.py:190} INFO - [2026-06-04T17:13:13.277+0000] {dag.py:4180} INFO - Setting next_dagrun for olist_master_pipeline to None, run_after=None
[2026-06-04T17:13:13.292+0000] {processor.py:208} INFO - Processing /opt/airflow/dags/olist_pipeline_dag.py took 0.106 seconds
[2026-06-04T17:13:43.795+0000] {processor.py:186} INFO - Started process (PID=711) to work on /opt/airflow/dags/olist_pipeline_dag.py
[2026-06-04T17:13:43.799+0000] {processor.py:914} INFO - Processing file /opt/airflow/dags/olist_pipeline_dag.py for tasks to queue
[2026-06-04T17:13:43.810+0000] {logging_mixin.py:190} INFO - [2026-06-04T17:13:43.809+0000] {dagbag.py:588} INFO - Filling up the DagBag from /opt/airflow/dags/olist_pipeline_dag.py
[2026-06-04T17:13:43.829+0000] {processor.py:925} INFO - DAG(s) 'olist_master_pipeline' retrieved from /opt/airflow/dags/olist_pipeline_dag.py
[2026-06-04T17:13:43.870+0000] {logging_mixin.py:190} INFO - [2026-06-04T17:13:43.869+0000] {dag.py:3239} INFO - Sync 1 DAGs
[2026-06-04T17:13:43.895+0000] {logging_mixin.py:190} INFO - [2026-06-04T17:13:43.895+0000] {dag.py:4180} INFO - Setting next_dagrun for olist_master_pipeline to None, run_after=None
[2026-06-04T17:13:43.908+0000] {processor.py:208} INFO - Processing /opt/airflow/dags/olist_pipeline_dag.py took 0.128 seconds
[2026-06-04T17:14:14.428+0000] {processor.py:186} INFO - Started process (PID=716) to work on /opt/airflow/dags/olist_pipeline_dag.py
[2026-06-04T17:14:14.431+0000] {processor.py:914} INFO - Processing file /opt/airflow/dags/olist_pipeline_dag.py for tasks to queue
[2026-06-04T17:14:14.435+0000] {logging_mixin.py:190} INFO - [2026-06-04T17:14:14.434+0000] {dagbag.py:588} INFO - Filling up the DagBag from /opt/airflow/dags/olist_pipeline_dag.py
[2026-06-04T17:14:14.449+0000] {processor.py:925} INFO - DAG(s) 'olist_master_pipeline' retrieved from /opt/airflow/dags/olist_pipeline_dag.py
[2026-06-04T17:14:14.493+0000] {logging_mixin.py:190} INFO - [2026-06-04T17:14:14.493+0000] {dag.py:3239} INFO - Sync 1 DAGs
[2026-06-04T17:14:14.510+0000] {logging_mixin.py:190} INFO - [2026-06-04T17:14:14.510+0000] {dag.py:4180} INFO - Setting next_dagrun for olist_master_pipeline to None, run_after=None
[2026-06-04T17:14:14.524+0000] {processor.py:208} INFO - Processing /opt/airflow/dags/olist_pipeline_dag.py took 0.104 seconds
[2026-06-04T17:14:44.976+0000] {processor.py:186} INFO - Started process (PID=721) to work on /opt/airflow/dags/olist_pipeline_dag.py
[2026-06-04T17:14:44.979+0000] {processor.py:914} INFO - Processing file /opt/airflow/dags/olist_pipeline_dag.py for tasks to queue
[2026-06-04T17:14:44.982+0000] {logging_mixin.py:190} INFO - [2026-06-04T17:14:44.982+0000] {dagbag.py:588} INFO - Filling up the DagBag from /opt/airflow/dags/olist_pipeline_dag.py
[2026-06-04T17:14:44.997+0000] {processor.py:925} INFO - DAG(s) 'olist_master_pipeline' retrieved from /opt/airflow/dags/olist_pipeline_dag.py
[2026-06-04T17:14:45.032+0000] {logging_mixin.py:190} INFO - [2026-06-04T17:14:45.031+0000] {dag.py:3239} INFO - Sync 1 DAGs
[2026-06-04T17:14:45.047+0000] {logging_mixin.py:190} INFO - [2026-06-04T17:14:45.047+0000] {dag.py:4180} INFO - Setting next_dagrun for olist_master_pipeline to None, run_after=None
[2026-06-04T17:14:45.076+0000] {processor.py:208} INFO - Processing /opt/airflow/dags/olist_pipeline_dag.py took 0.118 seconds
[2026-06-04T17:15:15.552+0000] {processor.py:186} INFO - Started process (PID=726) to work on /opt/airflow/dags/olist_pipeline_dag.py
[2026-06-04T17:15:15.555+0000] {processor.py:914} INFO - Processing file /opt/airflow/dags/olist_pipeline_dag.py for tasks to queue
[2026-06-04T17:15:15.560+0000] {logging_mixin.py:190} INFO - [2026-06-04T17:15:15.559+0000] {dagbag.py:588} INFO - Filling up the DagBag from /opt/airflow/dags/olist_pipeline_dag.py
[2026-06-04T17:15:15.576+0000] {processor.py:925} INFO - DAG(s) 'olist_master_pipeline' retrieved from /opt/airflow/dags/olist_pipeline_dag.py
[2026-06-04T17:15:15.620+0000] {logging_mixin.py:190} INFO - [2026-06-04T17:15:15.620+0000] {dag.py:3239} INFO - Sync 1 DAGs
[2026-06-04T17:15:15.634+0000] {logging_mixin.py:190} INFO - [2026-06-04T17:15:15.634+0000] {dag.py:4180} INFO - Setting next_dagrun for olist_master_pipeline to None, run_after=None
[2026-06-04T17:15:15.649+0000] {processor.py:208} INFO - Processing /opt/airflow/dags/olist_pipeline_dag.py took 0.114 seconds
[2026-06-04T17:15:46.062+0000] {processor.py:186} INFO - Started process (PID=731) to work on /opt/airflow/dags/olist_pipeline_dag.py
[2026-06-04T17:15:46.066+0000] {processor.py:914} INFO - Processing file /opt/airflow/dags/olist_pipeline_dag.py for tasks to queue
[2026-06-04T17:15:46.078+0000] {logging_mixin.py:190} INFO - [2026-06-04T17:15:46.076+0000] {dagbag.py:588} INFO - Filling up the DagBag from /opt/airflow/dags/olist_pipeline_dag.py
[2026-06-04T17:15:46.097+0000] {processor.py:925} INFO - DAG(s) 'olist_master_pipeline' retrieved from /opt/airflow/dags/olist_pipeline_dag.py
[2026-06-04T17:15:46.144+0000] {logging_mixin.py:190} INFO - [2026-06-04T17:15:46.144+0000] {dag.py:3239} INFO - Sync 1 DAGs
[2026-06-04T17:15:46.158+0000] {logging_mixin.py:190} INFO - [2026-06-04T17:15:46.158+0000] {dag.py:4180} INFO - Setting next_dagrun for olist_master_pipeline to None, run_after=None
[2026-06-04T17:15:46.172+0000] {processor.py:208} INFO - Processing /opt/airflow/dags/olist_pipeline_dag.py took 0.119 seconds
[2026-06-04T17:16:16.682+0000] {processor.py:186} INFO - Started process (PID=736) to work on /opt/airflow/dags/olist_pipeline_dag.py
[2026-06-04T17:16:16.685+0000] {processor.py:914} INFO - Processing file /opt/airflow/dags/olist_pipeline_dag.py for tasks to queue
[2026-06-04T17:16:16.690+0000] {logging_mixin.py:190} INFO - [2026-06-04T17:16:16.689+0000] {dagbag.py:588} INFO - Filling up the DagBag from /opt/airflow/dags/olist_pipeline_dag.py
[2026-06-04T17:16:16.707+0000] {processor.py:925} INFO - DAG(s) 'olist_master_pipeline' retrieved from /opt/airflow/dags/olist_pipeline_dag.py
[2026-06-04T17:16:16.755+0000] {logging_mixin.py:190} INFO - [2026-06-04T17:16:16.755+0000] {dag.py:3239} INFO - Sync 1 DAGs
[2026-06-04T17:16:16.768+0000] {logging_mixin.py:190} INFO - [2026-06-04T17:16:16.768+0000] {dag.py:4180} INFO - Setting next_dagrun for olist_master_pipeline to None, run_after=None
[2026-06-04T17:16:16.782+0000] {processor.py:208} INFO - Processing /opt/airflow/dags/olist_pipeline_dag.py took 0.111 seconds
[2026-06-04T17:16:47.226+0000] {processor.py:186} INFO - Started process (PID=741) to work on /opt/airflow/dags/olist_pipeline_dag.py
[2026-06-04T17:16:47.228+0000] {processor.py:914} INFO - Processing file /opt/airflow/dags/olist_pipeline_dag.py for tasks to queue
[2026-06-04T17:16:47.232+0000] {logging_mixin.py:190} INFO - [2026-06-04T17:16:47.231+0000] {dagbag.py:588} INFO - Filling up the DagBag from /opt/airflow/dags/olist_pipeline_dag.py
[2026-06-04T17:16:47.248+0000] {processor.py:925} INFO - DAG(s) 'olist_master_pipeline' retrieved from /opt/airflow/dags/olist_pipeline_dag.py
[2026-06-04T17:16:47.292+0000] {logging_mixin.py:190} INFO - [2026-06-04T17:16:47.292+0000] {dag.py:3239} INFO - Sync 1 DAGs
[2026-06-04T17:16:47.314+0000] {logging_mixin.py:190} INFO - [2026-06-04T17:16:47.314+0000] {dag.py:4180} INFO - Setting next_dagrun for olist_master_pipeline to None, run_after=None
[2026-06-04T17:16:47.332+0000] {processor.py:208} INFO - Processing /opt/airflow/dags/olist_pipeline_dag.py took 0.113 seconds
[2026-06-04T17:17:17.724+0000] {processor.py:186} INFO - Started process (PID=746) to work on /opt/airflow/dags/olist_pipeline_dag.py
[2026-06-04T17:17:17.727+0000] {processor.py:914} INFO - Processing file /opt/airflow/dags/olist_pipeline_dag.py for tasks to queue
[2026-06-04T17:17:17.745+0000] {logging_mixin.py:190} INFO - [2026-06-04T17:17:17.744+0000] {dagbag.py:588} INFO - Filling up the DagBag from /opt/airflow/dags/olist_pipeline_dag.py
[2026-06-04T17:17:17.761+0000] {processor.py:925} INFO - DAG(s) 'olist_master_pipeline' retrieved from /opt/airflow/dags/olist_pipeline_dag.py
[2026-06-04T17:17:17.812+0000] {logging_mixin.py:190} INFO - [2026-06-04T17:17:17.812+0000] {dag.py:3239} INFO - Sync 1 DAGs
[2026-06-04T17:17:17.838+0000] {logging_mixin.py:190} INFO - [2026-06-04T17:17:17.837+0000] {dag.py:4180} INFO - Setting next_dagrun for olist_master_pipeline to None, run_after=None
[2026-06-04T17:17:17.853+0000] {processor.py:208} INFO - Processing /opt/airflow/dags/olist_pipeline_dag.py took 0.139 seconds
[2026-06-04T17:17:48.329+0000] {processor.py:186} INFO - Started process (PID=751) to work on /opt/airflow/dags/olist_pipeline_dag.py
[2026-06-04T17:17:48.332+0000] {processor.py:914} INFO - Processing file /opt/airflow/dags/olist_pipeline_dag.py for tasks to queue
[2026-06-04T17:17:48.336+0000] {logging_mixin.py:190} INFO - [2026-06-04T17:17:48.336+0000] {dagbag.py:588} INFO - Filling up the DagBag from /opt/airflow/dags/olist_pipeline_dag.py
[2026-06-04T17:17:48.350+0000] {processor.py:925} INFO - DAG(s) 'olist_master_pipeline' retrieved from /opt/airflow/dags/olist_pipeline_dag.py
[2026-06-04T17:17:48.382+0000] {logging_mixin.py:190} INFO - [2026-06-04T17:17:48.381+0000] {dag.py:3239} INFO - Sync 1 DAGs
[2026-06-04T17:17:48.396+0000] {logging_mixin.py:190} INFO - [2026-06-04T17:17:48.396+0000] {dag.py:4180} INFO - Setting next_dagrun for olist_master_pipeline to None, run_after=None
[2026-06-04T17:17:48.425+0000] {processor.py:208} INFO - Processing /opt/airflow/dags/olist_pipeline_dag.py took 0.118 seconds
[2026-06-04T17:18:18.932+0000] {processor.py:186} INFO - Started process (PID=756) to work on /opt/airflow/dags/olist_pipeline_dag.py
[2026-06-04T17:18:18.934+0000] {processor.py:914} INFO - Processing file /opt/airflow/dags/olist_pipeline_dag.py for tasks to queue
[2026-06-04T17:18:18.940+0000] {logging_mixin.py:190} INFO - [2026-06-04T17:18:18.939+0000] {dagbag.py:588} INFO - Filling up the DagBag from /opt/airflow/dags/olist_pipeline_dag.py
[2026-06-04T17:18:18.958+0000] {processor.py:925} INFO - DAG(s) 'olist_master_pipeline' retrieved from /opt/airflow/dags/olist_pipeline_dag.py
[2026-06-04T17:18:19.000+0000] {logging_mixin.py:190} INFO - [2026-06-04T17:18:19.000+0000] {dag.py:3239} INFO - Sync 1 DAGs
[2026-06-04T17:18:19.014+0000] {logging_mixin.py:190} INFO - [2026-06-04T17:18:19.014+0000] {dag.py:4180} INFO - Setting next_dagrun for olist_master_pipeline to None, run_after=None
[2026-06-04T17:18:19.031+0000] {processor.py:208} INFO - Processing /opt/airflow/dags/olist_pipeline_dag.py took 0.107 seconds
[2026-06-04T17:18:49.431+0000] {processor.py:186} INFO - Started process (PID=761) to work on /opt/airflow/dags/olist_pipeline_dag.py
[2026-06-04T17:18:49.434+0000] {processor.py:914} INFO - Processing file /opt/airflow/dags/olist_pipeline_dag.py for tasks to queue
[2026-06-04T17:18:49.439+0000] {logging_mixin.py:190} INFO - [2026-06-04T17:18:49.438+0000] {dagbag.py:588} INFO - Filling up the DagBag from /opt/airflow/dags/olist_pipeline_dag.py
[2026-06-04T17:18:49.457+0000] {processor.py:925} INFO - DAG(s) 'olist_master_pipeline' retrieved from /opt/airflow/dags/olist_pipeline_dag.py
[2026-06-04T17:18:49.508+0000] {logging_mixin.py:190} INFO - [2026-06-04T17:18:49.508+0000] {dag.py:3239} INFO - Sync 1 DAGs
[2026-06-04T17:18:49.523+0000] {logging_mixin.py:190} INFO - [2026-06-04T17:18:49.523+0000] {dag.py:4180} INFO - Setting next_dagrun for olist_master_pipeline to None, run_after=None
[2026-06-04T17:18:49.536+0000] {processor.py:208} INFO - Processing /opt/airflow/dags/olist_pipeline_dag.py took 0.112 seconds
[2026-06-04T17:19:20.045+0000] {processor.py:186} INFO - Started process (PID=766) to work on /opt/airflow/dags/olist_pipeline_dag.py
[2026-06-04T17:19:20.048+0000] {processor.py:914} INFO - Processing file /opt/airflow/dags/olist_pipeline_dag.py for tasks to queue
[2026-06-04T17:19:20.059+0000] {logging_mixin.py:190} INFO - [2026-06-04T17:19:20.056+0000] {dagbag.py:588} INFO - Filling up the DagBag from /opt/airflow/dags/olist_pipeline_dag.py
[2026-06-04T17:19:20.077+0000] {processor.py:925} INFO - DAG(s) 'olist_master_pipeline' retrieved from /opt/airflow/dags/olist_pipeline_dag.py
[2026-06-04T17:19:20.125+0000] {logging_mixin.py:190} INFO - [2026-06-04T17:19:20.124+0000] {dag.py:3239} INFO - Sync 1 DAGs
[2026-06-04T17:19:20.152+0000] {logging_mixin.py:190} INFO - [2026-06-04T17:19:20.151+0000] {dag.py:4180} INFO - Setting next_dagrun for olist_master_pipeline to None, run_after=None
[2026-06-04T17:19:20.167+0000] {processor.py:208} INFO - Processing /opt/airflow/dags/olist_pipeline_dag.py took 0.128 seconds
[2026-06-04T17:19:50.666+0000] {processor.py:186} INFO - Started process (PID=771) to work on /opt/airflow/dags/olist_pipeline_dag.py
[2026-06-04T17:19:50.670+0000] {processor.py:914} INFO - Processing file /opt/airflow/dags/olist_pipeline_dag.py for tasks to queue
[2026-06-04T17:19:50.674+0000] {logging_mixin.py:190} INFO - [2026-06-04T17:19:50.674+0000] {dagbag.py:588} INFO - Filling up the DagBag from /opt/airflow/dags/olist_pipeline_dag.py
[2026-06-04T17:19:50.700+0000] {processor.py:925} INFO - DAG(s) 'olist_master_pipeline' retrieved from /opt/airflow/dags/olist_pipeline_dag.py
[2026-06-04T17:19:50.733+0000] {logging_mixin.py:190} INFO - [2026-06-04T17:19:50.732+0000] {dag.py:3239} INFO - Sync 1 DAGs
[2026-06-04T17:19:50.755+0000] {logging_mixin.py:190} INFO - [2026-06-04T17:19:50.755+0000] {dag.py:4180} INFO - Setting next_dagrun for olist_master_pipeline to None, run_after=None
[2026-06-04T17:19:50.769+0000] {processor.py:208} INFO - Processing /opt/airflow/dags/olist_pipeline_dag.py took 0.113 seconds
[2026-06-04T17:20:21.316+0000] {processor.py:186} INFO - Started process (PID=776) to work on /opt/airflow/dags/olist_pipeline_dag.py
[2026-06-04T17:20:21.318+0000] {processor.py:914} INFO - Processing file /opt/airflow/dags/olist_pipeline_dag.py for tasks to queue
[2026-06-04T17:20:21.323+0000] {logging_mixin.py:190} INFO - [2026-06-04T17:20:21.323+0000] {dagbag.py:588} INFO - Filling up the DagBag from /opt/airflow/dags/olist_pipeline_dag.py
[2026-06-04T17:20:21.345+0000] {processor.py:925} INFO - DAG(s) 'olist_master_pipeline' retrieved from /opt/airflow/dags/olist_pipeline_dag.py
[2026-06-04T17:20:21.391+0000] {logging_mixin.py:190} INFO - [2026-06-04T17:20:21.391+0000] {dag.py:3239} INFO - Sync 1 DAGs
[2026-06-04T17:20:21.405+0000] {logging_mixin.py:190} INFO - [2026-06-04T17:20:21.405+0000] {dag.py:4180} INFO - Setting next_dagrun for olist_master_pipeline to None, run_after=None
[2026-06-04T17:20:21.418+0000] {processor.py:208} INFO - Processing /opt/airflow/dags/olist_pipeline_dag.py took 0.113 seconds
[2026-06-04T17:20:51.902+0000] {processor.py:186} INFO - Started process (PID=781) to work on /opt/airflow/dags/olist_pipeline_dag.py
[2026-06-04T17:20:51.905+0000] {processor.py:914} INFO - Processing file /opt/airflow/dags/olist_pipeline_dag.py for tasks to queue
[2026-06-04T17:20:51.920+0000] {logging_mixin.py:190} INFO - [2026-06-04T17:20:51.917+0000] {dagbag.py:588} INFO - Filling up the DagBag from /opt/airflow/dags/olist_pipeline_dag.py
[2026-06-04T17:20:51.940+0000] {processor.py:925} INFO - DAG(s) 'olist_master_pipeline' retrieved from /opt/airflow/dags/olist_pipeline_dag.py
[2026-06-04T17:20:51.982+0000] {logging_mixin.py:190} INFO - [2026-06-04T17:20:51.982+0000] {dag.py:3239} INFO - Sync 1 DAGs
[2026-06-04T17:20:51.995+0000] {logging_mixin.py:190} INFO - [2026-06-04T17:20:51.995+0000] {dag.py:4180} INFO - Setting next_dagrun for olist_master_pipeline to None, run_after=None
[2026-06-04T17:20:52.010+0000] {processor.py:208} INFO - Processing /opt/airflow/dags/olist_pipeline_dag.py took 0.117 seconds
[2026-06-04T17:21:22.450+0000] {processor.py:186} INFO - Started process (PID=786) to work on /opt/airflow/dags/olist_pipeline_dag.py
[2026-06-04T17:21:22.452+0000] {processor.py:914} INFO - Processing file /opt/airflow/dags/olist_pipeline_dag.py for tasks to queue
[2026-06-04T17:21:22.457+0000] {logging_mixin.py:190} INFO - [2026-06-04T17:21:22.456+0000] {dagbag.py:588} INFO - Filling up the DagBag from /opt/airflow/dags/olist_pipeline_dag.py
[2026-06-04T17:21:22.472+0000] {processor.py:925} INFO - DAG(s) 'olist_master_pipeline' retrieved from /opt/airflow/dags/olist_pipeline_dag.py
[2026-06-04T17:21:22.540+0000] {logging_mixin.py:190} INFO - [2026-06-04T17:21:22.540+0000] {dag.py:3239} INFO - Sync 1 DAGs
[2026-06-04T17:21:22.556+0000] {logging_mixin.py:190} INFO - [2026-06-04T17:21:22.556+0000] {dag.py:4180} INFO - Setting next_dagrun for olist_master_pipeline to None, run_after=None
[2026-06-04T17:21:22.569+0000] {processor.py:208} INFO - Processing /opt/airflow/dags/olist_pipeline_dag.py took 0.127 seconds
[2026-06-04T17:21:53.012+0000] {processor.py:186} INFO - Started process (PID=791) to work on /opt/airflow/dags/olist_pipeline_dag.py
[2026-06-04T17:21:53.016+0000] {processor.py:914} INFO - Processing file /opt/airflow/dags/olist_pipeline_dag.py for tasks to queue
[2026-06-04T17:21:53.026+0000] {logging_mixin.py:190} INFO - [2026-06-04T17:21:53.025+0000] {dagbag.py:588} INFO - Filling up the DagBag from /opt/airflow/dags/olist_pipeline_dag.py
[2026-06-04T17:21:53.044+0000] {processor.py:925} INFO - DAG(s) 'olist_master_pipeline' retrieved from /opt/airflow/dags/olist_pipeline_dag.py
[2026-06-04T17:21:53.080+0000] {logging_mixin.py:190} INFO - [2026-06-04T17:21:53.080+0000] {dag.py:3239} INFO - Sync 1 DAGs
[2026-06-04T17:21:53.102+0000] {logging_mixin.py:190} INFO - [2026-06-04T17:21:53.101+0000] {dag.py:4180} INFO - Setting next_dagrun for olist_master_pipeline to None, run_after=None
[2026-06-04T17:21:53.122+0000] {processor.py:208} INFO - Processing /opt/airflow/dags/olist_pipeline_dag.py took 0.128 seconds
[2026-06-04T17:22:23.544+0000] {processor.py:186} INFO - Started process (PID=796) to work on /opt/airflow/dags/olist_pipeline_dag.py
[2026-06-04T17:22:23.548+0000] {processor.py:914} INFO - Processing file /opt/airflow/dags/olist_pipeline_dag.py for tasks to queue
[2026-06-04T17:22:23.552+0000] {logging_mixin.py:190} INFO - [2026-06-04T17:22:23.552+0000] {dagbag.py:588} INFO - Filling up the DagBag from /opt/airflow/dags/olist_pipeline_dag.py
[2026-06-04T17:22:23.567+0000] {processor.py:925} INFO - DAG(s) 'olist_master_pipeline' retrieved from /opt/airflow/dags/olist_pipeline_dag.py
[2026-06-04T17:22:23.614+0000] {logging_mixin.py:190} INFO - [2026-06-04T17:22:23.614+0000] {dag.py:3239} INFO - Sync 1 DAGs
[2026-06-04T17:22:23.629+0000] {logging_mixin.py:190} INFO - [2026-06-04T17:22:23.628+0000] {dag.py:4180} INFO - Setting next_dagrun for olist_master_pipeline to None, run_after=None
[2026-06-04T17:22:23.643+0000] {processor.py:208} INFO - Processing /opt/airflow/dags/olist_pipeline_dag.py took 0.115 seconds
[2026-06-04T17:22:54.505+0000] {processor.py:186} INFO - Started process (PID=801) to work on /opt/airflow/dags/olist_pipeline_dag.py
[2026-06-04T17:22:54.509+0000] {processor.py:914} INFO - Processing file /opt/airflow/dags/olist_pipeline_dag.py for tasks to queue
[2026-06-04T17:22:54.512+0000] {logging_mixin.py:190} INFO - [2026-06-04T17:22:54.511+0000] {dagbag.py:588} INFO - Filling up the DagBag from /opt/airflow/dags/olist_pipeline_dag.py
[2026-06-04T17:22:54.536+0000] {processor.py:925} INFO - DAG(s) 'olist_master_pipeline' retrieved from /opt/airflow/dags/olist_pipeline_dag.py
[2026-06-04T17:22:54.570+0000] {logging_mixin.py:190} INFO - [2026-06-04T17:22:54.570+0000] {dag.py:3239} INFO - Sync 1 DAGs
[2026-06-04T17:22:54.595+0000] {logging_mixin.py:190} INFO - [2026-06-04T17:22:54.595+0000] {dag.py:4180} INFO - Setting next_dagrun for olist_master_pipeline to None, run_after=None
[2026-06-04T17:22:54.609+0000] {processor.py:208} INFO - Processing /opt/airflow/dags/olist_pipeline_dag.py took 0.111 seconds
[2026-06-04T17:23:24.987+0000] {processor.py:186} INFO - Started process (PID=806) to work on /opt/airflow/dags/olist_pipeline_dag.py
[2026-06-04T17:23:24.990+0000] {processor.py:914} INFO - Processing file /opt/airflow/dags/olist_pipeline_dag.py for tasks to queue
[2026-06-04T17:23:24.994+0000] {logging_mixin.py:190} INFO - [2026-06-04T17:23:24.993+0000] {dagbag.py:588} INFO - Filling up the DagBag from /opt/airflow/dags/olist_pipeline_dag.py
[2026-06-04T17:23:25.009+0000] {processor.py:925} INFO - DAG(s) 'olist_master_pipeline' retrieved from /opt/airflow/dags/olist_pipeline_dag.py
[2026-06-04T17:23:25.050+0000] {logging_mixin.py:190} INFO - [2026-06-04T17:23:25.050+0000] {dag.py:3239} INFO - Sync 1 DAGs
[2026-06-04T17:23:25.065+0000] {logging_mixin.py:190} INFO - [2026-06-04T17:23:25.065+0000] {dag.py:4180} INFO - Setting next_dagrun for olist_master_pipeline to None, run_after=None
[2026-06-04T17:23:25.080+0000] {processor.py:208} INFO - Processing /opt/airflow/dags/olist_pipeline_dag.py took 0.103 seconds
[2026-06-04T17:23:55.502+0000] {processor.py:186} INFO - Started process (PID=811) to work on /opt/airflow/dags/olist_pipeline_dag.py
[2026-06-04T17:23:55.505+0000] {processor.py:914} INFO - Processing file /opt/airflow/dags/olist_pipeline_dag.py for tasks to queue
[2026-06-04T17:23:55.508+0000] {logging_mixin.py:190} INFO - [2026-06-04T17:23:55.507+0000] {dagbag.py:588} INFO - Filling up the DagBag from /opt/airflow/dags/olist_pipeline_dag.py
[2026-06-04T17:23:55.527+0000] {processor.py:925} INFO - DAG(s) 'olist_master_pipeline' retrieved from /opt/airflow/dags/olist_pipeline_dag.py
[2026-06-04T17:23:55.568+0000] {logging_mixin.py:190} INFO - [2026-06-04T17:23:55.568+0000] {dag.py:3239} INFO - Sync 1 DAGs
[2026-06-04T17:23:55.585+0000] {logging_mixin.py:190} INFO - [2026-06-04T17:23:55.585+0000] {dag.py:4180} INFO - Setting next_dagrun for olist_master_pipeline to None, run_after=None
[2026-06-04T17:23:55.600+0000] {processor.py:208} INFO - Processing /opt/airflow/dags/olist_pipeline_dag.py took 0.105 seconds
[2026-06-04T17:24:26.074+0000] {processor.py:186} INFO - Started process (PID=816) to work on /opt/airflow/dags/olist_pipeline_dag.py
[2026-06-04T17:24:26.076+0000] {processor.py:914} INFO - Processing file /opt/airflow/dags/olist_pipeline_dag.py for tasks to queue
[2026-06-04T17:24:26.081+0000] {logging_mixin.py:190} INFO - [2026-06-04T17:24:26.080+0000] {dagbag.py:588} INFO - Filling up the DagBag from /opt/airflow/dags/olist_pipeline_dag.py
[2026-06-04T17:24:26.108+0000] {processor.py:925} INFO - DAG(s) 'olist_master_pipeline' retrieved from /opt/airflow/dags/olist_pipeline_dag.py
[2026-06-04T17:24:26.155+0000] {logging_mixin.py:190} INFO - [2026-06-04T17:24:26.155+0000] {dag.py:3239} INFO - Sync 1 DAGs
[2026-06-04T17:24:26.169+0000] {logging_mixin.py:190} INFO - [2026-06-04T17:24:26.169+0000] {dag.py:4180} INFO - Setting next_dagrun for olist_master_pipeline to None, run_after=None
[2026-06-04T17:24:26.182+0000] {processor.py:208} INFO - Processing /opt/airflow/dags/olist_pipeline_dag.py took 0.115 seconds
[2026-06-04T17:24:56.531+0000] {processor.py:186} INFO - Started process (PID=821) to work on /opt/airflow/dags/olist_pipeline_dag.py
[2026-06-04T17:24:56.534+0000] {processor.py:914} INFO - Processing file /opt/airflow/dags/olist_pipeline_dag.py for tasks to queue
[2026-06-04T17:24:56.556+0000] {logging_mixin.py:190} INFO - [2026-06-04T17:24:56.553+0000] {dagbag.py:588} INFO - Filling up the DagBag from /opt/airflow/dags/olist_pipeline_dag.py
[2026-06-04T17:24:56.577+0000] {processor.py:925} INFO - DAG(s) 'olist_master_pipeline' retrieved from /opt/airflow/dags/olist_pipeline_dag.py
[2026-06-04T17:24:56.608+0000] {logging_mixin.py:190} INFO - [2026-06-04T17:24:56.608+0000] {dag.py:3239} INFO - Sync 1 DAGs
[2026-06-04T17:24:56.622+0000] {logging_mixin.py:190} INFO - [2026-06-04T17:24:56.622+0000] {dag.py:4180} INFO - Setting next_dagrun for olist_master_pipeline to None, run_after=None
[2026-06-04T17:24:56.635+0000] {processor.py:208} INFO - Processing /opt/airflow/dags/olist_pipeline_dag.py took 0.112 seconds
[2026-06-04T17:25:27.166+0000] {processor.py:186} INFO - Started process (PID=826) to work on /opt/airflow/dags/olist_pipeline_dag.py
[2026-06-04T17:25:27.170+0000] {processor.py:914} INFO - Processing file /opt/airflow/dags/olist_pipeline_dag.py for tasks to queue
[2026-06-04T17:25:27.175+0000] {logging_mixin.py:190} INFO - [2026-06-04T17:25:27.174+0000] {dagbag.py:588} INFO - Filling up the DagBag from /opt/airflow/dags/olist_pipeline_dag.py
[2026-06-04T17:25:27.202+0000] {processor.py:925} INFO - DAG(s) 'olist_master_pipeline' retrieved from /opt/airflow/dags/olist_pipeline_dag.py
[2026-06-04T17:25:27.237+0000] {logging_mixin.py:190} INFO - [2026-06-04T17:25:27.237+0000] {dag.py:3239} INFO - Sync 1 DAGs
[2026-06-04T17:25:27.250+0000] {logging_mixin.py:190} INFO - [2026-06-04T17:25:27.250+0000] {dag.py:4180} INFO - Setting next_dagrun for olist_master_pipeline to None, run_after=None
[2026-06-04T17:25:27.264+0000] {processor.py:208} INFO - Processing /opt/airflow/dags/olist_pipeline_dag.py took 0.107 seconds
[2026-06-04T17:25:57.587+0000] {processor.py:186} INFO - Started process (PID=831) to work on /opt/airflow/dags/olist_pipeline_dag.py
[2026-06-04T17:25:57.592+0000] {processor.py:914} INFO - Processing file /opt/airflow/dags/olist_pipeline_dag.py for tasks to queue
[2026-06-04T17:25:57.598+0000] {logging_mixin.py:190} INFO - [2026-06-04T17:25:57.597+0000] {dagbag.py:588} INFO - Filling up the DagBag from /opt/airflow/dags/olist_pipeline_dag.py
[2026-06-04T17:25:57.616+0000] {processor.py:925} INFO - DAG(s) 'olist_master_pipeline' retrieved from /opt/airflow/dags/olist_pipeline_dag.py
[2026-06-04T17:25:57.646+0000] {logging_mixin.py:190} INFO - [2026-06-04T17:25:57.646+0000] {dag.py:3239} INFO - Sync 1 DAGs
[2026-06-04T17:25:57.666+0000] {logging_mixin.py:190} INFO - [2026-06-04T17:25:57.666+0000] {dag.py:4180} INFO - Setting next_dagrun for olist_master_pipeline to None, run_after=None
[2026-06-04T17:25:57.681+0000] {processor.py:208} INFO - Processing /opt/airflow/dags/olist_pipeline_dag.py took 0.116 seconds
[2026-06-04T17:26:28.038+0000] {processor.py:186} INFO - Started process (PID=836) to work on /opt/airflow/dags/olist_pipeline_dag.py
[2026-06-04T17:26:28.041+0000] {processor.py:914} INFO - Processing file /opt/airflow/dags/olist_pipeline_dag.py for tasks to queue
[2026-06-04T17:26:28.045+0000] {logging_mixin.py:190} INFO - [2026-06-04T17:26:28.044+0000] {dagbag.py:588} INFO - Filling up the DagBag from /opt/airflow/dags/olist_pipeline_dag.py
[2026-06-04T17:26:28.072+0000] {processor.py:925} INFO - DAG(s) 'olist_master_pipeline' retrieved from /opt/airflow/dags/olist_pipeline_dag.py
[2026-06-04T17:26:28.108+0000] {logging_mixin.py:190} INFO - [2026-06-04T17:26:28.108+0000] {dag.py:3239} INFO - Sync 1 DAGs
[2026-06-04T17:26:28.121+0000] {logging_mixin.py:190} INFO - [2026-06-04T17:26:28.121+0000] {dag.py:4180} INFO - Setting next_dagrun for olist_master_pipeline to None, run_after=None
[2026-06-04T17:26:28.135+0000] {processor.py:208} INFO - Processing /opt/airflow/dags/olist_pipeline_dag.py took 0.107 seconds
[2026-06-04T17:26:58.592+0000] {processor.py:186} INFO - Started process (PID=841) to work on /opt/airflow/dags/olist_pipeline_dag.py
[2026-06-04T17:26:58.595+0000] {processor.py:914} INFO - Processing file /opt/airflow/dags/olist_pipeline_dag.py for tasks to queue
[2026-06-04T17:26:58.599+0000] {logging_mixin.py:190} INFO - [2026-06-04T17:26:58.599+0000] {dagbag.py:588} INFO - Filling up the DagBag from /opt/airflow/dags/olist_pipeline_dag.py
[2026-06-04T17:26:58.617+0000] {processor.py:925} INFO - DAG(s) 'olist_master_pipeline' retrieved from /opt/airflow/dags/olist_pipeline_dag.py
[2026-06-04T17:26:58.645+0000] {logging_mixin.py:190} INFO - [2026-06-04T17:26:58.645+0000] {dag.py:3239} INFO - Sync 1 DAGs
[2026-06-04T17:26:58.658+0000] {logging_mixin.py:190} INFO - [2026-06-04T17:26:58.658+0000] {dag.py:4180} INFO - Setting next_dagrun for olist_master_pipeline to None, run_after=None
[2026-06-04T17:26:58.672+0000] {processor.py:208} INFO - Processing /opt/airflow/dags/olist_pipeline_dag.py took 0.090 seconds
[2026-06-04T17:27:29.135+0000] {processor.py:186} INFO - Started process (PID=846) to work on /opt/airflow/dags/olist_pipeline_dag.py
[2026-06-04T17:27:29.139+0000] {processor.py:914} INFO - Processing file /opt/airflow/dags/olist_pipeline_dag.py for tasks to queue
[2026-06-04T17:27:29.144+0000] {logging_mixin.py:190} INFO - [2026-06-04T17:27:29.143+0000] {dagbag.py:588} INFO - Filling up the DagBag from /opt/airflow/dags/olist_pipeline_dag.py
[2026-06-04T17:27:29.160+0000] {processor.py:925} INFO - DAG(s) 'olist_master_pipeline' retrieved from /opt/airflow/dags/olist_pipeline_dag.py
[2026-06-04T17:27:29.191+0000] {logging_mixin.py:190} INFO - [2026-06-04T17:27:29.191+0000] {dag.py:3239} INFO - Sync 1 DAGs
[2026-06-04T17:27:29.204+0000] {logging_mixin.py:190} INFO - [2026-06-04T17:27:29.204+0000] {dag.py:4180} INFO - Setting next_dagrun for olist_master_pipeline to None, run_after=None
[2026-06-04T17:27:29.216+0000] {processor.py:208} INFO - Processing /opt/airflow/dags/olist_pipeline_dag.py took 0.094 seconds
[2026-06-04T17:27:59.563+0000] {processor.py:186} INFO - Started process (PID=851) to work on /opt/airflow/dags/olist_pipeline_dag.py
[2026-06-04T17:27:59.567+0000] {processor.py:914} INFO - Processing file /opt/airflow/dags/olist_pipeline_dag.py for tasks to queue
[2026-06-04T17:27:59.571+0000] {logging_mixin.py:190} INFO - [2026-06-04T17:27:59.570+0000] {dagbag.py:588} INFO - Filling up the DagBag from /opt/airflow/dags/olist_pipeline_dag.py
[2026-06-04T17:27:59.587+0000] {processor.py:925} INFO - DAG(s) 'olist_master_pipeline' retrieved from /opt/airflow/dags/olist_pipeline_dag.py
[2026-06-04T17:27:59.632+0000] {logging_mixin.py:190} INFO - [2026-06-04T17:27:59.632+0000] {dag.py:3239} INFO - Sync 1 DAGs
[2026-06-04T17:27:59.644+0000] {logging_mixin.py:190} INFO - [2026-06-04T17:27:59.644+0000] {dag.py:4180} INFO - Setting next_dagrun for olist_master_pipeline to None, run_after=None
[2026-06-04T17:27:59.658+0000] {processor.py:208} INFO - Processing /opt/airflow/dags/olist_pipeline_dag.py took 0.104 seconds
[2026-06-04T17:28:30.062+0000] {processor.py:186} INFO - Started process (PID=856) to work on /opt/airflow/dags/olist_pipeline_dag.py
[2026-06-04T17:28:30.066+0000] {processor.py:914} INFO - Processing file /opt/airflow/dags/olist_pipeline_dag.py for tasks to queue
[2026-06-04T17:28:30.071+0000] {logging_mixin.py:190} INFO - [2026-06-04T17:28:30.070+0000] {dagbag.py:588} INFO - Filling up the DagBag from /opt/airflow/dags/olist_pipeline_dag.py
[2026-06-04T17:28:30.089+0000] {processor.py:925} INFO - DAG(s) 'olist_master_pipeline' retrieved from /opt/airflow/dags/olist_pipeline_dag.py
[2026-06-04T17:28:30.122+0000] {logging_mixin.py:190} INFO - [2026-06-04T17:28:30.121+0000] {dag.py:3239} INFO - Sync 1 DAGs
[2026-06-04T17:28:30.135+0000] {logging_mixin.py:190} INFO - [2026-06-04T17:28:30.134+0000] {dag.py:4180} INFO - Setting next_dagrun for olist_master_pipeline to None, run_after=None
[2026-06-04T17:28:30.147+0000] {processor.py:208} INFO - Processing /opt/airflow/dags/olist_pipeline_dag.py took 0.108 seconds
[2026-06-04T17:29:00.563+0000] {processor.py:186} INFO - Started process (PID=861) to work on /opt/airflow/dags/olist_pipeline_dag.py
[2026-06-04T17:29:00.566+0000] {processor.py:914} INFO - Processing file /opt/airflow/dags/olist_pipeline_dag.py for tasks to queue
[2026-06-04T17:29:00.572+0000] {logging_mixin.py:190} INFO - [2026-06-04T17:29:00.571+0000] {dagbag.py:588} INFO - Filling up the DagBag from /opt/airflow/dags/olist_pipeline_dag.py
[2026-06-04T17:29:00.589+0000] {processor.py:925} INFO - DAG(s) 'olist_master_pipeline' retrieved from /opt/airflow/dags/olist_pipeline_dag.py
[2026-06-04T17:29:00.622+0000] {logging_mixin.py:190} INFO - [2026-06-04T17:29:00.621+0000] {dag.py:3239} INFO - Sync 1 DAGs
[2026-06-04T17:29:00.635+0000] {logging_mixin.py:190} INFO - [2026-06-04T17:29:00.635+0000] {dag.py:4180} INFO - Setting next_dagrun for olist_master_pipeline to None, run_after=None
[2026-06-04T17:29:00.650+0000] {processor.py:208} INFO - Processing /opt/airflow/dags/olist_pipeline_dag.py took 0.102 seconds
[2026-06-04T17:29:31.108+0000] {processor.py:186} INFO - Started process (PID=866) to work on /opt/airflow/dags/olist_pipeline_dag.py
[2026-06-04T17:29:31.111+0000] {processor.py:914} INFO - Processing file /opt/airflow/dags/olist_pipeline_dag.py for tasks to queue
[2026-06-04T17:29:31.116+0000] {logging_mixin.py:190} INFO - [2026-06-04T17:29:31.115+0000] {dagbag.py:588} INFO - Filling up the DagBag from /opt/airflow/dags/olist_pipeline_dag.py
[2026-06-04T17:29:31.133+0000] {processor.py:925} INFO - DAG(s) 'olist_master_pipeline' retrieved from /opt/airflow/dags/olist_pipeline_dag.py
[2026-06-04T17:29:31.166+0000] {logging_mixin.py:190} INFO - [2026-06-04T17:29:31.166+0000] {dag.py:3239} INFO - Sync 1 DAGs
[2026-06-04T17:29:31.179+0000] {logging_mixin.py:190} INFO - [2026-06-04T17:29:31.179+0000] {dag.py:4180} INFO - Setting next_dagrun for olist_master_pipeline to None, run_after=None
[2026-06-04T17:29:31.193+0000] {processor.py:208} INFO - Processing /opt/airflow/dags/olist_pipeline_dag.py took 0.107 seconds
[2026-06-04T17:30:01.676+0000] {processor.py:186} INFO - Started process (PID=871) to work on /opt/airflow/dags/olist_pipeline_dag.py
[2026-06-04T17:30:01.680+0000] {processor.py:914} INFO - Processing file /opt/airflow/dags/olist_pipeline_dag.py for tasks to queue
[2026-06-04T17:30:01.685+0000] {logging_mixin.py:190} INFO - [2026-06-04T17:30:01.685+0000] {dagbag.py:588} INFO - Filling up the DagBag from /opt/airflow/dags/olist_pipeline_dag.py
[2026-06-04T17:30:01.703+0000] {processor.py:925} INFO - DAG(s) 'olist_master_pipeline' retrieved from /opt/airflow/dags/olist_pipeline_dag.py
[2026-06-04T17:30:01.747+0000] {logging_mixin.py:190} INFO - [2026-06-04T17:30:01.747+0000] {dag.py:3239} INFO - Sync 1 DAGs
[2026-06-04T17:30:01.765+0000] {logging_mixin.py:190} INFO - [2026-06-04T17:30:01.765+0000] {dag.py:4180} INFO - Setting next_dagrun for olist_master_pipeline to None, run_after=None
[2026-06-04T17:30:01.778+0000] {processor.py:208} INFO - Processing /opt/airflow/dags/olist_pipeline_dag.py took 0.131 seconds
[2026-06-04T17:30:32.158+0000] {processor.py:186} INFO - Started process (PID=876) to work on /opt/airflow/dags/olist_pipeline_dag.py
[2026-06-04T17:30:32.161+0000] {processor.py:914} INFO - Processing file /opt/airflow/dags/olist_pipeline_dag.py for tasks to queue
[2026-06-04T17:30:32.165+0000] {logging_mixin.py:190} INFO - [2026-06-04T17:30:32.165+0000] {dagbag.py:588} INFO - Filling up the DagBag from /opt/airflow/dags/olist_pipeline_dag.py
[2026-06-04T17:30:32.191+0000] {processor.py:925} INFO - DAG(s) 'olist_master_pipeline' retrieved from /opt/airflow/dags/olist_pipeline_dag.py
[2026-06-04T17:30:32.225+0000] {logging_mixin.py:190} INFO - [2026-06-04T17:30:32.225+0000] {dag.py:3239} INFO - Sync 1 DAGs
[2026-06-04T17:30:32.238+0000] {logging_mixin.py:190} INFO - [2026-06-04T17:30:32.238+0000] {dag.py:4180} INFO - Setting next_dagrun for olist_master_pipeline to None, run_after=None
[2026-06-04T17:30:32.250+0000] {processor.py:208} INFO - Processing /opt/airflow/dags/olist_pipeline_dag.py took 0.103 seconds
[2026-06-04T17:31:02.786+0000] {processor.py:186} INFO - Started process (PID=881) to work on /opt/airflow/dags/olist_pipeline_dag.py
[2026-06-04T17:31:02.791+0000] {processor.py:914} INFO - Processing file /opt/airflow/dags/olist_pipeline_dag.py for tasks to queue
[2026-06-04T17:31:02.797+0000] {logging_mixin.py:190} INFO - [2026-06-04T17:31:02.796+0000] {dagbag.py:588} INFO - Filling up the DagBag from /opt/airflow/dags/olist_pipeline_dag.py
[2026-06-04T17:31:02.820+0000] {processor.py:925} INFO - DAG(s) 'olist_master_pipeline' retrieved from /opt/airflow/dags/olist_pipeline_dag.py
[2026-06-04T17:31:02.860+0000] {logging_mixin.py:190} INFO - [2026-06-04T17:31:02.860+0000] {dag.py:3239} INFO - Sync 1 DAGs
[2026-06-04T17:31:02.879+0000] {logging_mixin.py:190} INFO - [2026-06-04T17:31:02.879+0000] {dag.py:4180} INFO - Setting next_dagrun for olist_master_pipeline to None, run_after=None
[2026-06-04T17:31:02.893+0000] {processor.py:208} INFO - Processing /opt/airflow/dags/olist_pipeline_dag.py took 0.126 seconds
[2026-06-04T17:31:33.397+0000] {processor.py:186} INFO - Started process (PID=886) to work on /opt/airflow/dags/olist_pipeline_dag.py
[2026-06-04T17:31:33.401+0000] {processor.py:914} INFO - Processing file /opt/airflow/dags/olist_pipeline_dag.py for tasks to queue
[2026-06-04T17:31:33.460+0000] {logging_mixin.py:190} INFO - [2026-06-04T17:31:33.459+0000] {dagbag.py:588} INFO - Filling up the DagBag from /opt/airflow/dags/olist_pipeline_dag.py
[2026-06-04T17:31:33.496+0000] {processor.py:925} INFO - DAG(s) 'olist_master_pipeline' retrieved from /opt/airflow/dags/olist_pipeline_dag.py
[2026-06-04T17:31:33.564+0000] {logging_mixin.py:190} INFO - [2026-06-04T17:31:33.564+0000] {dag.py:3239} INFO - Sync 1 DAGs
[2026-06-04T17:31:33.583+0000] {logging_mixin.py:190} INFO - [2026-06-04T17:31:33.583+0000] {dag.py:4180} INFO - Setting next_dagrun for olist_master_pipeline to None, run_after=None
[2026-06-04T17:31:33.610+0000] {processor.py:208} INFO - Processing /opt/airflow/dags/olist_pipeline_dag.py took 0.239 seconds
[2026-06-04T17:32:03.966+0000] {processor.py:186} INFO - Started process (PID=891) to work on /opt/airflow/dags/olist_pipeline_dag.py
[2026-06-04T17:32:03.973+0000] {processor.py:914} INFO - Processing file /opt/airflow/dags/olist_pipeline_dag.py for tasks to queue
[2026-06-04T17:32:03.984+0000] {logging_mixin.py:190} INFO - [2026-06-04T17:32:03.983+0000] {dagbag.py:588} INFO - Filling up the DagBag from /opt/airflow/dags/olist_pipeline_dag.py
[2026-06-04T17:32:04.005+0000] {processor.py:925} INFO - DAG(s) 'olist_master_pipeline' retrieved from /opt/airflow/dags/olist_pipeline_dag.py
[2026-06-04T17:32:04.041+0000] {logging_mixin.py:190} INFO - [2026-06-04T17:32:04.041+0000] {dag.py:3239} INFO - Sync 1 DAGs
[2026-06-04T17:32:04.055+0000] {logging_mixin.py:190} INFO - [2026-06-04T17:32:04.055+0000] {dag.py:4180} INFO - Setting next_dagrun for olist_master_pipeline to None, run_after=None
[2026-06-04T17:32:04.068+0000] {processor.py:208} INFO - Processing /opt/airflow/dags/olist_pipeline_dag.py took 0.113 seconds
[2026-06-04T17:32:34.472+0000] {processor.py:186} INFO - Started process (PID=896) to work on /opt/airflow/dags/olist_pipeline_dag.py
[2026-06-04T17:32:34.475+0000] {processor.py:914} INFO - Processing file /opt/airflow/dags/olist_pipeline_dag.py for tasks to queue
[2026-06-04T17:32:34.481+0000] {logging_mixin.py:190} INFO - [2026-06-04T17:32:34.480+0000] {dagbag.py:588} INFO - Filling up the DagBag from /opt/airflow/dags/olist_pipeline_dag.py
[2026-06-04T17:32:34.516+0000] {processor.py:925} INFO - DAG(s) 'olist_master_pipeline' retrieved from /opt/airflow/dags/olist_pipeline_dag.py
[2026-06-04T17:32:34.561+0000] {logging_mixin.py:190} INFO - [2026-06-04T17:32:34.561+0000] {dag.py:3239} INFO - Sync 1 DAGs
[2026-06-04T17:32:34.575+0000] {logging_mixin.py:190} INFO - [2026-06-04T17:32:34.575+0000] {dag.py:4180} INFO - Setting next_dagrun for olist_master_pipeline to None, run_after=None
[2026-06-04T17:32:34.589+0000] {processor.py:208} INFO - Processing /opt/airflow/dags/olist_pipeline_dag.py took 0.127 seconds
[2026-06-04T17:33:04.944+0000] {processor.py:186} INFO - Started process (PID=901) to work on /opt/airflow/dags/olist_pipeline_dag.py
[2026-06-04T17:33:04.946+0000] {processor.py:914} INFO - Processing file /opt/airflow/dags/olist_pipeline_dag.py for tasks to queue
[2026-06-04T17:33:04.951+0000] {logging_mixin.py:190} INFO - [2026-06-04T17:33:04.950+0000] {dagbag.py:588} INFO - Filling up the DagBag from /opt/airflow/dags/olist_pipeline_dag.py
[2026-06-04T17:33:04.969+0000] {processor.py:925} INFO - DAG(s) 'olist_master_pipeline' retrieved from /opt/airflow/dags/olist_pipeline_dag.py
[2026-06-04T17:33:05.163+0000] {logging_mixin.py:190} INFO - [2026-06-04T17:33:05.162+0000] {dag.py:3239} INFO - Sync 1 DAGs
[2026-06-04T17:33:05.189+0000] {logging_mixin.py:190} INFO - [2026-06-04T17:33:05.189+0000] {dag.py:4180} INFO - Setting next_dagrun for olist_master_pipeline to None, run_after=None
[2026-06-04T17:33:05.208+0000] {processor.py:208} INFO - Processing /opt/airflow/dags/olist_pipeline_dag.py took 0.277 seconds
[2026-06-04T17:33:35.501+0000] {processor.py:186} INFO - Started process (PID=906) to work on /opt/airflow/dags/olist_pipeline_dag.py
[2026-06-04T17:33:35.515+0000] {processor.py:914} INFO - Processing file /opt/airflow/dags/olist_pipeline_dag.py for tasks to queue
[2026-06-04T17:33:35.524+0000] {logging_mixin.py:190} INFO - [2026-06-04T17:33:35.523+0000] {dagbag.py:588} INFO - Filling up the DagBag from /opt/airflow/dags/olist_pipeline_dag.py
[2026-06-04T17:33:35.548+0000] {processor.py:925} INFO - DAG(s) 'olist_master_pipeline' retrieved from /opt/airflow/dags/olist_pipeline_dag.py
[2026-06-04T17:33:35.584+0000] {logging_mixin.py:190} INFO - [2026-06-04T17:33:35.583+0000] {dag.py:3239} INFO - Sync 1 DAGs
[2026-06-04T17:33:35.598+0000] {logging_mixin.py:190} INFO - [2026-06-04T17:33:35.598+0000] {dag.py:4180} INFO - Setting next_dagrun for olist_master_pipeline to None, run_after=None
[2026-06-04T17:33:35.614+0000] {processor.py:208} INFO - Processing /opt/airflow/dags/olist_pipeline_dag.py took 0.132 seconds
[2026-06-04T17:34:06.421+0000] {processor.py:186} INFO - Started process (PID=911) to work on /opt/airflow/dags/olist_pipeline_dag.py
[2026-06-04T17:34:06.424+0000] {processor.py:914} INFO - Processing file /opt/airflow/dags/olist_pipeline_dag.py for tasks to queue
[2026-06-04T17:34:06.430+0000] {logging_mixin.py:190} INFO - [2026-06-04T17:34:06.429+0000] {dagbag.py:588} INFO - Filling up the DagBag from /opt/airflow/dags/olist_pipeline_dag.py
[2026-06-04T17:34:06.447+0000] {processor.py:925} INFO - DAG(s) 'olist_master_pipeline' retrieved from /opt/airflow/dags/olist_pipeline_dag.py
[2026-06-04T17:34:06.487+0000] {logging_mixin.py:190} INFO - [2026-06-04T17:34:06.487+0000] {dag.py:3239} INFO - Sync 1 DAGs
[2026-06-04T17:34:06.502+0000] {logging_mixin.py:190} INFO - [2026-06-04T17:34:06.502+0000] {dag.py:4180} INFO - Setting next_dagrun for olist_master_pipeline to None, run_after=None
[2026-06-04T17:34:06.521+0000] {processor.py:208} INFO - Processing /opt/airflow/dags/olist_pipeline_dag.py took 0.112 seconds
[2026-06-04T17:34:14.725+0000] {processor.py:186} INFO - Started process (PID=916) to work on /opt/airflow/dags/olist_pipeline_dag.py
[2026-06-04T17:34:14.728+0000] {processor.py:914} INFO - Processing file /opt/airflow/dags/olist_pipeline_dag.py for tasks to queue
[2026-06-04T17:34:14.734+0000] {logging_mixin.py:190} INFO - [2026-06-04T17:34:14.733+0000] {dagbag.py:588} INFO - Filling up the DagBag from /opt/airflow/dags/olist_pipeline_dag.py
[2026-06-04T17:34:14.762+0000] {processor.py:925} INFO - DAG(s) 'olist_master_pipeline' retrieved from /opt/airflow/dags/olist_pipeline_dag.py
[2026-06-04T17:34:15.505+0000] {logging_mixin.py:190} INFO - [2026-06-04T17:34:15.503+0000] {dag.py:3239} INFO - Sync 1 DAGs
[2026-06-04T17:34:15.549+0000] {logging_mixin.py:190} INFO - [2026-06-04T17:34:15.549+0000] {dag.py:4180} INFO - Setting next_dagrun for olist_master_pipeline to None, run_after=None
[2026-06-04T17:34:15.768+0000] {processor.py:208} INFO - Processing /opt/airflow/dags/olist_pipeline_dag.py took 1.066 seconds
[2026-06-04T17:34:46.387+0000] {processor.py:186} INFO - Started process (PID=921) to work on /opt/airflow/dags/olist_pipeline_dag.py
[2026-06-04T17:34:46.394+0000] {processor.py:914} INFO - Processing file /opt/airflow/dags/olist_pipeline_dag.py for tasks to queue
[2026-06-04T17:34:46.408+0000] {logging_mixin.py:190} INFO - [2026-06-04T17:34:46.407+0000] {dagbag.py:588} INFO - Filling up the DagBag from /opt/airflow/dags/olist_pipeline_dag.py
[2026-06-04T17:34:46.457+0000] {processor.py:925} INFO - DAG(s) 'olist_master_pipeline' retrieved from /opt/airflow/dags/olist_pipeline_dag.py
[2026-06-04T17:34:46.555+0000] {logging_mixin.py:190} INFO - [2026-06-04T17:34:46.555+0000] {dag.py:3239} INFO - Sync 1 DAGs
[2026-06-04T17:34:46.581+0000] {logging_mixin.py:190} INFO - [2026-06-04T17:34:46.581+0000] {dag.py:4180} INFO - Setting next_dagrun for olist_master_pipeline to None, run_after=None
[2026-06-04T17:34:46.608+0000] {processor.py:208} INFO - Processing /opt/airflow/dags/olist_pipeline_dag.py took 0.239 seconds
[2026-06-04T17:35:16.787+0000] {processor.py:186} INFO - Started process (PID=926) to work on /opt/airflow/dags/olist_pipeline_dag.py
[2026-06-04T17:35:16.791+0000] {processor.py:914} INFO - Processing file /opt/airflow/dags/olist_pipeline_dag.py for tasks to queue
[2026-06-04T17:35:16.799+0000] {logging_mixin.py:190} INFO - [2026-06-04T17:35:16.798+0000] {dagbag.py:588} INFO - Filling up the DagBag from /opt/airflow/dags/olist_pipeline_dag.py
[2026-06-04T17:35:16.825+0000] {processor.py:925} INFO - DAG(s) 'olist_master_pipeline' retrieved from /opt/airflow/dags/olist_pipeline_dag.py
[2026-06-04T17:35:16.901+0000] {logging_mixin.py:190} INFO - [2026-06-04T17:35:16.901+0000] {dag.py:3239} INFO - Sync 1 DAGs
[2026-06-04T17:35:16.937+0000] {logging_mixin.py:190} INFO - [2026-06-04T17:35:16.937+0000] {dag.py:4180} INFO - Setting next_dagrun for olist_master_pipeline to None, run_after=None
[2026-06-04T17:35:16.951+0000] {processor.py:208} INFO - Processing /opt/airflow/dags/olist_pipeline_dag.py took 0.178 seconds
[2026-06-04T17:35:47.685+0000] {processor.py:186} INFO - Started process (PID=931) to work on /opt/airflow/dags/olist_pipeline_dag.py
[2026-06-04T17:35:47.691+0000] {processor.py:914} INFO - Processing file /opt/airflow/dags/olist_pipeline_dag.py for tasks to queue
[2026-06-04T17:35:47.697+0000] {logging_mixin.py:190} INFO - [2026-06-04T17:35:47.696+0000] {dagbag.py:588} INFO - Filling up the DagBag from /opt/airflow/dags/olist_pipeline_dag.py
[2026-06-04T17:35:47.718+0000] {processor.py:925} INFO - DAG(s) 'olist_master_pipeline' retrieved from /opt/airflow/dags/olist_pipeline_dag.py
[2026-06-04T17:35:47.771+0000] {logging_mixin.py:190} INFO - [2026-06-04T17:35:47.771+0000] {dag.py:3239} INFO - Sync 1 DAGs
[2026-06-04T17:35:47.799+0000] {logging_mixin.py:190} INFO - [2026-06-04T17:35:47.799+0000] {dag.py:4180} INFO - Setting next_dagrun for olist_master_pipeline to None, run_after=None
[2026-06-04T17:35:47.980+0000] {processor.py:208} INFO - Processing /opt/airflow/dags/olist_pipeline_dag.py took 0.327 seconds
[2026-06-04T17:35:57.122+0000] {processor.py:186} INFO - Started process (PID=936) to work on /opt/airflow/dags/olist_pipeline_dag.py
[2026-06-04T17:35:57.128+0000] {processor.py:914} INFO - Processing file /opt/airflow/dags/olist_pipeline_dag.py for tasks to queue
[2026-06-04T17:35:57.144+0000] {logging_mixin.py:190} INFO - [2026-06-04T17:35:57.144+0000] {dagbag.py:588} INFO - Filling up the DagBag from /opt/airflow/dags/olist_pipeline_dag.py
[2026-06-04T17:35:57.173+0000] {processor.py:925} INFO - DAG(s) 'olist_master_pipeline' retrieved from /opt/airflow/dags/olist_pipeline_dag.py
[2026-06-04T17:35:57.298+0000] {logging_mixin.py:190} INFO - [2026-06-04T17:35:57.298+0000] {dag.py:3239} INFO - Sync 1 DAGs
[2026-06-04T17:35:57.312+0000] {logging_mixin.py:190} INFO - [2026-06-04T17:35:57.312+0000] {dag.py:4180} INFO - Setting next_dagrun for olist_master_pipeline to None, run_after=None
[2026-06-04T17:35:57.331+0000] {processor.py:208} INFO - Processing /opt/airflow/dags/olist_pipeline_dag.py took 0.219 seconds
[2026-06-04T17:36:27.612+0000] {processor.py:186} INFO - Started process (PID=941) to work on /opt/airflow/dags/olist_pipeline_dag.py
[2026-06-04T17:36:27.615+0000] {processor.py:914} INFO - Processing file /opt/airflow/dags/olist_pipeline_dag.py for tasks to queue
[2026-06-04T17:36:27.633+0000] {logging_mixin.py:190} INFO - [2026-06-04T17:36:27.632+0000] {dagbag.py:588} INFO - Filling up the DagBag from /opt/airflow/dags/olist_pipeline_dag.py
[2026-06-04T17:36:27.665+0000] {processor.py:925} INFO - DAG(s) 'olist_master_pipeline' retrieved from /opt/airflow/dags/olist_pipeline_dag.py
[2026-06-04T17:36:27.726+0000] {logging_mixin.py:190} INFO - [2026-06-04T17:36:27.726+0000] {dag.py:3239} INFO - Sync 1 DAGs
[2026-06-04T17:36:27.750+0000] {logging_mixin.py:190} INFO - [2026-06-04T17:36:27.749+0000] {dag.py:4180} INFO - Setting next_dagrun for olist_master_pipeline to None, run_after=None
[2026-06-04T17:36:27.770+0000] {processor.py:208} INFO - Processing /opt/airflow/dags/olist_pipeline_dag.py took 0.172 seconds
[2026-06-04T17:36:58.209+0000] {processor.py:186} INFO - Started process (PID=946) to work on /opt/airflow/dags/olist_pipeline_dag.py
[2026-06-04T17:36:58.213+0000] {processor.py:914} INFO - Processing file /opt/airflow/dags/olist_pipeline_dag.py for tasks to queue
[2026-06-04T17:36:58.221+0000] {logging_mixin.py:190} INFO - [2026-06-04T17:36:58.221+0000] {dagbag.py:588} INFO - Filling up the DagBag from /opt/airflow/dags/olist_pipeline_dag.py
[2026-06-04T17:36:58.242+0000] {processor.py:925} INFO - DAG(s) 'olist_master_pipeline' retrieved from /opt/airflow/dags/olist_pipeline_dag.py
[2026-06-04T17:36:58.297+0000] {logging_mixin.py:190} INFO - [2026-06-04T17:36:58.297+0000] {dag.py:3239} INFO - Sync 1 DAGs
[2026-06-04T17:36:58.312+0000] {logging_mixin.py:190} INFO - [2026-06-04T17:36:58.312+0000] {dag.py:4180} INFO - Setting next_dagrun for olist_master_pipeline to None, run_after=None
[2026-06-04T17:36:58.329+0000] {processor.py:208} INFO - Processing /opt/airflow/dags/olist_pipeline_dag.py took 0.134 seconds
[2026-06-04T17:37:28.719+0000] {processor.py:186} INFO - Started process (PID=951) to work on /opt/airflow/dags/olist_pipeline_dag.py
[2026-06-04T17:37:28.723+0000] {processor.py:914} INFO - Processing file /opt/airflow/dags/olist_pipeline_dag.py for tasks to queue
[2026-06-04T17:37:28.727+0000] {logging_mixin.py:190} INFO - [2026-06-04T17:37:28.727+0000] {dagbag.py:588} INFO - Filling up the DagBag from /opt/airflow/dags/olist_pipeline_dag.py
[2026-06-04T17:37:28.743+0000] {processor.py:925} INFO - DAG(s) 'olist_master_pipeline' retrieved from /opt/airflow/dags/olist_pipeline_dag.py
[2026-06-04T17:37:28.777+0000] {logging_mixin.py:190} INFO - [2026-06-04T17:37:28.777+0000] {dag.py:3239} INFO - Sync 1 DAGs
[2026-06-04T17:37:28.809+0000] {logging_mixin.py:190} INFO - [2026-06-04T17:37:28.809+0000] {dag.py:4180} INFO - Setting next_dagrun for olist_master_pipeline to None, run_after=None
[2026-06-04T17:37:28.832+0000] {processor.py:208} INFO - Processing /opt/airflow/dags/olist_pipeline_dag.py took 0.134 seconds
[2026-06-04T17:37:59.445+0000] {processor.py:186} INFO - Started process (PID=956) to work on /opt/airflow/dags/olist_pipeline_dag.py
[2026-06-04T17:37:59.449+0000] {processor.py:914} INFO - Processing file /opt/airflow/dags/olist_pipeline_dag.py for tasks to queue
[2026-06-04T17:37:59.454+0000] {logging_mixin.py:190} INFO - [2026-06-04T17:37:59.453+0000] {dagbag.py:588} INFO - Filling up the DagBag from /opt/airflow/dags/olist_pipeline_dag.py
[2026-06-04T17:37:59.470+0000] {processor.py:925} INFO - DAG(s) 'olist_master_pipeline' retrieved from /opt/airflow/dags/olist_pipeline_dag.py
[2026-06-04T17:37:59.522+0000] {logging_mixin.py:190} INFO - [2026-06-04T17:37:59.521+0000] {dag.py:3239} INFO - Sync 1 DAGs
[2026-06-04T17:37:59.538+0000] {logging_mixin.py:190} INFO - [2026-06-04T17:37:59.537+0000] {dag.py:4180} INFO - Setting next_dagrun for olist_master_pipeline to None, run_after=None
[2026-06-04T17:37:59.552+0000] {processor.py:208} INFO - Processing /opt/airflow/dags/olist_pipeline_dag.py took 0.118 seconds
[2026-06-04T17:38:30.046+0000] {processor.py:186} INFO - Started process (PID=961) to work on /opt/airflow/dags/olist_pipeline_dag.py
[2026-06-04T17:38:30.051+0000] {processor.py:914} INFO - Processing file /opt/airflow/dags/olist_pipeline_dag.py for tasks to queue
[2026-06-04T17:38:30.058+0000] {logging_mixin.py:190} INFO - [2026-06-04T17:38:30.057+0000] {dagbag.py:588} INFO - Filling up the DagBag from /opt/airflow/dags/olist_pipeline_dag.py
[2026-06-04T17:38:30.080+0000] {processor.py:925} INFO - DAG(s) 'olist_master_pipeline' retrieved from /opt/airflow/dags/olist_pipeline_dag.py
[2026-06-04T17:38:30.120+0000] {logging_mixin.py:190} INFO - [2026-06-04T17:38:30.119+0000] {dag.py:3239} INFO - Sync 1 DAGs
[2026-06-04T17:38:30.144+0000] {logging_mixin.py:190} INFO - [2026-06-04T17:38:30.144+0000] {dag.py:4180} INFO - Setting next_dagrun for olist_master_pipeline to None, run_after=None
[2026-06-04T17:38:30.166+0000] {processor.py:208} INFO - Processing /opt/airflow/dags/olist_pipeline_dag.py took 0.129 seconds
[2026-06-04T17:39:00.620+0000] {processor.py:186} INFO - Started process (PID=966) to work on /opt/airflow/dags/olist_pipeline_dag.py
[2026-06-04T17:39:00.622+0000] {processor.py:914} INFO - Processing file /opt/airflow/dags/olist_pipeline_dag.py for tasks to queue
[2026-06-04T17:39:00.629+0000] {logging_mixin.py:190} INFO - [2026-06-04T17:39:00.629+0000] {dagbag.py:588} INFO - Filling up the DagBag from /opt/airflow/dags/olist_pipeline_dag.py
[2026-06-04T17:39:00.650+0000] {processor.py:925} INFO - DAG(s) 'olist_master_pipeline' retrieved from /opt/airflow/dags/olist_pipeline_dag.py
[2026-06-04T17:39:00.704+0000] {logging_mixin.py:190} INFO - [2026-06-04T17:39:00.704+0000] {dag.py:3239} INFO - Sync 1 DAGs
[2026-06-04T17:39:00.716+0000] {logging_mixin.py:190} INFO - [2026-06-04T17:39:00.716+0000] {dag.py:4180} INFO - Setting next_dagrun for olist_master_pipeline to None, run_after=None
[2026-06-04T17:39:00.730+0000] {processor.py:208} INFO - Processing /opt/airflow/dags/olist_pipeline_dag.py took 0.119 seconds
[2026-06-04T17:39:31.143+0000] {processor.py:186} INFO - Started process (PID=971) to work on /opt/airflow/dags/olist_pipeline_dag.py
[2026-06-04T17:39:31.147+0000] {processor.py:914} INFO - Processing file /opt/airflow/dags/olist_pipeline_dag.py for tasks to queue
[2026-06-04T17:39:31.153+0000] {logging_mixin.py:190} INFO - [2026-06-04T17:39:31.153+0000] {dagbag.py:588} INFO - Filling up the DagBag from /opt/airflow/dags/olist_pipeline_dag.py
[2026-06-04T17:39:31.173+0000] {processor.py:925} INFO - DAG(s) 'olist_master_pipeline' retrieved from /opt/airflow/dags/olist_pipeline_dag.py
[2026-06-04T17:39:31.222+0000] {logging_mixin.py:190} INFO - [2026-06-04T17:39:31.222+0000] {dag.py:3239} INFO - Sync 1 DAGs
[2026-06-04T17:39:31.237+0000] {logging_mixin.py:190} INFO - [2026-06-04T17:39:31.236+0000] {dag.py:4180} INFO - Setting next_dagrun for olist_master_pipeline to None, run_after=None
[2026-06-04T17:39:31.251+0000] {processor.py:208} INFO - Processing /opt/airflow/dags/olist_pipeline_dag.py took 0.123 seconds
[2026-06-04T17:40:01.620+0000] {processor.py:186} INFO - Started process (PID=976) to work on /opt/airflow/dags/olist_pipeline_dag.py
[2026-06-04T17:40:01.623+0000] {processor.py:914} INFO - Processing file /opt/airflow/dags/olist_pipeline_dag.py for tasks to queue
[2026-06-04T17:40:01.628+0000] {logging_mixin.py:190} INFO - [2026-06-04T17:40:01.628+0000] {dagbag.py:588} INFO - Filling up the DagBag from /opt/airflow/dags/olist_pipeline_dag.py
[2026-06-04T17:40:01.645+0000] {processor.py:925} INFO - DAG(s) 'olist_master_pipeline' retrieved from /opt/airflow/dags/olist_pipeline_dag.py
[2026-06-04T17:40:01.680+0000] {logging_mixin.py:190} INFO - [2026-06-04T17:40:01.680+0000] {dag.py:3239} INFO - Sync 1 DAGs
[2026-06-04T17:40:01.693+0000] {logging_mixin.py:190} INFO - [2026-06-04T17:40:01.693+0000] {dag.py:4180} INFO - Setting next_dagrun for olist_master_pipeline to None, run_after=None
[2026-06-04T17:40:01.707+0000] {processor.py:208} INFO - Processing /opt/airflow/dags/olist_pipeline_dag.py took 0.097 seconds
[2026-06-04T17:40:32.193+0000] {processor.py:186} INFO - Started process (PID=981) to work on /opt/airflow/dags/olist_pipeline_dag.py
[2026-06-04T17:40:32.197+0000] {processor.py:914} INFO - Processing file /opt/airflow/dags/olist_pipeline_dag.py for tasks to queue
[2026-06-04T17:40:32.201+0000] {logging_mixin.py:190} INFO - [2026-06-04T17:40:32.201+0000] {dagbag.py:588} INFO - Filling up the DagBag from /opt/airflow/dags/olist_pipeline_dag.py
[2026-06-04T17:40:32.219+0000] {processor.py:925} INFO - DAG(s) 'olist_master_pipeline' retrieved from /opt/airflow/dags/olist_pipeline_dag.py
[2026-06-04T17:40:32.258+0000] {logging_mixin.py:190} INFO - [2026-06-04T17:40:32.258+0000] {dag.py:3239} INFO - Sync 1 DAGs
[2026-06-04T17:40:32.300+0000] {logging_mixin.py:190} INFO - [2026-06-04T17:40:32.299+0000] {dag.py:4180} INFO - Setting next_dagrun for olist_master_pipeline to None, run_after=None
[2026-06-04T17:40:32.314+0000] {processor.py:208} INFO - Processing /opt/airflow/dags/olist_pipeline_dag.py took 0.135 seconds
[2026-06-04T17:41:02.645+0000] {processor.py:186} INFO - Started process (PID=986) to work on /opt/airflow/dags/olist_pipeline_dag.py
[2026-06-04T17:41:02.648+0000] {processor.py:914} INFO - Processing file /opt/airflow/dags/olist_pipeline_dag.py for tasks to queue
[2026-06-04T17:41:02.672+0000] {logging_mixin.py:190} INFO - [2026-06-04T17:41:02.671+0000] {dagbag.py:588} INFO - Filling up the DagBag from /opt/airflow/dags/olist_pipeline_dag.py
[2026-06-04T17:41:02.691+0000] {processor.py:925} INFO - DAG(s) 'olist_master_pipeline' retrieved from /opt/airflow/dags/olist_pipeline_dag.py
[2026-06-04T17:41:02.731+0000] {logging_mixin.py:190} INFO - [2026-06-04T17:41:02.731+0000] {dag.py:3239} INFO - Sync 1 DAGs
[2026-06-04T17:41:02.745+0000] {logging_mixin.py:190} INFO - [2026-06-04T17:41:02.745+0000] {dag.py:4180} INFO - Setting next_dagrun for olist_master_pipeline to None, run_after=None
[2026-06-04T17:41:02.760+0000] {processor.py:208} INFO - Processing /opt/airflow/dags/olist_pipeline_dag.py took 0.126 seconds
[2026-06-04T17:41:33.088+0000] {processor.py:186} INFO - Started process (PID=991) to work on /opt/airflow/dags/olist_pipeline_dag.py
[2026-06-04T17:41:33.092+0000] {processor.py:914} INFO - Processing file /opt/airflow/dags/olist_pipeline_dag.py for tasks to queue
[2026-06-04T17:41:33.097+0000] {logging_mixin.py:190} INFO - [2026-06-04T17:41:33.096+0000] {dagbag.py:588} INFO - Filling up the DagBag from /opt/airflow/dags/olist_pipeline_dag.py
[2026-06-04T17:41:33.131+0000] {processor.py:925} INFO - DAG(s) 'olist_master_pipeline' retrieved from /opt/airflow/dags/olist_pipeline_dag.py
[2026-06-04T17:41:33.173+0000] {logging_mixin.py:190} INFO - [2026-06-04T17:41:33.173+0000] {dag.py:3239} INFO - Sync 1 DAGs
[2026-06-04T17:41:33.190+0000] {logging_mixin.py:190} INFO - [2026-06-04T17:41:33.190+0000] {dag.py:4180} INFO - Setting next_dagrun for olist_master_pipeline to None, run_after=None
[2026-06-04T17:41:33.207+0000] {processor.py:208} INFO - Processing /opt/airflow/dags/olist_pipeline_dag.py took 0.131 seconds
[2026-06-04T17:42:03.657+0000] {processor.py:186} INFO - Started process (PID=996) to work on /opt/airflow/dags/olist_pipeline_dag.py
[2026-06-04T17:42:03.661+0000] {processor.py:914} INFO - Processing file /opt/airflow/dags/olist_pipeline_dag.py for tasks to queue
[2026-06-04T17:42:03.665+0000] {logging_mixin.py:190} INFO - [2026-06-04T17:42:03.665+0000] {dagbag.py:588} INFO - Filling up the DagBag from /opt/airflow/dags/olist_pipeline_dag.py
[2026-06-04T17:42:03.683+0000] {processor.py:925} INFO - DAG(s) 'olist_master_pipeline' retrieved from /opt/airflow/dags/olist_pipeline_dag.py
[2026-06-04T17:42:03.734+0000] {logging_mixin.py:190} INFO - [2026-06-04T17:42:03.734+0000] {dag.py:3239} INFO - Sync 1 DAGs
[2026-06-04T17:42:03.749+0000] {logging_mixin.py:190} INFO - [2026-06-04T17:42:03.749+0000] {dag.py:4180} INFO - Setting next_dagrun for olist_master_pipeline to None, run_after=None
[2026-06-04T17:42:03.763+0000] {processor.py:208} INFO - Processing /opt/airflow/dags/olist_pipeline_dag.py took 0.114 seconds
[2026-06-04T17:42:34.142+0000] {processor.py:186} INFO - Started process (PID=1001) to work on /opt/airflow/dags/olist_pipeline_dag.py
[2026-06-04T17:42:34.145+0000] {processor.py:914} INFO - Processing file /opt/airflow/dags/olist_pipeline_dag.py for tasks to queue
[2026-06-04T17:42:34.151+0000] {logging_mixin.py:190} INFO - [2026-06-04T17:42:34.150+0000] {dagbag.py:588} INFO - Filling up the DagBag from /opt/airflow/dags/olist_pipeline_dag.py
[2026-06-04T17:42:34.184+0000] {processor.py:925} INFO - DAG(s) 'olist_master_pipeline' retrieved from /opt/airflow/dags/olist_pipeline_dag.py
[2026-06-04T17:42:34.220+0000] {logging_mixin.py:190} INFO - [2026-06-04T17:42:34.220+0000] {dag.py:3239} INFO - Sync 1 DAGs
[2026-06-04T17:42:34.233+0000] {logging_mixin.py:190} INFO - [2026-06-04T17:42:34.233+0000] {dag.py:4180} INFO - Setting next_dagrun for olist_master_pipeline to None, run_after=None
[2026-06-04T17:42:34.247+0000] {processor.py:208} INFO - Processing /opt/airflow/dags/olist_pipeline_dag.py took 0.115 seconds
[2026-06-04T17:43:04.660+0000] {processor.py:186} INFO - Started process (PID=1006) to work on /opt/airflow/dags/olist_pipeline_dag.py
[2026-06-04T17:43:04.664+0000] {processor.py:914} INFO - Processing file /opt/airflow/dags/olist_pipeline_dag.py for tasks to queue
[2026-06-04T17:43:04.670+0000] {logging_mixin.py:190} INFO - [2026-06-04T17:43:04.670+0000] {dagbag.py:588} INFO - Filling up the DagBag from /opt/airflow/dags/olist_pipeline_dag.py
[2026-06-04T17:43:04.690+0000] {processor.py:925} INFO - DAG(s) 'olist_master_pipeline' retrieved from /opt/airflow/dags/olist_pipeline_dag.py
[2026-06-04T17:43:04.750+0000] {logging_mixin.py:190} INFO - [2026-06-04T17:43:04.750+0000] {dag.py:3239} INFO - Sync 1 DAGs
[2026-06-04T17:43:04.766+0000] {logging_mixin.py:190} INFO - [2026-06-04T17:43:04.766+0000] {dag.py:4180} INFO - Setting next_dagrun for olist_master_pipeline to None, run_after=None
[2026-06-04T17:43:04.803+0000] {processor.py:208} INFO - Processing /opt/airflow/dags/olist_pipeline_dag.py took 0.154 seconds
[2026-06-04T17:43:35.127+0000] {processor.py:186} INFO - Started process (PID=1011) to work on /opt/airflow/dags/olist_pipeline_dag.py
[2026-06-04T17:43:35.138+0000] {processor.py:914} INFO - Processing file /opt/airflow/dags/olist_pipeline_dag.py for tasks to queue
[2026-06-04T17:43:35.143+0000] {logging_mixin.py:190} INFO - [2026-06-04T17:43:35.142+0000] {dagbag.py:588} INFO - Filling up the DagBag from /opt/airflow/dags/olist_pipeline_dag.py
[2026-06-04T17:43:35.162+0000] {processor.py:925} INFO - DAG(s) 'olist_master_pipeline' retrieved from /opt/airflow/dags/olist_pipeline_dag.py
[2026-06-04T17:43:35.206+0000] {logging_mixin.py:190} INFO - [2026-06-04T17:43:35.206+0000] {dag.py:3239} INFO - Sync 1 DAGs
[2026-06-04T17:43:35.229+0000] {logging_mixin.py:190} INFO - [2026-06-04T17:43:35.229+0000] {dag.py:4180} INFO - Setting next_dagrun for olist_master_pipeline to None, run_after=None
[2026-06-04T17:43:35.252+0000] {processor.py:208} INFO - Processing /opt/airflow/dags/olist_pipeline_dag.py took 0.145 seconds
[2026-06-04T17:44:05.728+0000] {processor.py:186} INFO - Started process (PID=1016) to work on /opt/airflow/dags/olist_pipeline_dag.py
[2026-06-04T17:44:05.732+0000] {processor.py:914} INFO - Processing file /opt/airflow/dags/olist_pipeline_dag.py for tasks to queue
[2026-06-04T17:44:05.738+0000] {logging_mixin.py:190} INFO - [2026-06-04T17:44:05.738+0000] {dagbag.py:588} INFO - Filling up the DagBag from /opt/airflow/dags/olist_pipeline_dag.py
[2026-06-04T17:44:05.756+0000] {processor.py:925} INFO - DAG(s) 'olist_master_pipeline' retrieved from /opt/airflow/dags/olist_pipeline_dag.py
[2026-06-04T17:44:05.805+0000] {logging_mixin.py:190} INFO - [2026-06-04T17:44:05.805+0000] {dag.py:3239} INFO - Sync 1 DAGs
[2026-06-04T17:44:05.822+0000] {logging_mixin.py:190} INFO - [2026-06-04T17:44:05.821+0000] {dag.py:4180} INFO - Setting next_dagrun for olist_master_pipeline to None, run_after=None
[2026-06-04T17:44:05.836+0000] {processor.py:208} INFO - Processing /opt/airflow/dags/olist_pipeline_dag.py took 0.133 seconds
[2026-06-04T17:44:36.101+0000] {processor.py:186} INFO - Started process (PID=1021) to work on /opt/airflow/dags/olist_pipeline_dag.py
[2026-06-04T17:44:36.111+0000] {processor.py:914} INFO - Processing file /opt/airflow/dags/olist_pipeline_dag.py for tasks to queue
[2026-06-04T17:44:36.123+0000] {logging_mixin.py:190} INFO - [2026-06-04T17:44:36.122+0000] {dagbag.py:588} INFO - Filling up the DagBag from /opt/airflow/dags/olist_pipeline_dag.py
[2026-06-04T17:44:36.140+0000] {processor.py:925} INFO - DAG(s) 'olist_master_pipeline' retrieved from /opt/airflow/dags/olist_pipeline_dag.py
[2026-06-04T17:44:36.171+0000] {logging_mixin.py:190} INFO - [2026-06-04T17:44:36.171+0000] {dag.py:3239} INFO - Sync 1 DAGs
[2026-06-04T17:44:36.185+0000] {logging_mixin.py:190} INFO - [2026-06-04T17:44:36.185+0000] {dag.py:4180} INFO - Setting next_dagrun for olist_master_pipeline to None, run_after=None
[2026-06-04T17:44:36.207+0000] {processor.py:208} INFO - Processing /opt/airflow/dags/olist_pipeline_dag.py took 0.129 seconds
[2026-06-04T17:45:06.748+0000] {processor.py:186} INFO - Started process (PID=1026) to work on /opt/airflow/dags/olist_pipeline_dag.py
[2026-06-04T17:45:06.751+0000] {processor.py:914} INFO - Processing file /opt/airflow/dags/olist_pipeline_dag.py for tasks to queue
[2026-06-04T17:45:06.766+0000] {logging_mixin.py:190} INFO - [2026-06-04T17:45:06.763+0000] {dagbag.py:588} INFO - Filling up the DagBag from /opt/airflow/dags/olist_pipeline_dag.py
[2026-06-04T17:45:06.786+0000] {processor.py:925} INFO - DAG(s) 'olist_master_pipeline' retrieved from /opt/airflow/dags/olist_pipeline_dag.py
[2026-06-04T17:45:06.823+0000] {logging_mixin.py:190} INFO - [2026-06-04T17:45:06.823+0000] {dag.py:3239} INFO - Sync 1 DAGs
[2026-06-04T17:45:06.838+0000] {logging_mixin.py:190} INFO - [2026-06-04T17:45:06.838+0000] {dag.py:4180} INFO - Setting next_dagrun for olist_master_pipeline to None, run_after=None
[2026-06-04T17:45:06.853+0000] {processor.py:208} INFO - Processing /opt/airflow/dags/olist_pipeline_dag.py took 0.114 seconds
[2026-06-04T17:45:37.170+0000] {processor.py:186} INFO - Started process (PID=1031) to work on /opt/airflow/dags/olist_pipeline_dag.py
[2026-06-04T17:45:37.183+0000] {processor.py:914} INFO - Processing file /opt/airflow/dags/olist_pipeline_dag.py for tasks to queue
[2026-06-04T17:45:37.188+0000] {logging_mixin.py:190} INFO - [2026-06-04T17:45:37.188+0000] {dagbag.py:588} INFO - Filling up the DagBag from /opt/airflow/dags/olist_pipeline_dag.py
[2026-06-04T17:45:37.203+0000] {processor.py:925} INFO - DAG(s) 'olist_master_pipeline' retrieved from /opt/airflow/dags/olist_pipeline_dag.py
[2026-06-04T17:45:37.235+0000] {logging_mixin.py:190} INFO - [2026-06-04T17:45:37.235+0000] {dag.py:3239} INFO - Sync 1 DAGs
[2026-06-04T17:45:37.249+0000] {logging_mixin.py:190} INFO - [2026-06-04T17:45:37.249+0000] {dag.py:4180} INFO - Setting next_dagrun for olist_master_pipeline to None, run_after=None
[2026-06-04T17:45:37.263+0000] {processor.py:208} INFO - Processing /opt/airflow/dags/olist_pipeline_dag.py took 0.106 seconds
[2026-06-04T17:46:07.693+0000] {processor.py:186} INFO - Started process (PID=1036) to work on /opt/airflow/dags/olist_pipeline_dag.py
[2026-06-04T17:46:07.699+0000] {processor.py:914} INFO - Processing file /opt/airflow/dags/olist_pipeline_dag.py for tasks to queue
[2026-06-04T17:46:07.707+0000] {logging_mixin.py:190} INFO - [2026-06-04T17:46:07.707+0000] {dagbag.py:588} INFO - Filling up the DagBag from /opt/airflow/dags/olist_pipeline_dag.py
[2026-06-04T17:46:07.726+0000] {processor.py:925} INFO - DAG(s) 'olist_master_pipeline' retrieved from /opt/airflow/dags/olist_pipeline_dag.py
[2026-06-04T17:46:07.761+0000] {logging_mixin.py:190} INFO - [2026-06-04T17:46:07.760+0000] {dag.py:3239} INFO - Sync 1 DAGs
[2026-06-04T17:46:07.776+0000] {logging_mixin.py:190} INFO - [2026-06-04T17:46:07.775+0000] {dag.py:4180} INFO - Setting next_dagrun for olist_master_pipeline to None, run_after=None
[2026-06-04T17:46:07.790+0000] {processor.py:208} INFO - Processing /opt/airflow/dags/olist_pipeline_dag.py took 0.131 seconds
[2026-06-04T17:46:38.145+0000] {processor.py:186} INFO - Started process (PID=1041) to work on /opt/airflow/dags/olist_pipeline_dag.py
[2026-06-04T17:46:38.149+0000] {processor.py:914} INFO - Processing file /opt/airflow/dags/olist_pipeline_dag.py for tasks to queue
[2026-06-04T17:46:38.154+0000] {logging_mixin.py:190} INFO - [2026-06-04T17:46:38.153+0000] {dagbag.py:588} INFO - Filling up the DagBag from /opt/airflow/dags/olist_pipeline_dag.py
[2026-06-04T17:46:38.169+0000] {processor.py:925} INFO - DAG(s) 'olist_master_pipeline' retrieved from /opt/airflow/dags/olist_pipeline_dag.py
[2026-06-04T17:46:38.203+0000] {logging_mixin.py:190} INFO - [2026-06-04T17:46:38.203+0000] {dag.py:3239} INFO - Sync 1 DAGs
[2026-06-04T17:46:38.226+0000] {logging_mixin.py:190} INFO - [2026-06-04T17:46:38.225+0000] {dag.py:4180} INFO - Setting next_dagrun for olist_master_pipeline to None, run_after=None
[2026-06-04T17:46:38.249+0000] {processor.py:208} INFO - Processing /opt/airflow/dags/olist_pipeline_dag.py took 0.112 seconds
[2026-06-04T17:47:08.679+0000] {processor.py:186} INFO - Started process (PID=1046) to work on /opt/airflow/dags/olist_pipeline_dag.py
[2026-06-04T17:47:08.688+0000] {processor.py:914} INFO - Processing file /opt/airflow/dags/olist_pipeline_dag.py for tasks to queue
[2026-06-04T17:47:08.692+0000] {logging_mixin.py:190} INFO - [2026-06-04T17:47:08.692+0000] {dagbag.py:588} INFO - Filling up the DagBag from /opt/airflow/dags/olist_pipeline_dag.py
[2026-06-04T17:47:08.711+0000] {processor.py:925} INFO - DAG(s) 'olist_master_pipeline' retrieved from /opt/airflow/dags/olist_pipeline_dag.py
[2026-06-04T17:47:08.751+0000] {logging_mixin.py:190} INFO - [2026-06-04T17:47:08.751+0000] {dag.py:3239} INFO - Sync 1 DAGs
[2026-06-04T17:47:08.787+0000] {logging_mixin.py:190} INFO - [2026-06-04T17:47:08.786+0000] {dag.py:4180} INFO - Setting next_dagrun for olist_master_pipeline to None, run_after=None
[2026-06-04T17:47:08.808+0000] {processor.py:208} INFO - Processing /opt/airflow/dags/olist_pipeline_dag.py took 0.152 seconds
[2026-06-04T17:47:39.174+0000] {processor.py:186} INFO - Started process (PID=1051) to work on /opt/airflow/dags/olist_pipeline_dag.py
[2026-06-04T17:47:39.177+0000] {processor.py:914} INFO - Processing file /opt/airflow/dags/olist_pipeline_dag.py for tasks to queue
[2026-06-04T17:47:39.182+0000] {logging_mixin.py:190} INFO - [2026-06-04T17:47:39.181+0000] {dagbag.py:588} INFO - Filling up the DagBag from /opt/airflow/dags/olist_pipeline_dag.py
[2026-06-04T17:47:39.227+0000] {processor.py:925} INFO - DAG(s) 'olist_master_pipeline' retrieved from /opt/airflow/dags/olist_pipeline_dag.py
[2026-06-04T17:47:39.289+0000] {logging_mixin.py:190} INFO - [2026-06-04T17:47:39.289+0000] {dag.py:3239} INFO - Sync 1 DAGs
[2026-06-04T17:47:39.337+0000] {logging_mixin.py:190} INFO - [2026-06-04T17:47:39.336+0000] {dag.py:4180} INFO - Setting next_dagrun for olist_master_pipeline to None, run_after=None
[2026-06-04T17:47:39.354+0000] {processor.py:208} INFO - Processing /opt/airflow/dags/olist_pipeline_dag.py took 0.192 seconds
[2026-06-04T17:48:09.626+0000] {processor.py:186} INFO - Started process (PID=1056) to work on /opt/airflow/dags/olist_pipeline_dag.py
[2026-06-04T17:48:09.630+0000] {processor.py:914} INFO - Processing file /opt/airflow/dags/olist_pipeline_dag.py for tasks to queue
[2026-06-04T17:48:09.641+0000] {logging_mixin.py:190} INFO - [2026-06-04T17:48:09.640+0000] {dagbag.py:588} INFO - Filling up the DagBag from /opt/airflow/dags/olist_pipeline_dag.py
[2026-06-04T17:48:09.674+0000] {processor.py:925} INFO - DAG(s) 'olist_master_pipeline' retrieved from /opt/airflow/dags/olist_pipeline_dag.py
[2026-06-04T17:48:09.737+0000] {logging_mixin.py:190} INFO - [2026-06-04T17:48:09.737+0000] {dag.py:3239} INFO - Sync 1 DAGs
[2026-06-04T17:48:09.752+0000] {logging_mixin.py:190} INFO - [2026-06-04T17:48:09.752+0000] {dag.py:4180} INFO - Setting next_dagrun for olist_master_pipeline to None, run_after=None
[2026-06-04T17:48:09.769+0000] {processor.py:208} INFO - Processing /opt/airflow/dags/olist_pipeline_dag.py took 0.154 seconds
[2026-06-04T17:48:40.264+0000] {processor.py:186} INFO - Started process (PID=1061) to work on /opt/airflow/dags/olist_pipeline_dag.py
[2026-06-04T17:48:40.270+0000] {processor.py:914} INFO - Processing file /opt/airflow/dags/olist_pipeline_dag.py for tasks to queue
[2026-06-04T17:48:40.277+0000] {logging_mixin.py:190} INFO - [2026-06-04T17:48:40.277+0000] {dagbag.py:588} INFO - Filling up the DagBag from /opt/airflow/dags/olist_pipeline_dag.py
[2026-06-04T17:48:40.294+0000] {processor.py:925} INFO - DAG(s) 'olist_master_pipeline' retrieved from /opt/airflow/dags/olist_pipeline_dag.py
[2026-06-04T17:48:40.333+0000] {logging_mixin.py:190} INFO - [2026-06-04T17:48:40.333+0000] {dag.py:3239} INFO - Sync 1 DAGs
[2026-06-04T17:48:40.357+0000] {logging_mixin.py:190} INFO - [2026-06-04T17:48:40.357+0000] {dag.py:4180} INFO - Setting next_dagrun for olist_master_pipeline to None, run_after=None
[2026-06-04T17:48:40.373+0000] {processor.py:208} INFO - Processing /opt/airflow/dags/olist_pipeline_dag.py took 0.120 seconds
[2026-06-04T17:49:11.009+0000] {processor.py:186} INFO - Started process (PID=1066) to work on /opt/airflow/dags/olist_pipeline_dag.py
[2026-06-04T17:49:11.012+0000] {processor.py:914} INFO - Processing file /opt/airflow/dags/olist_pipeline_dag.py for tasks to queue
[2026-06-04T17:49:11.032+0000] {logging_mixin.py:190} INFO - [2026-06-04T17:49:11.031+0000] {dagbag.py:588} INFO - Filling up the DagBag from /opt/airflow/dags/olist_pipeline_dag.py
[2026-06-04T17:49:11.078+0000] {processor.py:925} INFO - DAG(s) 'olist_master_pipeline' retrieved from /opt/airflow/dags/olist_pipeline_dag.py
[2026-06-04T17:49:11.138+0000] {logging_mixin.py:190} INFO - [2026-06-04T17:49:11.138+0000] {dag.py:3239} INFO - Sync 1 DAGs
[2026-06-04T17:49:11.159+0000] {logging_mixin.py:190} INFO - [2026-06-04T17:49:11.159+0000] {dag.py:4180} INFO - Setting next_dagrun for olist_master_pipeline to None, run_after=None
[2026-06-04T17:49:11.180+0000] {processor.py:208} INFO - Processing /opt/airflow/dags/olist_pipeline_dag.py took 0.181 seconds
[2026-06-04T17:49:41.834+0000] {processor.py:186} INFO - Started process (PID=1071) to work on /opt/airflow/dags/olist_pipeline_dag.py
[2026-06-04T17:49:41.837+0000] {processor.py:914} INFO - Processing file /opt/airflow/dags/olist_pipeline_dag.py for tasks to queue
[2026-06-04T17:49:41.846+0000] {logging_mixin.py:190} INFO - [2026-06-04T17:49:41.843+0000] {dagbag.py:588} INFO - Filling up the DagBag from /opt/airflow/dags/olist_pipeline_dag.py
[2026-06-04T17:49:41.869+0000] {processor.py:925} INFO - DAG(s) 'olist_master_pipeline' retrieved from /opt/airflow/dags/olist_pipeline_dag.py
[2026-06-04T17:49:41.916+0000] {logging_mixin.py:190} INFO - [2026-06-04T17:49:41.916+0000] {dag.py:3239} INFO - Sync 1 DAGs
[2026-06-04T17:49:41.933+0000] {logging_mixin.py:190} INFO - [2026-06-04T17:49:41.933+0000] {dag.py:4180} INFO - Setting next_dagrun for olist_master_pipeline to None, run_after=None
[2026-06-04T17:49:41.950+0000] {processor.py:208} INFO - Processing /opt/airflow/dags/olist_pipeline_dag.py took 0.124 seconds
[2026-06-04T17:50:00.565+0000] {processor.py:186} INFO - Started process (PID=1076) to work on /opt/airflow/dags/olist_pipeline_dag.py
[2026-06-04T17:50:00.569+0000] {processor.py:914} INFO - Processing file /opt/airflow/dags/olist_pipeline_dag.py for tasks to queue
[2026-06-04T17:50:00.601+0000] {logging_mixin.py:190} INFO - [2026-06-04T17:50:00.600+0000] {dagbag.py:588} INFO - Filling up the DagBag from /opt/airflow/dags/olist_pipeline_dag.py
[2026-06-04T17:50:00.733+0000] {processor.py:925} INFO - DAG(s) 'olist_master_pipeline' retrieved from /opt/airflow/dags/olist_pipeline_dag.py
[2026-06-04T17:50:01.009+0000] {logging_mixin.py:190} INFO - [2026-06-04T17:50:01.009+0000] {dag.py:3239} INFO - Sync 1 DAGs
[2026-06-04T17:50:01.022+0000] {logging_mixin.py:190} INFO - [2026-06-04T17:50:01.022+0000] {dag.py:4180} INFO - Setting next_dagrun for olist_master_pipeline to None, run_after=None
[2026-06-04T17:50:01.050+0000] {processor.py:208} INFO - Processing /opt/airflow/dags/olist_pipeline_dag.py took 0.497 seconds
[2026-06-04T17:50:42.090+0000] {processor.py:186} INFO - Started process (PID=166) to work on /opt/airflow/dags/olist_pipeline_dag.py
[2026-06-04T17:50:42.096+0000] {processor.py:914} INFO - Processing file /opt/airflow/dags/olist_pipeline_dag.py for tasks to queue
[2026-06-04T17:50:42.103+0000] {logging_mixin.py:190} INFO - [2026-06-04T17:50:42.102+0000] {dagbag.py:588} INFO - Filling up the DagBag from /opt/airflow/dags/olist_pipeline_dag.py
[2026-06-04T17:50:42.131+0000] {processor.py:925} INFO - DAG(s) 'olist_master_pipeline' retrieved from /opt/airflow/dags/olist_pipeline_dag.py
[2026-06-04T17:50:42.242+0000] {logging_mixin.py:190} INFO - [2026-06-04T17:50:42.241+0000] {dag.py:3239} INFO - Sync 1 DAGs
[2026-06-04T17:50:42.267+0000] {logging_mixin.py:190} INFO - [2026-06-04T17:50:42.266+0000] {dag.py:4180} INFO - Setting next_dagrun for olist_master_pipeline to None, run_after=None
[2026-06-04T17:50:42.317+0000] {processor.py:208} INFO - Processing /opt/airflow/dags/olist_pipeline_dag.py took 0.259 seconds
[2026-06-04T17:51:12.778+0000] {processor.py:186} INFO - Started process (PID=184) to work on /opt/airflow/dags/olist_pipeline_dag.py
[2026-06-04T17:51:12.781+0000] {processor.py:914} INFO - Processing file /opt/airflow/dags/olist_pipeline_dag.py for tasks to queue
[2026-06-04T17:51:12.789+0000] {logging_mixin.py:190} INFO - [2026-06-04T17:51:12.788+0000] {dagbag.py:588} INFO - Filling up the DagBag from /opt/airflow/dags/olist_pipeline_dag.py
[2026-06-04T17:51:12.808+0000] {processor.py:925} INFO - DAG(s) 'olist_master_pipeline' retrieved from /opt/airflow/dags/olist_pipeline_dag.py
[2026-06-04T17:51:12.860+0000] {logging_mixin.py:190} INFO - [2026-06-04T17:51:12.860+0000] {dag.py:3239} INFO - Sync 1 DAGs
[2026-06-04T17:51:12.877+0000] {logging_mixin.py:190} INFO - [2026-06-04T17:51:12.877+0000] {dag.py:4180} INFO - Setting next_dagrun for olist_master_pipeline to None, run_after=None
[2026-06-04T17:51:12.898+0000] {processor.py:208} INFO - Processing /opt/airflow/dags/olist_pipeline_dag.py took 0.134 seconds
[2026-06-04T17:51:43.230+0000] {processor.py:186} INFO - Started process (PID=189) to work on /opt/airflow/dags/olist_pipeline_dag.py
[2026-06-04T17:51:43.233+0000] {processor.py:914} INFO - Processing file /opt/airflow/dags/olist_pipeline_dag.py for tasks to queue
[2026-06-04T17:51:43.241+0000] {logging_mixin.py:190} INFO - [2026-06-04T17:51:43.240+0000] {dagbag.py:588} INFO - Filling up the DagBag from /opt/airflow/dags/olist_pipeline_dag.py
[2026-06-04T17:51:43.266+0000] {processor.py:925} INFO - DAG(s) 'olist_master_pipeline' retrieved from /opt/airflow/dags/olist_pipeline_dag.py
[2026-06-04T17:51:43.330+0000] {logging_mixin.py:190} INFO - [2026-06-04T17:51:43.330+0000] {dag.py:3239} INFO - Sync 1 DAGs
[2026-06-04T17:51:43.367+0000] {logging_mixin.py:190} INFO - [2026-06-04T17:51:43.367+0000] {dag.py:4180} INFO - Setting next_dagrun for olist_master_pipeline to None, run_after=None
[2026-06-04T17:51:43.416+0000] {processor.py:208} INFO - Processing /opt/airflow/dags/olist_pipeline_dag.py took 0.198 seconds
[2026-06-04T17:52:13.869+0000] {processor.py:186} INFO - Started process (PID=194) to work on /opt/airflow/dags/olist_pipeline_dag.py
[2026-06-04T17:52:13.872+0000] {processor.py:914} INFO - Processing file /opt/airflow/dags/olist_pipeline_dag.py for tasks to queue
[2026-06-04T17:52:13.879+0000] {logging_mixin.py:190} INFO - [2026-06-04T17:52:13.878+0000] {dagbag.py:588} INFO - Filling up the DagBag from /opt/airflow/dags/olist_pipeline_dag.py
[2026-06-04T17:52:13.903+0000] {processor.py:925} INFO - DAG(s) 'olist_master_pipeline' retrieved from /opt/airflow/dags/olist_pipeline_dag.py
[2026-06-04T17:52:13.946+0000] {logging_mixin.py:190} INFO - [2026-06-04T17:52:13.946+0000] {dag.py:3239} INFO - Sync 1 DAGs
[2026-06-04T17:52:13.964+0000] {logging_mixin.py:190} INFO - [2026-06-04T17:52:13.964+0000] {dag.py:4180} INFO - Setting next_dagrun for olist_master_pipeline to None, run_after=None
[2026-06-04T17:52:13.979+0000] {processor.py:208} INFO - Processing /opt/airflow/dags/olist_pipeline_dag.py took 0.124 seconds
[2026-06-04T17:52:44.555+0000] {processor.py:186} INFO - Started process (PID=199) to work on /opt/airflow/dags/olist_pipeline_dag.py
[2026-06-04T17:52:44.560+0000] {processor.py:914} INFO - Processing file /opt/airflow/dags/olist_pipeline_dag.py for tasks to queue
[2026-06-04T17:52:44.584+0000] {logging_mixin.py:190} INFO - [2026-06-04T17:52:44.581+0000] {dagbag.py:588} INFO - Filling up the DagBag from /opt/airflow/dags/olist_pipeline_dag.py
[2026-06-04T17:52:44.622+0000] {processor.py:925} INFO - DAG(s) 'olist_master_pipeline' retrieved from /opt/airflow/dags/olist_pipeline_dag.py
[2026-06-04T17:52:44.833+0000] {logging_mixin.py:190} INFO - [2026-06-04T17:52:44.833+0000] {dag.py:3239} INFO - Sync 1 DAGs
[2026-06-04T17:52:44.846+0000] {logging_mixin.py:190} INFO - [2026-06-04T17:52:44.846+0000] {dag.py:4180} INFO - Setting next_dagrun for olist_master_pipeline to None, run_after=None
[2026-06-04T17:52:44.864+0000] {processor.py:208} INFO - Processing /opt/airflow/dags/olist_pipeline_dag.py took 0.494 seconds
[2026-06-04T17:53:15.281+0000] {processor.py:186} INFO - Started process (PID=204) to work on /opt/airflow/dags/olist_pipeline_dag.py
[2026-06-04T17:53:15.287+0000] {processor.py:914} INFO - Processing file /opt/airflow/dags/olist_pipeline_dag.py for tasks to queue
[2026-06-04T17:53:15.319+0000] {logging_mixin.py:190} INFO - [2026-06-04T17:53:15.316+0000] {dagbag.py:588} INFO - Filling up the DagBag from /opt/airflow/dags/olist_pipeline_dag.py
[2026-06-04T17:53:15.369+0000] {processor.py:925} INFO - DAG(s) 'olist_master_pipeline' retrieved from /opt/airflow/dags/olist_pipeline_dag.py
[2026-06-04T17:53:15.720+0000] {logging_mixin.py:190} INFO - [2026-06-04T17:53:15.719+0000] {dag.py:3239} INFO - Sync 1 DAGs
[2026-06-04T17:53:15.856+0000] {logging_mixin.py:190} INFO - [2026-06-04T17:53:15.855+0000] {dag.py:4180} INFO - Setting next_dagrun for olist_master_pipeline to None, run_after=None
[2026-06-04T17:53:16.044+0000] {processor.py:208} INFO - Processing /opt/airflow/dags/olist_pipeline_dag.py took 0.802 seconds
[2026-06-04T17:53:46.962+0000] {processor.py:186} INFO - Started process (PID=209) to work on /opt/airflow/dags/olist_pipeline_dag.py
[2026-06-04T17:53:46.965+0000] {processor.py:914} INFO - Processing file /opt/airflow/dags/olist_pipeline_dag.py for tasks to queue
[2026-06-04T17:53:46.977+0000] {logging_mixin.py:190} INFO - [2026-06-04T17:53:46.977+0000] {dagbag.py:588} INFO - Filling up the DagBag from /opt/airflow/dags/olist_pipeline_dag.py
[2026-06-04T17:53:47.079+0000] {processor.py:925} INFO - DAG(s) 'olist_master_pipeline' retrieved from /opt/airflow/dags/olist_pipeline_dag.py
[2026-06-04T17:53:47.585+0000] {logging_mixin.py:190} INFO - [2026-06-04T17:53:47.584+0000] {dag.py:3239} INFO - Sync 1 DAGs
[2026-06-04T17:53:47.674+0000] {logging_mixin.py:190} INFO - [2026-06-04T17:53:47.674+0000] {dag.py:4180} INFO - Setting next_dagrun for olist_master_pipeline to None, run_after=None
[2026-06-04T17:53:47.781+0000] {processor.py:208} INFO - Processing /opt/airflow/dags/olist_pipeline_dag.py took 0.862 seconds
[2026-06-04T17:54:18.362+0000] {processor.py:186} INFO - Started process (PID=214) to work on /opt/airflow/dags/olist_pipeline_dag.py
[2026-06-04T17:54:18.366+0000] {processor.py:914} INFO - Processing file /opt/airflow/dags/olist_pipeline_dag.py for tasks to queue
[2026-06-04T17:54:18.372+0000] {logging_mixin.py:190} INFO - [2026-06-04T17:54:18.371+0000] {dagbag.py:588} INFO - Filling up the DagBag from /opt/airflow/dags/olist_pipeline_dag.py
[2026-06-04T17:54:18.392+0000] {processor.py:925} INFO - DAG(s) 'olist_master_pipeline' retrieved from /opt/airflow/dags/olist_pipeline_dag.py
[2026-06-04T17:54:18.447+0000] {logging_mixin.py:190} INFO - [2026-06-04T17:54:18.446+0000] {dag.py:3239} INFO - Sync 1 DAGs
[2026-06-04T17:54:18.524+0000] {logging_mixin.py:190} INFO - [2026-06-04T17:54:18.524+0000] {dag.py:4180} INFO - Setting next_dagrun for olist_master_pipeline to None, run_after=None
[2026-06-04T17:54:18.599+0000] {processor.py:208} INFO - Processing /opt/airflow/dags/olist_pipeline_dag.py took 0.258 seconds
[2026-06-04T17:54:48.773+0000] {processor.py:186} INFO - Started process (PID=219) to work on /opt/airflow/dags/olist_pipeline_dag.py
[2026-06-04T17:54:48.780+0000] {processor.py:914} INFO - Processing file /opt/airflow/dags/olist_pipeline_dag.py for tasks to queue
[2026-06-04T17:54:48.791+0000] {logging_mixin.py:190} INFO - [2026-06-04T17:54:48.790+0000] {dagbag.py:588} INFO - Filling up the DagBag from /opt/airflow/dags/olist_pipeline_dag.py
[2026-06-04T17:54:48.817+0000] {processor.py:925} INFO - DAG(s) 'olist_master_pipeline' retrieved from /opt/airflow/dags/olist_pipeline_dag.py
[2026-06-04T17:54:48.874+0000] {logging_mixin.py:190} INFO - [2026-06-04T17:54:48.874+0000] {dag.py:3239} INFO - Sync 1 DAGs
[2026-06-04T17:54:48.903+0000] {logging_mixin.py:190} INFO - [2026-06-04T17:54:48.903+0000] {dag.py:4180} INFO - Setting next_dagrun for olist_master_pipeline to None, run_after=None
[2026-06-04T17:54:48.921+0000] {processor.py:208} INFO - Processing /opt/airflow/dags/olist_pipeline_dag.py took 0.159 seconds
[2026-06-04T17:55:19.815+0000] {processor.py:186} INFO - Started process (PID=224) to work on /opt/airflow/dags/olist_pipeline_dag.py
[2026-06-04T17:55:19.819+0000] {processor.py:914} INFO - Processing file /opt/airflow/dags/olist_pipeline_dag.py for tasks to queue
[2026-06-04T17:55:19.835+0000] {logging_mixin.py:190} INFO - [2026-06-04T17:55:19.828+0000] {dagbag.py:588} INFO - Filling up the DagBag from /opt/airflow/dags/olist_pipeline_dag.py
[2026-06-04T17:55:19.886+0000] {processor.py:925} INFO - DAG(s) 'olist_master_pipeline' retrieved from /opt/airflow/dags/olist_pipeline_dag.py
[2026-06-04T17:55:19.934+0000] {logging_mixin.py:190} INFO - [2026-06-04T17:55:19.934+0000] {dag.py:3239} INFO - Sync 1 DAGs
[2026-06-04T17:55:19.950+0000] {logging_mixin.py:190} INFO - [2026-06-04T17:55:19.950+0000] {dag.py:4180} INFO - Setting next_dagrun for olist_master_pipeline to None, run_after=None
[2026-06-04T17:55:19.969+0000] {processor.py:208} INFO - Processing /opt/airflow/dags/olist_pipeline_dag.py took 0.187 seconds
[2026-06-04T17:55:50.311+0000] {processor.py:186} INFO - Started process (PID=229) to work on /opt/airflow/dags/olist_pipeline_dag.py
[2026-06-04T17:55:50.318+0000] {processor.py:914} INFO - Processing file /opt/airflow/dags/olist_pipeline_dag.py for tasks to queue
[2026-06-04T17:55:50.329+0000] {logging_mixin.py:190} INFO - [2026-06-04T17:55:50.328+0000] {dagbag.py:588} INFO - Filling up the DagBag from /opt/airflow/dags/olist_pipeline_dag.py
[2026-06-04T17:55:50.351+0000] {processor.py:925} INFO - DAG(s) 'olist_master_pipeline' retrieved from /opt/airflow/dags/olist_pipeline_dag.py
[2026-06-04T17:55:50.403+0000] {logging_mixin.py:190} INFO - [2026-06-04T17:55:50.403+0000] {dag.py:3239} INFO - Sync 1 DAGs
[2026-06-04T17:55:50.431+0000] {logging_mixin.py:190} INFO - [2026-06-04T17:55:50.430+0000] {dag.py:4180} INFO - Setting next_dagrun for olist_master_pipeline to None, run_after=None
[2026-06-04T17:55:50.452+0000] {processor.py:208} INFO - Processing /opt/airflow/dags/olist_pipeline_dag.py took 0.149 seconds
[2026-06-04T17:56:20.782+0000] {processor.py:186} INFO - Started process (PID=234) to work on /opt/airflow/dags/olist_pipeline_dag.py
[2026-06-04T17:56:20.789+0000] {processor.py:914} INFO - Processing file /opt/airflow/dags/olist_pipeline_dag.py for tasks to queue
[2026-06-04T17:56:20.796+0000] {logging_mixin.py:190} INFO - [2026-06-04T17:56:20.795+0000] {dagbag.py:588} INFO - Filling up the DagBag from /opt/airflow/dags/olist_pipeline_dag.py
[2026-06-04T17:56:20.814+0000] {processor.py:925} INFO - DAG(s) 'olist_master_pipeline' retrieved from /opt/airflow/dags/olist_pipeline_dag.py
[2026-06-04T17:56:20.853+0000] {logging_mixin.py:190} INFO - [2026-06-04T17:56:20.853+0000] {dag.py:3239} INFO - Sync 1 DAGs
[2026-06-04T17:56:20.877+0000] {logging_mixin.py:190} INFO - [2026-06-04T17:56:20.877+0000] {dag.py:4180} INFO - Setting next_dagrun for olist_master_pipeline to None, run_after=None
[2026-06-04T17:56:20.891+0000] {processor.py:208} INFO - Processing /opt/airflow/dags/olist_pipeline_dag.py took 0.132 seconds
[2026-06-04T17:56:51.184+0000] {processor.py:186} INFO - Started process (PID=239) to work on /opt/airflow/dags/olist_pipeline_dag.py
[2026-06-04T17:56:51.187+0000] {processor.py:914} INFO - Processing file /opt/airflow/dags/olist_pipeline_dag.py for tasks to queue
[2026-06-04T17:56:51.193+0000] {logging_mixin.py:190} INFO - [2026-06-04T17:56:51.192+0000] {dagbag.py:588} INFO - Filling up the DagBag from /opt/airflow/dags/olist_pipeline_dag.py
[2026-06-04T17:56:51.210+0000] {processor.py:925} INFO - DAG(s) 'olist_master_pipeline' retrieved from /opt/airflow/dags/olist_pipeline_dag.py
[2026-06-04T17:56:51.255+0000] {logging_mixin.py:190} INFO - [2026-06-04T17:56:51.254+0000] {dag.py:3239} INFO - Sync 1 DAGs
[2026-06-04T17:56:51.269+0000] {logging_mixin.py:190} INFO - [2026-06-04T17:56:51.269+0000] {dag.py:4180} INFO - Setting next_dagrun for olist_master_pipeline to None, run_after=None
[2026-06-04T17:56:51.285+0000] {processor.py:208} INFO - Processing /opt/airflow/dags/olist_pipeline_dag.py took 0.114 seconds
[2026-06-04T17:57:21.638+0000] {processor.py:186} INFO - Started process (PID=244) to work on /opt/airflow/dags/olist_pipeline_dag.py
[2026-06-04T17:57:21.641+0000] {processor.py:914} INFO - Processing file /opt/airflow/dags/olist_pipeline_dag.py for tasks to queue
[2026-06-04T17:57:21.646+0000] {logging_mixin.py:190} INFO - [2026-06-04T17:57:21.646+0000] {dagbag.py:588} INFO - Filling up the DagBag from /opt/airflow/dags/olist_pipeline_dag.py
[2026-06-04T17:57:21.662+0000] {processor.py:925} INFO - DAG(s) 'olist_master_pipeline' retrieved from /opt/airflow/dags/olist_pipeline_dag.py
[2026-06-04T17:57:21.707+0000] {logging_mixin.py:190} INFO - [2026-06-04T17:57:21.707+0000] {dag.py:3239} INFO - Sync 1 DAGs
[2026-06-04T17:57:21.721+0000] {logging_mixin.py:190} INFO - [2026-06-04T17:57:21.721+0000] {dag.py:4180} INFO - Setting next_dagrun for olist_master_pipeline to None, run_after=None
[2026-06-04T17:57:21.750+0000] {processor.py:208} INFO - Processing /opt/airflow/dags/olist_pipeline_dag.py took 0.120 seconds
[2026-06-04T17:57:52.077+0000] {processor.py:186} INFO - Started process (PID=249) to work on /opt/airflow/dags/olist_pipeline_dag.py
[2026-06-04T17:57:52.080+0000] {processor.py:914} INFO - Processing file /opt/airflow/dags/olist_pipeline_dag.py for tasks to queue
[2026-06-04T17:57:52.085+0000] {logging_mixin.py:190} INFO - [2026-06-04T17:57:52.085+0000] {dagbag.py:588} INFO - Filling up the DagBag from /opt/airflow/dags/olist_pipeline_dag.py
[2026-06-04T17:57:52.103+0000] {processor.py:925} INFO - DAG(s) 'olist_master_pipeline' retrieved from /opt/airflow/dags/olist_pipeline_dag.py
[2026-06-04T17:57:52.138+0000] {logging_mixin.py:190} INFO - [2026-06-04T17:57:52.137+0000] {dag.py:3239} INFO - Sync 1 DAGs
[2026-06-04T17:57:52.153+0000] {logging_mixin.py:190} INFO - [2026-06-04T17:57:52.153+0000] {dag.py:4180} INFO - Setting next_dagrun for olist_master_pipeline to None, run_after=None
[2026-06-04T17:57:52.168+0000] {processor.py:208} INFO - Processing /opt/airflow/dags/olist_pipeline_dag.py took 0.100 seconds
[2026-06-04T17:58:22.508+0000] {processor.py:186} INFO - Started process (PID=254) to work on /opt/airflow/dags/olist_pipeline_dag.py
[2026-06-04T17:58:22.511+0000] {processor.py:914} INFO - Processing file /opt/airflow/dags/olist_pipeline_dag.py for tasks to queue
[2026-06-04T17:58:22.516+0000] {logging_mixin.py:190} INFO - [2026-06-04T17:58:22.515+0000] {dagbag.py:588} INFO - Filling up the DagBag from /opt/airflow/dags/olist_pipeline_dag.py
[2026-06-04T17:58:22.533+0000] {processor.py:925} INFO - DAG(s) 'olist_master_pipeline' retrieved from /opt/airflow/dags/olist_pipeline_dag.py
[2026-06-04T17:58:22.570+0000] {logging_mixin.py:190} INFO - [2026-06-04T17:58:22.570+0000] {dag.py:3239} INFO - Sync 1 DAGs
[2026-06-04T17:58:22.600+0000] {logging_mixin.py:190} INFO - [2026-06-04T17:58:22.600+0000] {dag.py:4180} INFO - Setting next_dagrun for olist_master_pipeline to None, run_after=None
[2026-06-04T17:58:22.621+0000] {processor.py:208} INFO - Processing /opt/airflow/dags/olist_pipeline_dag.py took 0.123 seconds
[2026-06-04T17:58:53.214+0000] {processor.py:186} INFO - Started process (PID=259) to work on /opt/airflow/dags/olist_pipeline_dag.py
[2026-06-04T17:58:53.221+0000] {processor.py:914} INFO - Processing file /opt/airflow/dags/olist_pipeline_dag.py for tasks to queue
[2026-06-04T17:58:53.227+0000] {logging_mixin.py:190} INFO - [2026-06-04T17:58:53.227+0000] {dagbag.py:588} INFO - Filling up the DagBag from /opt/airflow/dags/olist_pipeline_dag.py
[2026-06-04T17:58:53.255+0000] {processor.py:925} INFO - DAG(s) 'olist_master_pipeline' retrieved from /opt/airflow/dags/olist_pipeline_dag.py
[2026-06-04T17:58:53.291+0000] {logging_mixin.py:190} INFO - [2026-06-04T17:58:53.290+0000] {dag.py:3239} INFO - Sync 1 DAGs
[2026-06-04T17:58:53.305+0000] {logging_mixin.py:190} INFO - [2026-06-04T17:58:53.305+0000] {dag.py:4180} INFO - Setting next_dagrun for olist_master_pipeline to None, run_after=None
[2026-06-04T17:58:53.335+0000] {processor.py:208} INFO - Processing /opt/airflow/dags/olist_pipeline_dag.py took 0.131 seconds
[2026-06-04T17:59:23.803+0000] {processor.py:186} INFO - Started process (PID=264) to work on /opt/airflow/dags/olist_pipeline_dag.py
[2026-06-04T17:59:23.809+0000] {processor.py:914} INFO - Processing file /opt/airflow/dags/olist_pipeline_dag.py for tasks to queue
[2026-06-04T17:59:23.821+0000] {logging_mixin.py:190} INFO - [2026-06-04T17:59:23.820+0000] {dagbag.py:588} INFO - Filling up the DagBag from /opt/airflow/dags/olist_pipeline_dag.py
[2026-06-04T17:59:23.864+0000] {processor.py:925} INFO - DAG(s) 'olist_master_pipeline' retrieved from /opt/airflow/dags/olist_pipeline_dag.py
[2026-06-04T17:59:23.954+0000] {logging_mixin.py:190} INFO - [2026-06-04T17:59:23.954+0000] {dag.py:3239} INFO - Sync 1 DAGs
[2026-06-04T17:59:23.994+0000] {logging_mixin.py:190} INFO - [2026-06-04T17:59:23.993+0000] {dag.py:4180} INFO - Setting next_dagrun for olist_master_pipeline to None, run_after=None
[2026-06-04T17:59:24.032+0000] {processor.py:208} INFO - Processing /opt/airflow/dags/olist_pipeline_dag.py took 0.258 seconds
[2026-06-04T17:59:54.370+0000] {processor.py:186} INFO - Started process (PID=269) to work on /opt/airflow/dags/olist_pipeline_dag.py
[2026-06-04T17:59:54.374+0000] {processor.py:914} INFO - Processing file /opt/airflow/dags/olist_pipeline_dag.py for tasks to queue
[2026-06-04T17:59:54.379+0000] {logging_mixin.py:190} INFO - [2026-06-04T17:59:54.378+0000] {dagbag.py:588} INFO - Filling up the DagBag from /opt/airflow/dags/olist_pipeline_dag.py
[2026-06-04T17:59:54.416+0000] {processor.py:925} INFO - DAG(s) 'olist_master_pipeline' retrieved from /opt/airflow/dags/olist_pipeline_dag.py
[2026-06-04T17:59:54.474+0000] {logging_mixin.py:190} INFO - [2026-06-04T17:59:54.473+0000] {dag.py:3239} INFO - Sync 1 DAGs
[2026-06-04T17:59:54.492+0000] {logging_mixin.py:190} INFO - [2026-06-04T17:59:54.492+0000] {dag.py:4180} INFO - Setting next_dagrun for olist_master_pipeline to None, run_after=None
[2026-06-04T17:59:54.507+0000] {processor.py:208} INFO - Processing /opt/airflow/dags/olist_pipeline_dag.py took 0.146 seconds
[2026-06-04T18:00:24.993+0000] {processor.py:186} INFO - Started process (PID=274) to work on /opt/airflow/dags/olist_pipeline_dag.py
[2026-06-04T18:00:24.997+0000] {processor.py:914} INFO - Processing file /opt/airflow/dags/olist_pipeline_dag.py for tasks to queue
[2026-06-04T18:00:25.030+0000] {logging_mixin.py:190} INFO - [2026-06-04T18:00:25.030+0000] {dagbag.py:588} INFO - Filling up the DagBag from /opt/airflow/dags/olist_pipeline_dag.py
[2026-06-04T18:00:25.060+0000] {processor.py:925} INFO - DAG(s) 'olist_master_pipeline' retrieved from /opt/airflow/dags/olist_pipeline_dag.py
[2026-06-04T18:00:25.166+0000] {logging_mixin.py:190} INFO - [2026-06-04T18:00:25.166+0000] {dag.py:3239} INFO - Sync 1 DAGs
[2026-06-04T18:00:25.187+0000] {logging_mixin.py:190} INFO - [2026-06-04T18:00:25.186+0000] {dag.py:4180} INFO - Setting next_dagrun for olist_master_pipeline to None, run_after=None
[2026-06-04T18:00:25.205+0000] {processor.py:208} INFO - Processing /opt/airflow/dags/olist_pipeline_dag.py took 0.224 seconds
[2026-06-04T18:00:55.491+0000] {processor.py:186} INFO - Started process (PID=279) to work on /opt/airflow/dags/olist_pipeline_dag.py
[2026-06-04T18:00:55.493+0000] {processor.py:914} INFO - Processing file /opt/airflow/dags/olist_pipeline_dag.py for tasks to queue
[2026-06-04T18:00:55.500+0000] {logging_mixin.py:190} INFO - [2026-06-04T18:00:55.500+0000] {dagbag.py:588} INFO - Filling up the DagBag from /opt/airflow/dags/olist_pipeline_dag.py
[2026-06-04T18:00:55.521+0000] {processor.py:925} INFO - DAG(s) 'olist_master_pipeline' retrieved from /opt/airflow/dags/olist_pipeline_dag.py
[2026-06-04T18:00:55.577+0000] {logging_mixin.py:190} INFO - [2026-06-04T18:00:55.576+0000] {dag.py:3239} INFO - Sync 1 DAGs
[2026-06-04T18:00:55.594+0000] {logging_mixin.py:190} INFO - [2026-06-04T18:00:55.594+0000] {dag.py:4180} INFO - Setting next_dagrun for olist_master_pipeline to None, run_after=None
[2026-06-04T18:00:55.621+0000] {processor.py:208} INFO - Processing /opt/airflow/dags/olist_pipeline_dag.py took 0.142 seconds
[2026-06-04T18:01:26.220+0000] {processor.py:186} INFO - Started process (PID=284) to work on /opt/airflow/dags/olist_pipeline_dag.py
[2026-06-04T18:01:26.223+0000] {processor.py:914} INFO - Processing file /opt/airflow/dags/olist_pipeline_dag.py for tasks to queue
[2026-06-04T18:01:26.230+0000] {logging_mixin.py:190} INFO - [2026-06-04T18:01:26.229+0000] {dagbag.py:588} INFO - Filling up the DagBag from /opt/airflow/dags/olist_pipeline_dag.py
[2026-06-04T18:01:26.248+0000] {processor.py:925} INFO - DAG(s) 'olist_master_pipeline' retrieved from /opt/airflow/dags/olist_pipeline_dag.py
[2026-06-04T18:01:26.299+0000] {logging_mixin.py:190} INFO - [2026-06-04T18:01:26.298+0000] {dag.py:3239} INFO - Sync 1 DAGs
[2026-06-04T18:01:26.318+0000] {logging_mixin.py:190} INFO - [2026-06-04T18:01:26.318+0000] {dag.py:4180} INFO - Setting next_dagrun for olist_master_pipeline to None, run_after=None
[2026-06-04T18:01:26.332+0000] {processor.py:208} INFO - Processing /opt/airflow/dags/olist_pipeline_dag.py took 0.122 seconds
[2026-06-04T18:01:56.872+0000] {processor.py:186} INFO - Started process (PID=289) to work on /opt/airflow/dags/olist_pipeline_dag.py
[2026-06-04T18:01:56.889+0000] {processor.py:914} INFO - Processing file /opt/airflow/dags/olist_pipeline_dag.py for tasks to queue
[2026-06-04T18:01:56.964+0000] {logging_mixin.py:190} INFO - [2026-06-04T18:01:56.963+0000] {dagbag.py:588} INFO - Filling up the DagBag from /opt/airflow/dags/olist_pipeline_dag.py
[2026-06-04T18:01:57.124+0000] {processor.py:925} INFO - DAG(s) 'olist_master_pipeline' retrieved from /opt/airflow/dags/olist_pipeline_dag.py
[2026-06-04T18:01:57.414+0000] {logging_mixin.py:190} INFO - [2026-06-04T18:01:57.414+0000] {dag.py:3239} INFO - Sync 1 DAGs
[2026-06-04T18:01:57.431+0000] {logging_mixin.py:190} INFO - [2026-06-04T18:01:57.431+0000] {dag.py:4180} INFO - Setting next_dagrun for olist_master_pipeline to None, run_after=None
[2026-06-04T18:01:57.444+0000] {processor.py:208} INFO - Processing /opt/airflow/dags/olist_pipeline_dag.py took 0.656 seconds
[2026-06-04T18:02:28.136+0000] {processor.py:186} INFO - Started process (PID=294) to work on /opt/airflow/dags/olist_pipeline_dag.py
[2026-06-04T18:02:28.140+0000] {processor.py:914} INFO - Processing file /opt/airflow/dags/olist_pipeline_dag.py for tasks to queue
[2026-06-04T18:02:28.146+0000] {logging_mixin.py:190} INFO - [2026-06-04T18:02:28.145+0000] {dagbag.py:588} INFO - Filling up the DagBag from /opt/airflow/dags/olist_pipeline_dag.py
[2026-06-04T18:02:28.162+0000] {processor.py:925} INFO - DAG(s) 'olist_master_pipeline' retrieved from /opt/airflow/dags/olist_pipeline_dag.py
[2026-06-04T18:02:28.203+0000] {logging_mixin.py:190} INFO - [2026-06-04T18:02:28.203+0000] {dag.py:3239} INFO - Sync 1 DAGs
[2026-06-04T18:02:28.220+0000] {logging_mixin.py:190} INFO - [2026-06-04T18:02:28.220+0000] {dag.py:4180} INFO - Setting next_dagrun for olist_master_pipeline to None, run_after=None
[2026-06-04T18:02:28.234+0000] {processor.py:208} INFO - Processing /opt/airflow/dags/olist_pipeline_dag.py took 0.108 seconds
[2026-06-04T18:03:43.744+0000] {processor.py:186} INFO - Started process (PID=166) to work on /opt/airflow/dags/olist_pipeline_dag.py
[2026-06-04T18:03:43.747+0000] {processor.py:914} INFO - Processing file /opt/airflow/dags/olist_pipeline_dag.py for tasks to queue
[2026-06-04T18:03:43.754+0000] {logging_mixin.py:190} INFO - [2026-06-04T18:03:43.753+0000] {dagbag.py:588} INFO - Filling up the DagBag from /opt/airflow/dags/olist_pipeline_dag.py
[2026-06-04T18:03:43.794+0000] {processor.py:925} INFO - DAG(s) 'olist_master_pipeline' retrieved from /opt/airflow/dags/olist_pipeline_dag.py
[2026-06-04T18:03:43.855+0000] {logging_mixin.py:190} INFO - [2026-06-04T18:03:43.854+0000] {dag.py:3239} INFO - Sync 1 DAGs
[2026-06-04T18:03:43.883+0000] {logging_mixin.py:190} INFO - [2026-06-04T18:03:43.883+0000] {dag.py:4180} INFO - Setting next_dagrun for olist_master_pipeline to None, run_after=None
[2026-06-04T18:03:43.904+0000] {processor.py:208} INFO - Processing /opt/airflow/dags/olist_pipeline_dag.py took 0.183 seconds
[2026-06-04T18:04:14.256+0000] {processor.py:186} INFO - Started process (PID=171) to work on /opt/airflow/dags/olist_pipeline_dag.py
[2026-06-04T18:04:14.259+0000] {processor.py:914} INFO - Processing file /opt/airflow/dags/olist_pipeline_dag.py for tasks to queue
[2026-06-04T18:04:14.298+0000] {logging_mixin.py:190} INFO - [2026-06-04T18:04:14.297+0000] {dagbag.py:588} INFO - Filling up the DagBag from /opt/airflow/dags/olist_pipeline_dag.py
[2026-06-04T18:04:14.338+0000] {processor.py:925} INFO - DAG(s) 'olist_master_pipeline' retrieved from /opt/airflow/dags/olist_pipeline_dag.py
[2026-06-04T18:04:14.424+0000] {logging_mixin.py:190} INFO - [2026-06-04T18:04:14.424+0000] {dag.py:3239} INFO - Sync 1 DAGs
[2026-06-04T18:04:14.448+0000] {logging_mixin.py:190} INFO - [2026-06-04T18:04:14.448+0000] {dag.py:4180} INFO - Setting next_dagrun for olist_master_pipeline to None, run_after=None
[2026-06-04T18:04:14.479+0000] {processor.py:208} INFO - Processing /opt/airflow/dags/olist_pipeline_dag.py took 0.239 seconds
[2026-06-04T18:04:44.985+0000] {processor.py:186} INFO - Started process (PID=176) to work on /opt/airflow/dags/olist_pipeline_dag.py
[2026-06-04T18:04:44.989+0000] {processor.py:914} INFO - Processing file /opt/airflow/dags/olist_pipeline_dag.py for tasks to queue
[2026-06-04T18:04:44.994+0000] {logging_mixin.py:190} INFO - [2026-06-04T18:04:44.994+0000] {dagbag.py:588} INFO - Filling up the DagBag from /opt/airflow/dags/olist_pipeline_dag.py
[2026-06-04T18:04:45.028+0000] {processor.py:925} INFO - DAG(s) 'olist_master_pipeline' retrieved from /opt/airflow/dags/olist_pipeline_dag.py
[2026-06-04T18:04:45.073+0000] {logging_mixin.py:190} INFO - [2026-06-04T18:04:45.072+0000] {dag.py:3239} INFO - Sync 1 DAGs
[2026-06-04T18:04:45.099+0000] {logging_mixin.py:190} INFO - [2026-06-04T18:04:45.099+0000] {dag.py:4180} INFO - Setting next_dagrun for olist_master_pipeline to None, run_after=None
[2026-06-04T18:04:45.127+0000] {processor.py:208} INFO - Processing /opt/airflow/dags/olist_pipeline_dag.py took 0.151 seconds
[2026-06-04T18:05:15.604+0000] {processor.py:186} INFO - Started process (PID=181) to work on /opt/airflow/dags/olist_pipeline_dag.py
[2026-06-04T18:05:15.606+0000] {processor.py:914} INFO - Processing file /opt/airflow/dags/olist_pipeline_dag.py for tasks to queue
[2026-06-04T18:05:15.611+0000] {logging_mixin.py:190} INFO - [2026-06-04T18:05:15.610+0000] {dagbag.py:588} INFO - Filling up the DagBag from /opt/airflow/dags/olist_pipeline_dag.py
[2026-06-04T18:05:15.644+0000] {processor.py:925} INFO - DAG(s) 'olist_master_pipeline' retrieved from /opt/airflow/dags/olist_pipeline_dag.py
[2026-06-04T18:05:15.732+0000] {logging_mixin.py:190} INFO - [2026-06-04T18:05:15.731+0000] {dag.py:3239} INFO - Sync 1 DAGs
[2026-06-04T18:05:15.775+0000] {logging_mixin.py:190} INFO - [2026-06-04T18:05:15.775+0000] {dag.py:4180} INFO - Setting next_dagrun for olist_master_pipeline to None, run_after=None
[2026-06-04T18:05:15.804+0000] {processor.py:208} INFO - Processing /opt/airflow/dags/olist_pipeline_dag.py took 0.214 seconds
[2026-06-04T18:05:46.039+0000] {processor.py:186} INFO - Started process (PID=186) to work on /opt/airflow/dags/olist_pipeline_dag.py
[2026-06-04T18:05:46.042+0000] {processor.py:914} INFO - Processing file /opt/airflow/dags/olist_pipeline_dag.py for tasks to queue
[2026-06-04T18:05:46.049+0000] {logging_mixin.py:190} INFO - [2026-06-04T18:05:46.049+0000] {dagbag.py:588} INFO - Filling up the DagBag from /opt/airflow/dags/olist_pipeline_dag.py
[2026-06-04T18:05:46.070+0000] {processor.py:925} INFO - DAG(s) 'olist_master_pipeline' retrieved from /opt/airflow/dags/olist_pipeline_dag.py
[2026-06-04T18:05:46.108+0000] {logging_mixin.py:190} INFO - [2026-06-04T18:05:46.107+0000] {dag.py:3239} INFO - Sync 1 DAGs
[2026-06-04T18:05:46.139+0000] {logging_mixin.py:190} INFO - [2026-06-04T18:05:46.138+0000] {dag.py:4180} INFO - Setting next_dagrun for olist_master_pipeline to None, run_after=None
[2026-06-04T18:05:46.174+0000] {processor.py:208} INFO - Processing /opt/airflow/dags/olist_pipeline_dag.py took 0.146 seconds
[2026-06-04T18:06:16.495+0000] {processor.py:186} INFO - Started process (PID=191) to work on /opt/airflow/dags/olist_pipeline_dag.py
[2026-06-04T18:06:16.498+0000] {processor.py:914} INFO - Processing file /opt/airflow/dags/olist_pipeline_dag.py for tasks to queue
[2026-06-04T18:06:16.502+0000] {logging_mixin.py:190} INFO - [2026-06-04T18:06:16.501+0000] {dagbag.py:588} INFO - Filling up the DagBag from /opt/airflow/dags/olist_pipeline_dag.py
[2026-06-04T18:06:16.531+0000] {processor.py:925} INFO - DAG(s) 'olist_master_pipeline' retrieved from /opt/airflow/dags/olist_pipeline_dag.py
[2026-06-04T18:06:16.578+0000] {logging_mixin.py:190} INFO - [2026-06-04T18:06:16.578+0000] {dag.py:3239} INFO - Sync 1 DAGs
[2026-06-04T18:06:16.606+0000] {logging_mixin.py:190} INFO - [2026-06-04T18:06:16.606+0000] {dag.py:4180} INFO - Setting next_dagrun for olist_master_pipeline to None, run_after=None
[2026-06-04T18:06:16.633+0000] {processor.py:208} INFO - Processing /opt/airflow/dags/olist_pipeline_dag.py took 0.146 seconds
[2026-06-04T18:06:47.000+0000] {processor.py:186} INFO - Started process (PID=196) to work on /opt/airflow/dags/olist_pipeline_dag.py
[2026-06-04T18:06:47.003+0000] {processor.py:914} INFO - Processing file /opt/airflow/dags/olist_pipeline_dag.py for tasks to queue
[2026-06-04T18:06:47.008+0000] {logging_mixin.py:190} INFO - [2026-06-04T18:06:47.007+0000] {dagbag.py:588} INFO - Filling up the DagBag from /opt/airflow/dags/olist_pipeline_dag.py
[2026-06-04T18:06:47.025+0000] {processor.py:925} INFO - DAG(s) 'olist_master_pipeline' retrieved from /opt/airflow/dags/olist_pipeline_dag.py
[2026-06-04T18:06:47.058+0000] {logging_mixin.py:190} INFO - [2026-06-04T18:06:47.058+0000] {dag.py:3239} INFO - Sync 1 DAGs
[2026-06-04T18:06:47.080+0000] {logging_mixin.py:190} INFO - [2026-06-04T18:06:47.079+0000] {dag.py:4180} INFO - Setting next_dagrun for olist_master_pipeline to None, run_after=None
[2026-06-04T18:06:47.098+0000] {processor.py:208} INFO - Processing /opt/airflow/dags/olist_pipeline_dag.py took 0.107 seconds
[2026-06-04T18:07:17.440+0000] {processor.py:186} INFO - Started process (PID=201) to work on /opt/airflow/dags/olist_pipeline_dag.py
[2026-06-04T18:07:17.442+0000] {processor.py:914} INFO - Processing file /opt/airflow/dags/olist_pipeline_dag.py for tasks to queue
[2026-06-04T18:07:17.450+0000] {logging_mixin.py:190} INFO - [2026-06-04T18:07:17.447+0000] {dagbag.py:588} INFO - Filling up the DagBag from /opt/airflow/dags/olist_pipeline_dag.py
[2026-06-04T18:07:17.498+0000] {processor.py:925} INFO - DAG(s) 'olist_master_pipeline' retrieved from /opt/airflow/dags/olist_pipeline_dag.py
[2026-06-04T18:07:17.545+0000] {logging_mixin.py:190} INFO - [2026-06-04T18:07:17.545+0000] {dag.py:3239} INFO - Sync 1 DAGs
[2026-06-04T18:07:17.581+0000] {logging_mixin.py:190} INFO - [2026-06-04T18:07:17.580+0000] {dag.py:4180} INFO - Setting next_dagrun for olist_master_pipeline to None, run_after=None
[2026-06-04T18:07:17.612+0000] {processor.py:208} INFO - Processing /opt/airflow/dags/olist_pipeline_dag.py took 0.180 seconds
[2026-06-04T18:07:47.920+0000] {processor.py:186} INFO - Started process (PID=206) to work on /opt/airflow/dags/olist_pipeline_dag.py
[2026-06-04T18:07:47.924+0000] {processor.py:914} INFO - Processing file /opt/airflow/dags/olist_pipeline_dag.py for tasks to queue
[2026-06-04T18:07:47.936+0000] {logging_mixin.py:190} INFO - [2026-06-04T18:07:47.935+0000] {dagbag.py:588} INFO - Filling up the DagBag from /opt/airflow/dags/olist_pipeline_dag.py
[2026-06-04T18:07:47.954+0000] {processor.py:925} INFO - DAG(s) 'olist_master_pipeline' retrieved from /opt/airflow/dags/olist_pipeline_dag.py
[2026-06-04T18:07:47.992+0000] {logging_mixin.py:190} INFO - [2026-06-04T18:07:47.991+0000] {dag.py:3239} INFO - Sync 1 DAGs
[2026-06-04T18:07:48.006+0000] {logging_mixin.py:190} INFO - [2026-06-04T18:07:48.005+0000] {dag.py:4180} INFO - Setting next_dagrun for olist_master_pipeline to None, run_after=None
[2026-06-04T18:07:48.026+0000] {processor.py:208} INFO - Processing /opt/airflow/dags/olist_pipeline_dag.py took 0.117 seconds
[2026-06-04T18:08:18.486+0000] {processor.py:186} INFO - Started process (PID=211) to work on /opt/airflow/dags/olist_pipeline_dag.py
[2026-06-04T18:08:18.490+0000] {processor.py:914} INFO - Processing file /opt/airflow/dags/olist_pipeline_dag.py for tasks to queue
[2026-06-04T18:08:18.496+0000] {logging_mixin.py:190} INFO - [2026-06-04T18:08:18.495+0000] {dagbag.py:588} INFO - Filling up the DagBag from /opt/airflow/dags/olist_pipeline_dag.py
[2026-06-04T18:08:18.512+0000] {processor.py:925} INFO - DAG(s) 'olist_master_pipeline' retrieved from /opt/airflow/dags/olist_pipeline_dag.py
[2026-06-04T18:08:18.573+0000] {logging_mixin.py:190} INFO - [2026-06-04T18:08:18.573+0000] {dag.py:3239} INFO - Sync 1 DAGs
[2026-06-04T18:08:18.587+0000] {logging_mixin.py:190} INFO - [2026-06-04T18:08:18.586+0000] {dag.py:4180} INFO - Setting next_dagrun for olist_master_pipeline to None, run_after=None
[2026-06-04T18:08:18.604+0000] {processor.py:208} INFO - Processing /opt/airflow/dags/olist_pipeline_dag.py took 0.125 seconds
[2026-06-04T18:08:49.098+0000] {processor.py:186} INFO - Started process (PID=216) to work on /opt/airflow/dags/olist_pipeline_dag.py
[2026-06-04T18:08:49.100+0000] {processor.py:914} INFO - Processing file /opt/airflow/dags/olist_pipeline_dag.py for tasks to queue
[2026-06-04T18:08:49.105+0000] {logging_mixin.py:190} INFO - [2026-06-04T18:08:49.105+0000] {dagbag.py:588} INFO - Filling up the DagBag from /opt/airflow/dags/olist_pipeline_dag.py
[2026-06-04T18:08:49.136+0000] {processor.py:925} INFO - DAG(s) 'olist_master_pipeline' retrieved from /opt/airflow/dags/olist_pipeline_dag.py
[2026-06-04T18:08:49.178+0000] {logging_mixin.py:190} INFO - [2026-06-04T18:08:49.178+0000] {dag.py:3239} INFO - Sync 1 DAGs
[2026-06-04T18:08:49.193+0000] {logging_mixin.py:190} INFO - [2026-06-04T18:08:49.193+0000] {dag.py:4180} INFO - Setting next_dagrun for olist_master_pipeline to None, run_after=None
[2026-06-04T18:08:49.218+0000] {processor.py:208} INFO - Processing /opt/airflow/dags/olist_pipeline_dag.py took 0.130 seconds
[2026-06-04T18:09:19.748+0000] {processor.py:186} INFO - Started process (PID=221) to work on /opt/airflow/dags/olist_pipeline_dag.py
[2026-06-04T18:09:19.751+0000] {processor.py:914} INFO - Processing file /opt/airflow/dags/olist_pipeline_dag.py for tasks to queue
[2026-06-04T18:09:19.756+0000] {logging_mixin.py:190} INFO - [2026-06-04T18:09:19.756+0000] {dagbag.py:588} INFO - Filling up the DagBag from /opt/airflow/dags/olist_pipeline_dag.py
[2026-06-04T18:09:19.784+0000] {processor.py:925} INFO - DAG(s) 'olist_master_pipeline' retrieved from /opt/airflow/dags/olist_pipeline_dag.py
[2026-06-04T18:09:19.823+0000] {logging_mixin.py:190} INFO - [2026-06-04T18:09:19.823+0000] {dag.py:3239} INFO - Sync 1 DAGs
[2026-06-04T18:09:19.843+0000] {logging_mixin.py:190} INFO - [2026-06-04T18:09:19.843+0000] {dag.py:4180} INFO - Setting next_dagrun for olist_master_pipeline to None, run_after=None
[2026-06-04T18:09:19.866+0000] {processor.py:208} INFO - Processing /opt/airflow/dags/olist_pipeline_dag.py took 0.126 seconds
[2026-06-04T18:09:50.476+0000] {processor.py:186} INFO - Started process (PID=226) to work on /opt/airflow/dags/olist_pipeline_dag.py
[2026-06-04T18:09:50.478+0000] {processor.py:914} INFO - Processing file /opt/airflow/dags/olist_pipeline_dag.py for tasks to queue
[2026-06-04T18:09:50.485+0000] {logging_mixin.py:190} INFO - [2026-06-04T18:09:50.484+0000] {dagbag.py:588} INFO - Filling up the DagBag from /opt/airflow/dags/olist_pipeline_dag.py
[2026-06-04T18:09:50.545+0000] {processor.py:925} INFO - DAG(s) 'olist_master_pipeline' retrieved from /opt/airflow/dags/olist_pipeline_dag.py
[2026-06-04T18:09:50.668+0000] {logging_mixin.py:190} INFO - [2026-06-04T18:09:50.667+0000] {dag.py:3239} INFO - Sync 1 DAGs
[2026-06-04T18:09:50.683+0000] {logging_mixin.py:190} INFO - [2026-06-04T18:09:50.682+0000] {dag.py:4180} INFO - Setting next_dagrun for olist_master_pipeline to None, run_after=None
[2026-06-04T18:09:50.697+0000] {processor.py:208} INFO - Processing /opt/airflow/dags/olist_pipeline_dag.py took 0.230 seconds
[2026-06-04T18:10:21.166+0000] {processor.py:186} INFO - Started process (PID=231) to work on /opt/airflow/dags/olist_pipeline_dag.py
[2026-06-04T18:10:21.169+0000] {processor.py:914} INFO - Processing file /opt/airflow/dags/olist_pipeline_dag.py for tasks to queue
[2026-06-04T18:10:21.174+0000] {logging_mixin.py:190} INFO - [2026-06-04T18:10:21.174+0000] {dagbag.py:588} INFO - Filling up the DagBag from /opt/airflow/dags/olist_pipeline_dag.py
[2026-06-04T18:10:21.190+0000] {processor.py:925} INFO - DAG(s) 'olist_master_pipeline' retrieved from /opt/airflow/dags/olist_pipeline_dag.py
[2026-06-04T18:10:21.226+0000] {logging_mixin.py:190} INFO - [2026-06-04T18:10:21.226+0000] {dag.py:3239} INFO - Sync 1 DAGs
[2026-06-04T18:10:21.248+0000] {logging_mixin.py:190} INFO - [2026-06-04T18:10:21.247+0000] {dag.py:4180} INFO - Setting next_dagrun for olist_master_pipeline to None, run_after=None
[2026-06-04T18:10:21.262+0000] {processor.py:208} INFO - Processing /opt/airflow/dags/olist_pipeline_dag.py took 0.106 seconds
[2026-06-04T18:10:51.661+0000] {processor.py:186} INFO - Started process (PID=236) to work on /opt/airflow/dags/olist_pipeline_dag.py
[2026-06-04T18:10:51.664+0000] {processor.py:914} INFO - Processing file /opt/airflow/dags/olist_pipeline_dag.py for tasks to queue
[2026-06-04T18:10:51.670+0000] {logging_mixin.py:190} INFO - [2026-06-04T18:10:51.669+0000] {dagbag.py:588} INFO - Filling up the DagBag from /opt/airflow/dags/olist_pipeline_dag.py
[2026-06-04T18:10:51.686+0000] {processor.py:925} INFO - DAG(s) 'olist_master_pipeline' retrieved from /opt/airflow/dags/olist_pipeline_dag.py
[2026-06-04T18:10:51.753+0000] {logging_mixin.py:190} INFO - [2026-06-04T18:10:51.753+0000] {dag.py:3239} INFO - Sync 1 DAGs
[2026-06-04T18:10:51.769+0000] {logging_mixin.py:190} INFO - [2026-06-04T18:10:51.769+0000] {dag.py:4180} INFO - Setting next_dagrun for olist_master_pipeline to None, run_after=None
[2026-06-04T18:10:51.784+0000] {processor.py:208} INFO - Processing /opt/airflow/dags/olist_pipeline_dag.py took 0.134 seconds
[2026-06-04T18:11:36.122+0000] {processor.py:186} INFO - Started process (PID=167) to work on /opt/airflow/dags/olist_pipeline_dag.py
[2026-06-04T18:11:36.125+0000] {processor.py:914} INFO - Processing file /opt/airflow/dags/olist_pipeline_dag.py for tasks to queue
[2026-06-04T18:11:36.131+0000] {logging_mixin.py:190} INFO - [2026-06-04T18:11:36.131+0000] {dagbag.py:588} INFO - Filling up the DagBag from /opt/airflow/dags/olist_pipeline_dag.py
[2026-06-04T18:11:36.156+0000] {processor.py:925} INFO - DAG(s) 'olist_master_pipeline' retrieved from /opt/airflow/dags/olist_pipeline_dag.py
[2026-06-04T18:11:36.257+0000] {logging_mixin.py:190} INFO - [2026-06-04T18:11:36.257+0000] {dag.py:3239} INFO - Sync 1 DAGs
[2026-06-04T18:11:36.295+0000] {logging_mixin.py:190} INFO - [2026-06-04T18:11:36.295+0000] {dag.py:4180} INFO - Setting next_dagrun for olist_master_pipeline to None, run_after=None
[2026-06-04T18:11:36.323+0000] {processor.py:208} INFO - Processing /opt/airflow/dags/olist_pipeline_dag.py took 0.209 seconds
[2026-06-04T18:12:06.758+0000] {processor.py:186} INFO - Started process (PID=172) to work on /opt/airflow/dags/olist_pipeline_dag.py
[2026-06-04T18:12:06.761+0000] {processor.py:914} INFO - Processing file /opt/airflow/dags/olist_pipeline_dag.py for tasks to queue
[2026-06-04T18:12:06.774+0000] {logging_mixin.py:190} INFO - [2026-06-04T18:12:06.773+0000] {dagbag.py:588} INFO - Filling up the DagBag from /opt/airflow/dags/olist_pipeline_dag.py
[2026-06-04T18:12:06.867+0000] {processor.py:925} INFO - DAG(s) 'olist_master_pipeline' retrieved from /opt/airflow/dags/olist_pipeline_dag.py
[2026-06-04T18:12:06.986+0000] {logging_mixin.py:190} INFO - [2026-06-04T18:12:06.985+0000] {dag.py:3239} INFO - Sync 1 DAGs
[2026-06-04T18:12:07.024+0000] {logging_mixin.py:190} INFO - [2026-06-04T18:12:07.024+0000] {dag.py:4180} INFO - Setting next_dagrun for olist_master_pipeline to None, run_after=None
[2026-06-04T18:12:07.058+0000] {processor.py:208} INFO - Processing /opt/airflow/dags/olist_pipeline_dag.py took 0.326 seconds
[2026-06-04T18:12:37.253+0000] {processor.py:186} INFO - Started process (PID=177) to work on /opt/airflow/dags/olist_pipeline_dag.py
[2026-06-04T18:12:37.255+0000] {processor.py:914} INFO - Processing file /opt/airflow/dags/olist_pipeline_dag.py for tasks to queue
[2026-06-04T18:12:37.259+0000] {logging_mixin.py:190} INFO - [2026-06-04T18:12:37.259+0000] {dagbag.py:588} INFO - Filling up the DagBag from /opt/airflow/dags/olist_pipeline_dag.py
[2026-06-04T18:12:37.285+0000] {processor.py:925} INFO - DAG(s) 'olist_master_pipeline' retrieved from /opt/airflow/dags/olist_pipeline_dag.py
[2026-06-04T18:12:37.315+0000] {logging_mixin.py:190} INFO - [2026-06-04T18:12:37.315+0000] {dag.py:3239} INFO - Sync 1 DAGs
[2026-06-04T18:12:37.334+0000] {logging_mixin.py:190} INFO - [2026-06-04T18:12:37.334+0000] {dag.py:4180} INFO - Setting next_dagrun for olist_master_pipeline to None, run_after=None
[2026-06-04T18:12:37.352+0000] {processor.py:208} INFO - Processing /opt/airflow/dags/olist_pipeline_dag.py took 0.114 seconds
[2026-06-04T18:13:07.791+0000] {processor.py:186} INFO - Started process (PID=182) to work on /opt/airflow/dags/olist_pipeline_dag.py
[2026-06-04T18:13:07.794+0000] {processor.py:914} INFO - Processing file /opt/airflow/dags/olist_pipeline_dag.py for tasks to queue
[2026-06-04T18:13:07.799+0000] {logging_mixin.py:190} INFO - [2026-06-04T18:13:07.798+0000] {dagbag.py:588} INFO - Filling up the DagBag from /opt/airflow/dags/olist_pipeline_dag.py
[2026-06-04T18:13:07.818+0000] {processor.py:925} INFO - DAG(s) 'olist_master_pipeline' retrieved from /opt/airflow/dags/olist_pipeline_dag.py
[2026-06-04T18:13:07.870+0000] {logging_mixin.py:190} INFO - [2026-06-04T18:13:07.870+0000] {dag.py:3239} INFO - Sync 1 DAGs
[2026-06-04T18:13:07.883+0000] {logging_mixin.py:190} INFO - [2026-06-04T18:13:07.883+0000] {dag.py:4180} INFO - Setting next_dagrun for olist_master_pipeline to None, run_after=None
[2026-06-04T18:13:07.896+0000] {processor.py:208} INFO - Processing /opt/airflow/dags/olist_pipeline_dag.py took 0.122 seconds
[2026-06-04T18:13:38.179+0000] {processor.py:186} INFO - Started process (PID=187) to work on /opt/airflow/dags/olist_pipeline_dag.py
[2026-06-04T18:13:38.182+0000] {processor.py:914} INFO - Processing file /opt/airflow/dags/olist_pipeline_dag.py for tasks to queue
[2026-06-04T18:13:38.192+0000] {logging_mixin.py:190} INFO - [2026-06-04T18:13:38.191+0000] {dagbag.py:588} INFO - Filling up the DagBag from /opt/airflow/dags/olist_pipeline_dag.py
[2026-06-04T18:13:38.276+0000] {processor.py:925} INFO - DAG(s) 'olist_master_pipeline' retrieved from /opt/airflow/dags/olist_pipeline_dag.py
[2026-06-04T18:13:38.389+0000] {logging_mixin.py:190} INFO - [2026-06-04T18:13:38.389+0000] {dag.py:3239} INFO - Sync 1 DAGs
[2026-06-04T18:13:38.431+0000] {logging_mixin.py:190} INFO - [2026-06-04T18:13:38.431+0000] {dag.py:4180} INFO - Setting next_dagrun for olist_master_pipeline to None, run_after=None
[2026-06-04T18:13:38.453+0000] {processor.py:208} INFO - Processing /opt/airflow/dags/olist_pipeline_dag.py took 0.304 seconds
[2026-06-04T18:14:09.555+0000] {processor.py:186} INFO - Started process (PID=192) to work on /opt/airflow/dags/olist_pipeline_dag.py
[2026-06-04T18:14:09.575+0000] {processor.py:914} INFO - Processing file /opt/airflow/dags/olist_pipeline_dag.py for tasks to queue
[2026-06-04T18:14:09.676+0000] {logging_mixin.py:190} INFO - [2026-06-04T18:14:09.637+0000] {dagbag.py:588} INFO - Filling up the DagBag from /opt/airflow/dags/olist_pipeline_dag.py
[2026-06-04T18:14:10.562+0000] {processor.py:925} INFO - DAG(s) 'olist_master_pipeline' retrieved from /opt/airflow/dags/olist_pipeline_dag.py
[2026-06-04T18:14:12.437+0000] {logging_mixin.py:190} INFO - [2026-06-04T18:14:12.433+0000] {dag.py:3239} INFO - Sync 1 DAGs
[2026-06-04T18:14:13.059+0000] {logging_mixin.py:190} INFO - [2026-06-04T18:14:13.055+0000] {dag.py:4180} INFO - Setting next_dagrun for olist_master_pipeline to None, run_after=None
[2026-06-04T18:14:13.407+0000] {processor.py:208} INFO - Processing /opt/airflow/dags/olist_pipeline_dag.py took 4.068 seconds
[2026-06-04T18:14:44.249+0000] {processor.py:186} INFO - Started process (PID=197) to work on /opt/airflow/dags/olist_pipeline_dag.py
[2026-06-04T18:14:44.253+0000] {processor.py:914} INFO - Processing file /opt/airflow/dags/olist_pipeline_dag.py for tasks to queue
[2026-06-04T18:14:44.259+0000] {logging_mixin.py:190} INFO - [2026-06-04T18:14:44.258+0000] {dagbag.py:588} INFO - Filling up the DagBag from /opt/airflow/dags/olist_pipeline_dag.py
[2026-06-04T18:14:44.305+0000] {processor.py:925} INFO - DAG(s) 'olist_master_pipeline' retrieved from /opt/airflow/dags/olist_pipeline_dag.py
[2026-06-04T18:14:44.379+0000] {logging_mixin.py:190} INFO - [2026-06-04T18:14:44.379+0000] {dag.py:3239} INFO - Sync 1 DAGs
[2026-06-04T18:14:44.413+0000] {logging_mixin.py:190} INFO - [2026-06-04T18:14:44.412+0000] {dag.py:4180} INFO - Setting next_dagrun for olist_master_pipeline to None, run_after=None
[2026-06-04T18:14:44.435+0000] {processor.py:208} INFO - Processing /opt/airflow/dags/olist_pipeline_dag.py took 0.199 seconds
[2026-06-04T18:15:14.782+0000] {processor.py:186} INFO - Started process (PID=202) to work on /opt/airflow/dags/olist_pipeline_dag.py
[2026-06-04T18:15:14.786+0000] {processor.py:914} INFO - Processing file /opt/airflow/dags/olist_pipeline_dag.py for tasks to queue
[2026-06-04T18:15:14.792+0000] {logging_mixin.py:190} INFO - [2026-06-04T18:15:14.791+0000] {dagbag.py:588} INFO - Filling up the DagBag from /opt/airflow/dags/olist_pipeline_dag.py
[2026-06-04T18:15:14.812+0000] {processor.py:925} INFO - DAG(s) 'olist_master_pipeline' retrieved from /opt/airflow/dags/olist_pipeline_dag.py
[2026-06-04T18:15:14.862+0000] {logging_mixin.py:190} INFO - [2026-06-04T18:15:14.862+0000] {dag.py:3239} INFO - Sync 1 DAGs
[2026-06-04T18:15:14.880+0000] {logging_mixin.py:190} INFO - [2026-06-04T18:15:14.880+0000] {dag.py:4180} INFO - Setting next_dagrun for olist_master_pipeline to None, run_after=None
[2026-06-04T18:15:14.898+0000] {processor.py:208} INFO - Processing /opt/airflow/dags/olist_pipeline_dag.py took 0.146 seconds
[2026-06-04T18:15:45.294+0000] {processor.py:186} INFO - Started process (PID=207) to work on /opt/airflow/dags/olist_pipeline_dag.py
[2026-06-04T18:15:45.296+0000] {processor.py:914} INFO - Processing file /opt/airflow/dags/olist_pipeline_dag.py for tasks to queue
[2026-06-04T18:15:45.301+0000] {logging_mixin.py:190} INFO - [2026-06-04T18:15:45.300+0000] {dagbag.py:588} INFO - Filling up the DagBag from /opt/airflow/dags/olist_pipeline_dag.py
[2026-06-04T18:15:45.319+0000] {processor.py:925} INFO - DAG(s) 'olist_master_pipeline' retrieved from /opt/airflow/dags/olist_pipeline_dag.py
[2026-06-04T18:15:45.354+0000] {logging_mixin.py:190} INFO - [2026-06-04T18:15:45.353+0000] {dag.py:3239} INFO - Sync 1 DAGs
[2026-06-04T18:15:45.376+0000] {logging_mixin.py:190} INFO - [2026-06-04T18:15:45.376+0000] {dag.py:4180} INFO - Setting next_dagrun for olist_master_pipeline to None, run_after=None
[2026-06-04T18:15:45.391+0000] {processor.py:208} INFO - Processing /opt/airflow/dags/olist_pipeline_dag.py took 0.105 seconds
[2026-06-04T18:16:15.815+0000] {processor.py:186} INFO - Started process (PID=212) to work on /opt/airflow/dags/olist_pipeline_dag.py
[2026-06-04T18:16:15.818+0000] {processor.py:914} INFO - Processing file /opt/airflow/dags/olist_pipeline_dag.py for tasks to queue
[2026-06-04T18:16:15.824+0000] {logging_mixin.py:190} INFO - [2026-06-04T18:16:15.824+0000] {dagbag.py:588} INFO - Filling up the DagBag from /opt/airflow/dags/olist_pipeline_dag.py
[2026-06-04T18:16:15.840+0000] {processor.py:925} INFO - DAG(s) 'olist_master_pipeline' retrieved from /opt/airflow/dags/olist_pipeline_dag.py
[2026-06-04T18:16:15.889+0000] {logging_mixin.py:190} INFO - [2026-06-04T18:16:15.889+0000] {dag.py:3239} INFO - Sync 1 DAGs
[2026-06-04T18:16:15.904+0000] {logging_mixin.py:190} INFO - [2026-06-04T18:16:15.904+0000] {dag.py:4180} INFO - Setting next_dagrun for olist_master_pipeline to None, run_after=None
[2026-06-04T18:16:15.920+0000] {processor.py:208} INFO - Processing /opt/airflow/dags/olist_pipeline_dag.py took 0.115 seconds
[2026-06-04T18:16:46.360+0000] {processor.py:186} INFO - Started process (PID=217) to work on /opt/airflow/dags/olist_pipeline_dag.py
[2026-06-04T18:16:46.363+0000] {processor.py:914} INFO - Processing file /opt/airflow/dags/olist_pipeline_dag.py for tasks to queue
[2026-06-04T18:16:46.369+0000] {logging_mixin.py:190} INFO - [2026-06-04T18:16:46.369+0000] {dagbag.py:588} INFO - Filling up the DagBag from /opt/airflow/dags/olist_pipeline_dag.py
[2026-06-04T18:16:46.390+0000] {processor.py:925} INFO - DAG(s) 'olist_master_pipeline' retrieved from /opt/airflow/dags/olist_pipeline_dag.py
[2026-06-04T18:16:46.429+0000] {logging_mixin.py:190} INFO - [2026-06-04T18:16:46.429+0000] {dag.py:3239} INFO - Sync 1 DAGs
[2026-06-04T18:16:46.444+0000] {logging_mixin.py:190} INFO - [2026-06-04T18:16:46.444+0000] {dag.py:4180} INFO - Setting next_dagrun for olist_master_pipeline to None, run_after=None
[2026-06-04T18:16:46.460+0000] {processor.py:208} INFO - Processing /opt/airflow/dags/olist_pipeline_dag.py took 0.119 seconds
[2026-06-04T18:17:16.864+0000] {processor.py:186} INFO - Started process (PID=222) to work on /opt/airflow/dags/olist_pipeline_dag.py
[2026-06-04T18:17:16.866+0000] {processor.py:914} INFO - Processing file /opt/airflow/dags/olist_pipeline_dag.py for tasks to queue
[2026-06-04T18:17:16.871+0000] {logging_mixin.py:190} INFO - [2026-06-04T18:17:16.870+0000] {dagbag.py:588} INFO - Filling up the DagBag from /opt/airflow/dags/olist_pipeline_dag.py
[2026-06-04T18:17:16.893+0000] {processor.py:925} INFO - DAG(s) 'olist_master_pipeline' retrieved from /opt/airflow/dags/olist_pipeline_dag.py
[2026-06-04T18:17:16.938+0000] {logging_mixin.py:190} INFO - [2026-06-04T18:17:16.938+0000] {dag.py:3239} INFO - Sync 1 DAGs
[2026-06-04T18:17:16.955+0000] {logging_mixin.py:190} INFO - [2026-06-04T18:17:16.955+0000] {dag.py:4180} INFO - Setting next_dagrun for olist_master_pipeline to None, run_after=None
[2026-06-04T18:17:16.969+0000] {processor.py:208} INFO - Processing /opt/airflow/dags/olist_pipeline_dag.py took 0.115 seconds
[2026-06-04T18:17:48.001+0000] {processor.py:186} INFO - Started process (PID=227) to work on /opt/airflow/dags/olist_pipeline_dag.py
[2026-06-04T18:17:48.013+0000] {processor.py:914} INFO - Processing file /opt/airflow/dags/olist_pipeline_dag.py for tasks to queue
[2026-06-04T18:17:48.035+0000] {logging_mixin.py:190} INFO - [2026-06-04T18:17:48.032+0000] {dagbag.py:588} INFO - Filling up the DagBag from /opt/airflow/dags/olist_pipeline_dag.py
[2026-06-04T18:17:48.203+0000] {processor.py:925} INFO - DAG(s) 'olist_master_pipeline' retrieved from /opt/airflow/dags/olist_pipeline_dag.py
[2026-06-04T18:17:48.304+0000] {logging_mixin.py:190} INFO - [2026-06-04T18:17:48.304+0000] {dag.py:3239} INFO - Sync 1 DAGs
[2026-06-04T18:17:48.330+0000] {logging_mixin.py:190} INFO - [2026-06-04T18:17:48.329+0000] {dag.py:4180} INFO - Setting next_dagrun for olist_master_pipeline to None, run_after=None
[2026-06-04T18:17:48.357+0000] {processor.py:208} INFO - Processing /opt/airflow/dags/olist_pipeline_dag.py took 0.532 seconds
[2026-06-04T18:18:19.002+0000] {processor.py:186} INFO - Started process (PID=232) to work on /opt/airflow/dags/olist_pipeline_dag.py
[2026-06-04T18:18:19.010+0000] {processor.py:914} INFO - Processing file /opt/airflow/dags/olist_pipeline_dag.py for tasks to queue
[2026-06-04T18:18:19.016+0000] {logging_mixin.py:190} INFO - [2026-06-04T18:18:19.015+0000] {dagbag.py:588} INFO - Filling up the DagBag from /opt/airflow/dags/olist_pipeline_dag.py
[2026-06-04T18:18:19.049+0000] {processor.py:925} INFO - DAG(s) 'olist_master_pipeline' retrieved from /opt/airflow/dags/olist_pipeline_dag.py
[2026-06-04T18:18:20.524+0000] {logging_mixin.py:190} INFO - [2026-06-04T18:18:20.523+0000] {dag.py:3239} INFO - Sync 1 DAGs
[2026-06-04T18:18:20.573+0000] {logging_mixin.py:190} INFO - [2026-06-04T18:18:20.572+0000] {dag.py:4180} INFO - Setting next_dagrun for olist_master_pipeline to None, run_after=None
[2026-06-04T18:18:20.604+0000] {processor.py:208} INFO - Processing /opt/airflow/dags/olist_pipeline_dag.py took 1.618 seconds
[2026-06-04T18:18:43.111+0000] {processor.py:186} INFO - Started process (PID=237) to work on /opt/airflow/dags/olist_pipeline_dag.py
[2026-06-04T18:18:43.116+0000] {processor.py:914} INFO - Processing file /opt/airflow/dags/olist_pipeline_dag.py for tasks to queue
[2026-06-04T18:18:43.129+0000] {logging_mixin.py:190} INFO - [2026-06-04T18:18:43.128+0000] {dagbag.py:588} INFO - Filling up the DagBag from /opt/airflow/dags/olist_pipeline_dag.py
[2026-06-04T18:18:43.174+0000] {processor.py:925} INFO - DAG(s) 'olist_master_pipeline' retrieved from /opt/airflow/dags/olist_pipeline_dag.py
[2026-06-04T18:18:43.229+0000] {logging_mixin.py:190} INFO - [2026-06-04T18:18:43.229+0000] {dag.py:3239} INFO - Sync 1 DAGs
[2026-06-04T18:18:43.249+0000] {logging_mixin.py:190} INFO - [2026-06-04T18:18:43.248+0000] {dag.py:4180} INFO - Setting next_dagrun for olist_master_pipeline to None, run_after=None
[2026-06-04T18:18:43.282+0000] {processor.py:208} INFO - Processing /opt/airflow/dags/olist_pipeline_dag.py took 0.181 seconds
[2026-06-04T18:19:13.892+0000] {processor.py:186} INFO - Started process (PID=256) to work on /opt/airflow/dags/olist_pipeline_dag.py
[2026-06-04T18:19:13.896+0000] {processor.py:914} INFO - Processing file /opt/airflow/dags/olist_pipeline_dag.py for tasks to queue
[2026-06-04T18:19:13.902+0000] {logging_mixin.py:190} INFO - [2026-06-04T18:19:13.902+0000] {dagbag.py:588} INFO - Filling up the DagBag from /opt/airflow/dags/olist_pipeline_dag.py
[2026-06-04T18:19:13.928+0000] {processor.py:925} INFO - DAG(s) 'olist_master_pipeline' retrieved from /opt/airflow/dags/olist_pipeline_dag.py
[2026-06-04T18:19:13.983+0000] {logging_mixin.py:190} INFO - [2026-06-04T18:19:13.983+0000] {dag.py:3239} INFO - Sync 1 DAGs
[2026-06-04T18:19:14.000+0000] {logging_mixin.py:190} INFO - [2026-06-04T18:19:13.999+0000] {dag.py:4180} INFO - Setting next_dagrun for olist_master_pipeline to None, run_after=None
[2026-06-04T18:19:14.015+0000] {processor.py:208} INFO - Processing /opt/airflow/dags/olist_pipeline_dag.py took 0.135 seconds
[2026-06-04T18:19:44.375+0000] {processor.py:186} INFO - Started process (PID=261) to work on /opt/airflow/dags/olist_pipeline_dag.py
[2026-06-04T18:19:44.379+0000] {processor.py:914} INFO - Processing file /opt/airflow/dags/olist_pipeline_dag.py for tasks to queue
[2026-06-04T18:19:44.384+0000] {logging_mixin.py:190} INFO - [2026-06-04T18:19:44.384+0000] {dagbag.py:588} INFO - Filling up the DagBag from /opt/airflow/dags/olist_pipeline_dag.py
[2026-06-04T18:19:44.403+0000] {processor.py:925} INFO - DAG(s) 'olist_master_pipeline' retrieved from /opt/airflow/dags/olist_pipeline_dag.py
[2026-06-04T18:19:44.440+0000] {logging_mixin.py:190} INFO - [2026-06-04T18:19:44.440+0000] {dag.py:3239} INFO - Sync 1 DAGs
[2026-06-04T18:19:44.465+0000] {logging_mixin.py:190} INFO - [2026-06-04T18:19:44.465+0000] {dag.py:4180} INFO - Setting next_dagrun for olist_master_pipeline to None, run_after=None
[2026-06-04T18:19:44.495+0000] {processor.py:208} INFO - Processing /opt/airflow/dags/olist_pipeline_dag.py took 0.138 seconds
[2026-06-04T18:20:22.973+0000] {processor.py:186} INFO - Started process (PID=167) to work on /opt/airflow/dags/olist_pipeline_dag.py
[2026-06-04T18:20:22.978+0000] {processor.py:914} INFO - Processing file /opt/airflow/dags/olist_pipeline_dag.py for tasks to queue
[2026-06-04T18:20:22.986+0000] {logging_mixin.py:190} INFO - [2026-06-04T18:20:22.984+0000] {dagbag.py:588} INFO - Filling up the DagBag from /opt/airflow/dags/olist_pipeline_dag.py
[2026-06-04T18:20:23.023+0000] {processor.py:925} INFO - DAG(s) 'olist_master_pipeline' retrieved from /opt/airflow/dags/olist_pipeline_dag.py
[2026-06-04T18:20:23.119+0000] {logging_mixin.py:190} INFO - [2026-06-04T18:20:23.119+0000] {dag.py:3239} INFO - Sync 1 DAGs
[2026-06-04T18:20:23.164+0000] {logging_mixin.py:190} INFO - [2026-06-04T18:20:23.164+0000] {dag.py:4180} INFO - Setting next_dagrun for olist_master_pipeline to None, run_after=None
[2026-06-04T18:20:23.189+0000] {processor.py:208} INFO - Processing /opt/airflow/dags/olist_pipeline_dag.py took 0.229 seconds
[2026-06-04T18:20:53.662+0000] {processor.py:186} INFO - Started process (PID=172) to work on /opt/airflow/dags/olist_pipeline_dag.py
[2026-06-04T18:20:53.664+0000] {processor.py:914} INFO - Processing file /opt/airflow/dags/olist_pipeline_dag.py for tasks to queue
[2026-06-04T18:20:53.687+0000] {logging_mixin.py:190} INFO - [2026-06-04T18:20:53.685+0000] {dagbag.py:588} INFO - Filling up the DagBag from /opt/airflow/dags/olist_pipeline_dag.py
[2026-06-04T18:20:53.714+0000] {processor.py:925} INFO - DAG(s) 'olist_master_pipeline' retrieved from /opt/airflow/dags/olist_pipeline_dag.py
[2026-06-04T18:20:53.781+0000] {logging_mixin.py:190} INFO - [2026-06-04T18:20:53.781+0000] {dag.py:3239} INFO - Sync 1 DAGs
[2026-06-04T18:20:53.799+0000] {logging_mixin.py:190} INFO - [2026-06-04T18:20:53.798+0000] {dag.py:4180} INFO - Setting next_dagrun for olist_master_pipeline to None, run_after=None
[2026-06-04T18:20:53.814+0000] {processor.py:208} INFO - Processing /opt/airflow/dags/olist_pipeline_dag.py took 0.168 seconds
[2026-06-04T18:21:24.237+0000] {processor.py:186} INFO - Started process (PID=191) to work on /opt/airflow/dags/olist_pipeline_dag.py
[2026-06-04T18:21:24.241+0000] {processor.py:914} INFO - Processing file /opt/airflow/dags/olist_pipeline_dag.py for tasks to queue
[2026-06-04T18:21:24.251+0000] {logging_mixin.py:190} INFO - [2026-06-04T18:21:24.250+0000] {dagbag.py:588} INFO - Filling up the DagBag from /opt/airflow/dags/olist_pipeline_dag.py
[2026-06-04T18:21:24.299+0000] {processor.py:925} INFO - DAG(s) 'olist_master_pipeline' retrieved from /opt/airflow/dags/olist_pipeline_dag.py
[2026-06-04T18:21:24.364+0000] {logging_mixin.py:190} INFO - [2026-06-04T18:21:24.363+0000] {dag.py:3239} INFO - Sync 1 DAGs
[2026-06-04T18:21:24.384+0000] {logging_mixin.py:190} INFO - [2026-06-04T18:21:24.384+0000] {dag.py:4180} INFO - Setting next_dagrun for olist_master_pipeline to None, run_after=None
[2026-06-04T18:21:24.400+0000] {processor.py:208} INFO - Processing /opt/airflow/dags/olist_pipeline_dag.py took 0.180 seconds
[2026-06-04T18:21:54.793+0000] {processor.py:186} INFO - Started process (PID=196) to work on /opt/airflow/dags/olist_pipeline_dag.py
[2026-06-04T18:21:54.795+0000] {processor.py:914} INFO - Processing file /opt/airflow/dags/olist_pipeline_dag.py for tasks to queue
[2026-06-04T18:21:54.799+0000] {logging_mixin.py:190} INFO - [2026-06-04T18:21:54.799+0000] {dagbag.py:588} INFO - Filling up the DagBag from /opt/airflow/dags/olist_pipeline_dag.py
[2026-06-04T18:21:54.824+0000] {processor.py:925} INFO - DAG(s) 'olist_master_pipeline' retrieved from /opt/airflow/dags/olist_pipeline_dag.py
[2026-06-04T18:21:54.866+0000] {logging_mixin.py:190} INFO - [2026-06-04T18:21:54.866+0000] {dag.py:3239} INFO - Sync 1 DAGs
[2026-06-04T18:21:54.880+0000] {logging_mixin.py:190} INFO - [2026-06-04T18:21:54.880+0000] {dag.py:4180} INFO - Setting next_dagrun for olist_master_pipeline to None, run_after=None
[2026-06-04T18:21:54.902+0000] {processor.py:208} INFO - Processing /opt/airflow/dags/olist_pipeline_dag.py took 0.118 seconds
[2026-06-04T18:22:25.747+0000] {processor.py:186} INFO - Started process (PID=201) to work on /opt/airflow/dags/olist_pipeline_dag.py
[2026-06-04T18:22:25.762+0000] {processor.py:914} INFO - Processing file /opt/airflow/dags/olist_pipeline_dag.py for tasks to queue
[2026-06-04T18:22:25.778+0000] {logging_mixin.py:190} INFO - [2026-06-04T18:22:25.773+0000] {dagbag.py:588} INFO - Filling up the DagBag from /opt/airflow/dags/olist_pipeline_dag.py
[2026-06-04T18:22:25.842+0000] {processor.py:925} INFO - DAG(s) 'olist_master_pipeline' retrieved from /opt/airflow/dags/olist_pipeline_dag.py
[2026-06-04T18:22:25.908+0000] {logging_mixin.py:190} INFO - [2026-06-04T18:22:25.908+0000] {dag.py:3239} INFO - Sync 1 DAGs
[2026-06-04T18:22:25.949+0000] {logging_mixin.py:190} INFO - [2026-06-04T18:22:25.949+0000] {dag.py:4180} INFO - Setting next_dagrun for olist_master_pipeline to None, run_after=None
[2026-06-04T18:22:25.981+0000] {processor.py:208} INFO - Processing /opt/airflow/dags/olist_pipeline_dag.py took 0.243 seconds
[2026-06-04T18:22:35.244+0000] {processor.py:186} INFO - Started process (PID=206) to work on /opt/airflow/dags/olist_pipeline_dag.py
[2026-06-04T18:22:35.252+0000] {processor.py:914} INFO - Processing file /opt/airflow/dags/olist_pipeline_dag.py for tasks to queue
[2026-06-04T18:22:35.273+0000] {logging_mixin.py:190} INFO - [2026-06-04T18:22:35.270+0000] {dagbag.py:588} INFO - Filling up the DagBag from /opt/airflow/dags/olist_pipeline_dag.py
[2026-06-04T18:22:35.432+0000] {processor.py:925} INFO - DAG(s) 'olist_master_pipeline' retrieved from /opt/airflow/dags/olist_pipeline_dag.py
[2026-06-04T18:22:38.075+0000] {logging_mixin.py:190} INFO - [2026-06-04T18:22:38.068+0000] {dag.py:3239} INFO - Sync 1 DAGs
[2026-06-04T18:22:38.139+0000] {logging_mixin.py:190} INFO - [2026-06-04T18:22:38.139+0000] {dag.py:4180} INFO - Setting next_dagrun for olist_master_pipeline to None, run_after=None
[2026-06-04T18:22:38.191+0000] {processor.py:208} INFO - Processing /opt/airflow/dags/olist_pipeline_dag.py took 2.976 seconds
[2026-06-04T18:22:57.242+0000] {processor.py:186} INFO - Started process (PID=211) to work on /opt/airflow/dags/olist_pipeline_dag.py
[2026-06-04T18:22:57.248+0000] {processor.py:914} INFO - Processing file /opt/airflow/dags/olist_pipeline_dag.py for tasks to queue
[2026-06-04T18:22:57.259+0000] {logging_mixin.py:190} INFO - [2026-06-04T18:22:57.258+0000] {dagbag.py:588} INFO - Filling up the DagBag from /opt/airflow/dags/olist_pipeline_dag.py
[2026-06-04T18:22:57.361+0000] {processor.py:925} INFO - DAG(s) 'olist_master_pipeline' retrieved from /opt/airflow/dags/olist_pipeline_dag.py
[2026-06-04T18:22:57.397+0000] {logging_mixin.py:190} INFO - [2026-06-04T18:22:57.396+0000] {dag.py:3239} INFO - Sync 1 DAGs
[2026-06-04T18:22:57.434+0000] {logging_mixin.py:190} INFO - [2026-06-04T18:22:57.434+0000] {dag.py:4180} INFO - Setting next_dagrun for olist_master_pipeline to None, run_after=None
[2026-06-04T18:22:57.458+0000] {processor.py:208} INFO - Processing /opt/airflow/dags/olist_pipeline_dag.py took 0.252 seconds
[2026-06-04T18:23:20.996+0000] {processor.py:186} INFO - Started process (PID=167) to work on /opt/airflow/dags/olist_pipeline_dag.py
[2026-06-04T18:23:21.000+0000] {processor.py:914} INFO - Processing file /opt/airflow/dags/olist_pipeline_dag.py for tasks to queue
[2026-06-04T18:23:21.004+0000] {logging_mixin.py:190} INFO - [2026-06-04T18:23:21.003+0000] {dagbag.py:588} INFO - Filling up the DagBag from /opt/airflow/dags/olist_pipeline_dag.py
[2026-06-04T18:23:21.027+0000] {processor.py:925} INFO - DAG(s) 'olist_master_pipeline' retrieved from /opt/airflow/dags/olist_pipeline_dag.py
[2026-06-04T18:23:21.093+0000] {logging_mixin.py:190} INFO - [2026-06-04T18:23:21.093+0000] {dag.py:3239} INFO - Sync 1 DAGs
[2026-06-04T18:23:21.113+0000] {logging_mixin.py:190} INFO - [2026-06-04T18:23:21.113+0000] {dag.py:4180} INFO - Setting next_dagrun for olist_master_pipeline to None, run_after=None
[2026-06-04T18:23:21.131+0000] {processor.py:208} INFO - Processing /opt/airflow/dags/olist_pipeline_dag.py took 0.146 seconds
[2026-06-04T18:23:51.779+0000] {processor.py:186} INFO - Started process (PID=186) to work on /opt/airflow/dags/olist_pipeline_dag.py
[2026-06-04T18:23:51.788+0000] {processor.py:914} INFO - Processing file /opt/airflow/dags/olist_pipeline_dag.py for tasks to queue
[2026-06-04T18:23:51.808+0000] {logging_mixin.py:190} INFO - [2026-06-04T18:23:51.800+0000] {dagbag.py:588} INFO - Filling up the DagBag from /opt/airflow/dags/olist_pipeline_dag.py
[2026-06-04T18:23:51.957+0000] {processor.py:925} INFO - DAG(s) 'olist_master_pipeline' retrieved from /opt/airflow/dags/olist_pipeline_dag.py
[2026-06-04T18:23:52.179+0000] {logging_mixin.py:190} INFO - [2026-06-04T18:23:52.178+0000] {dag.py:3239} INFO - Sync 1 DAGs
[2026-06-04T18:23:52.375+0000] {logging_mixin.py:190} INFO - [2026-06-04T18:23:52.372+0000] {dag.py:4180} INFO - Setting next_dagrun for olist_master_pipeline to None, run_after=None
[2026-06-04T18:23:52.482+0000] {processor.py:208} INFO - Processing /opt/airflow/dags/olist_pipeline_dag.py took 0.743 seconds
[2026-06-04T18:24:22.723+0000] {processor.py:186} INFO - Started process (PID=191) to work on /opt/airflow/dags/olist_pipeline_dag.py
[2026-06-04T18:24:22.729+0000] {processor.py:914} INFO - Processing file /opt/airflow/dags/olist_pipeline_dag.py for tasks to queue
[2026-06-04T18:24:22.756+0000] {logging_mixin.py:190} INFO - [2026-06-04T18:24:22.752+0000] {dagbag.py:588} INFO - Filling up the DagBag from /opt/airflow/dags/olist_pipeline_dag.py
[2026-06-04T18:24:23.109+0000] {processor.py:925} INFO - DAG(s) 'olist_master_pipeline' retrieved from /opt/airflow/dags/olist_pipeline_dag.py
[2026-06-04T18:24:23.465+0000] {logging_mixin.py:190} INFO - [2026-06-04T18:24:23.464+0000] {dag.py:3239} INFO - Sync 1 DAGs
[2026-06-04T18:24:23.704+0000] {logging_mixin.py:190} INFO - [2026-06-04T18:24:23.702+0000] {dag.py:4180} INFO - Setting next_dagrun for olist_master_pipeline to None, run_after=None
[2026-06-04T18:24:23.846+0000] {processor.py:208} INFO - Processing /opt/airflow/dags/olist_pipeline_dag.py took 1.149 seconds
[2026-06-04T18:24:55.983+0000] {processor.py:186} INFO - Started process (PID=196) to work on /opt/airflow/dags/olist_pipeline_dag.py
[2026-06-04T18:24:56.016+0000] {processor.py:914} INFO - Processing file /opt/airflow/dags/olist_pipeline_dag.py for tasks to queue
[2026-06-04T18:24:56.315+0000] {logging_mixin.py:190} INFO - [2026-06-04T18:24:56.251+0000] {dagbag.py:588} INFO - Filling up the DagBag from /opt/airflow/dags/olist_pipeline_dag.py
[2026-06-04T18:24:56.880+0000] {processor.py:925} INFO - DAG(s) 'olist_master_pipeline' retrieved from /opt/airflow/dags/olist_pipeline_dag.py
[2026-06-04T18:24:57.758+0000] {logging_mixin.py:190} INFO - [2026-06-04T18:24:57.754+0000] {dag.py:3239} INFO - Sync 1 DAGs
[2026-06-04T18:24:58.194+0000] {logging_mixin.py:190} INFO - [2026-06-04T18:24:58.189+0000] {dag.py:4180} INFO - Setting next_dagrun for olist_master_pipeline to None, run_after=None
[2026-06-04T18:24:58.425+0000] {processor.py:208} INFO - Processing /opt/airflow/dags/olist_pipeline_dag.py took 2.693 seconds
[2026-06-04T18:25:29.464+0000] {processor.py:186} INFO - Started process (PID=201) to work on /opt/airflow/dags/olist_pipeline_dag.py
[2026-06-04T18:25:29.469+0000] {processor.py:914} INFO - Processing file /opt/airflow/dags/olist_pipeline_dag.py for tasks to queue
[2026-06-04T18:25:29.480+0000] {logging_mixin.py:190} INFO - [2026-06-04T18:25:29.479+0000] {dagbag.py:588} INFO - Filling up the DagBag from /opt/airflow/dags/olist_pipeline_dag.py
[2026-06-04T18:25:29.535+0000] {processor.py:925} INFO - DAG(s) 'olist_master_pipeline' retrieved from /opt/airflow/dags/olist_pipeline_dag.py
[2026-06-04T18:25:29.626+0000] {logging_mixin.py:190} INFO - [2026-06-04T18:25:29.625+0000] {dag.py:3239} INFO - Sync 1 DAGs
[2026-06-04T18:25:29.662+0000] {logging_mixin.py:190} INFO - [2026-06-04T18:25:29.662+0000] {dag.py:4180} INFO - Setting next_dagrun for olist_master_pipeline to None, run_after=None
[2026-06-04T18:25:29.686+0000] {processor.py:208} INFO - Processing /opt/airflow/dags/olist_pipeline_dag.py took 0.254 seconds
[2026-06-04T18:26:00.482+0000] {processor.py:186} INFO - Started process (PID=206) to work on /opt/airflow/dags/olist_pipeline_dag.py
[2026-06-04T18:26:00.494+0000] {processor.py:914} INFO - Processing file /opt/airflow/dags/olist_pipeline_dag.py for tasks to queue
[2026-06-04T18:26:00.527+0000] {logging_mixin.py:190} INFO - [2026-06-04T18:26:00.516+0000] {dagbag.py:588} INFO - Filling up the DagBag from /opt/airflow/dags/olist_pipeline_dag.py
[2026-06-04T18:26:00.680+0000] {processor.py:925} INFO - DAG(s) 'olist_master_pipeline' retrieved from /opt/airflow/dags/olist_pipeline_dag.py
[2026-06-04T18:26:00.917+0000] {logging_mixin.py:190} INFO - [2026-06-04T18:26:00.916+0000] {dag.py:3239} INFO - Sync 1 DAGs
[2026-06-04T18:26:01.026+0000] {logging_mixin.py:190} INFO - [2026-06-04T18:26:01.024+0000] {dag.py:4180} INFO - Setting next_dagrun for olist_master_pipeline to None, run_after=None
[2026-06-04T18:26:01.137+0000] {processor.py:208} INFO - Processing /opt/airflow/dags/olist_pipeline_dag.py took 0.722 seconds
[2026-06-04T18:26:32.016+0000] {processor.py:186} INFO - Started process (PID=211) to work on /opt/airflow/dags/olist_pipeline_dag.py
[2026-06-04T18:26:32.035+0000] {processor.py:914} INFO - Processing file /opt/airflow/dags/olist_pipeline_dag.py for tasks to queue
[2026-06-04T18:26:32.063+0000] {logging_mixin.py:190} INFO - [2026-06-04T18:26:32.058+0000] {dagbag.py:588} INFO - Filling up the DagBag from /opt/airflow/dags/olist_pipeline_dag.py
[2026-06-04T18:26:32.182+0000] {processor.py:925} INFO - DAG(s) 'olist_master_pipeline' retrieved from /opt/airflow/dags/olist_pipeline_dag.py
[2026-06-04T18:26:32.631+0000] {logging_mixin.py:190} INFO - [2026-06-04T18:26:32.618+0000] {dag.py:3239} INFO - Sync 1 DAGs
[2026-06-04T18:26:32.832+0000] {logging_mixin.py:190} INFO - [2026-06-04T18:26:32.831+0000] {dag.py:4180} INFO - Setting next_dagrun for olist_master_pipeline to None, run_after=None
[2026-06-04T18:26:32.926+0000] {processor.py:208} INFO - Processing /opt/airflow/dags/olist_pipeline_dag.py took 0.937 seconds
[2026-06-04T18:27:03.932+0000] {processor.py:186} INFO - Started process (PID=216) to work on /opt/airflow/dags/olist_pipeline_dag.py
[2026-06-04T18:27:03.956+0000] {processor.py:914} INFO - Processing file /opt/airflow/dags/olist_pipeline_dag.py for tasks to queue
[2026-06-04T18:27:03.996+0000] {logging_mixin.py:190} INFO - [2026-06-04T18:27:03.994+0000] {dagbag.py:588} INFO - Filling up the DagBag from /opt/airflow/dags/olist_pipeline_dag.py
[2026-06-04T18:27:04.176+0000] {processor.py:925} INFO - DAG(s) 'olist_master_pipeline' retrieved from /opt/airflow/dags/olist_pipeline_dag.py
[2026-06-04T18:27:04.446+0000] {logging_mixin.py:190} INFO - [2026-06-04T18:27:04.444+0000] {dag.py:3239} INFO - Sync 1 DAGs
[2026-06-04T18:27:04.650+0000] {logging_mixin.py:190} INFO - [2026-06-04T18:27:04.650+0000] {dag.py:4180} INFO - Setting next_dagrun for olist_master_pipeline to None, run_after=None
[2026-06-04T18:27:04.901+0000] {processor.py:208} INFO - Processing /opt/airflow/dags/olist_pipeline_dag.py took 1.103 seconds
[2026-06-04T18:27:36.540+0000] {processor.py:186} INFO - Started process (PID=221) to work on /opt/airflow/dags/olist_pipeline_dag.py
[2026-06-04T18:27:36.554+0000] {processor.py:914} INFO - Processing file /opt/airflow/dags/olist_pipeline_dag.py for tasks to queue
[2026-06-04T18:27:36.634+0000] {logging_mixin.py:190} INFO - [2026-06-04T18:27:36.620+0000] {dagbag.py:588} INFO - Filling up the DagBag from /opt/airflow/dags/olist_pipeline_dag.py
[2026-06-04T18:27:36.952+0000] {processor.py:925} INFO - DAG(s) 'olist_master_pipeline' retrieved from /opt/airflow/dags/olist_pipeline_dag.py
[2026-06-04T18:27:37.174+0000] {logging_mixin.py:190} INFO - [2026-06-04T18:27:37.168+0000] {dag.py:3239} INFO - Sync 1 DAGs
[2026-06-04T18:27:37.268+0000] {logging_mixin.py:190} INFO - [2026-06-04T18:27:37.267+0000] {dag.py:4180} INFO - Setting next_dagrun for olist_master_pipeline to None, run_after=None
[2026-06-04T18:27:37.386+0000] {processor.py:208} INFO - Processing /opt/airflow/dags/olist_pipeline_dag.py took 0.976 seconds
[2026-06-04T18:28:08.247+0000] {processor.py:186} INFO - Started process (PID=226) to work on /opt/airflow/dags/olist_pipeline_dag.py
[2026-06-04T18:28:08.273+0000] {processor.py:914} INFO - Processing file /opt/airflow/dags/olist_pipeline_dag.py for tasks to queue
[2026-06-04T18:28:08.433+0000] {logging_mixin.py:190} INFO - [2026-06-04T18:28:08.432+0000] {dagbag.py:588} INFO - Filling up the DagBag from /opt/airflow/dags/olist_pipeline_dag.py
[2026-06-04T18:28:08.924+0000] {processor.py:925} INFO - DAG(s) 'olist_master_pipeline' retrieved from /opt/airflow/dags/olist_pipeline_dag.py
[2026-06-04T18:28:09.215+0000] {logging_mixin.py:190} INFO - [2026-06-04T18:28:09.214+0000] {dag.py:3239} INFO - Sync 1 DAGs
[2026-06-04T18:28:09.297+0000] {logging_mixin.py:190} INFO - [2026-06-04T18:28:09.297+0000] {dag.py:4180} INFO - Setting next_dagrun for olist_master_pipeline to None, run_after=None
[2026-06-04T18:28:09.379+0000] {processor.py:208} INFO - Processing /opt/airflow/dags/olist_pipeline_dag.py took 1.195 seconds
[2026-06-04T18:28:39.963+0000] {processor.py:186} INFO - Started process (PID=231) to work on /opt/airflow/dags/olist_pipeline_dag.py
[2026-06-04T18:28:39.975+0000] {processor.py:914} INFO - Processing file /opt/airflow/dags/olist_pipeline_dag.py for tasks to queue
[2026-06-04T18:28:40.010+0000] {logging_mixin.py:190} INFO - [2026-06-04T18:28:40.009+0000] {dagbag.py:588} INFO - Filling up the DagBag from /opt/airflow/dags/olist_pipeline_dag.py
[2026-06-04T18:28:40.095+0000] {processor.py:925} INFO - DAG(s) 'olist_master_pipeline' retrieved from /opt/airflow/dags/olist_pipeline_dag.py
[2026-06-04T18:28:40.196+0000] {logging_mixin.py:190} INFO - [2026-06-04T18:28:40.195+0000] {dag.py:3239} INFO - Sync 1 DAGs
[2026-06-04T18:28:40.269+0000] {logging_mixin.py:190} INFO - [2026-06-04T18:28:40.267+0000] {dag.py:4180} INFO - Setting next_dagrun for olist_master_pipeline to None, run_after=None
[2026-06-04T18:28:40.346+0000] {processor.py:208} INFO - Processing /opt/airflow/dags/olist_pipeline_dag.py took 0.455 seconds
[2026-06-04T18:29:11.604+0000] {processor.py:186} INFO - Started process (PID=236) to work on /opt/airflow/dags/olist_pipeline_dag.py
[2026-06-04T18:29:11.617+0000] {processor.py:914} INFO - Processing file /opt/airflow/dags/olist_pipeline_dag.py for tasks to queue
[2026-06-04T18:29:11.629+0000] {logging_mixin.py:190} INFO - [2026-06-04T18:29:11.628+0000] {dagbag.py:588} INFO - Filling up the DagBag from /opt/airflow/dags/olist_pipeline_dag.py
[2026-06-04T18:29:11.701+0000] {processor.py:925} INFO - DAG(s) 'olist_master_pipeline' retrieved from /opt/airflow/dags/olist_pipeline_dag.py
[2026-06-04T18:29:11.844+0000] {logging_mixin.py:190} INFO - [2026-06-04T18:29:11.844+0000] {dag.py:3239} INFO - Sync 1 DAGs
[2026-06-04T18:29:11.894+0000] {logging_mixin.py:190} INFO - [2026-06-04T18:29:11.893+0000] {dag.py:4180} INFO - Setting next_dagrun for olist_master_pipeline to None, run_after=None
[2026-06-04T18:29:11.966+0000] {processor.py:208} INFO - Processing /opt/airflow/dags/olist_pipeline_dag.py took 0.433 seconds
[2026-06-04T18:29:43.113+0000] {processor.py:186} INFO - Started process (PID=241) to work on /opt/airflow/dags/olist_pipeline_dag.py
[2026-06-04T18:29:43.125+0000] {processor.py:914} INFO - Processing file /opt/airflow/dags/olist_pipeline_dag.py for tasks to queue
[2026-06-04T18:29:43.136+0000] {logging_mixin.py:190} INFO - [2026-06-04T18:29:43.135+0000] {dagbag.py:588} INFO - Filling up the DagBag from /opt/airflow/dags/olist_pipeline_dag.py
[2026-06-04T18:29:43.200+0000] {processor.py:925} INFO - DAG(s) 'olist_master_pipeline' retrieved from /opt/airflow/dags/olist_pipeline_dag.py
[2026-06-04T18:29:43.427+0000] {logging_mixin.py:190} INFO - [2026-06-04T18:29:43.426+0000] {dag.py:3239} INFO - Sync 1 DAGs
[2026-06-04T18:29:43.553+0000] {logging_mixin.py:190} INFO - [2026-06-04T18:29:43.553+0000] {dag.py:4180} INFO - Setting next_dagrun for olist_master_pipeline to None, run_after=None
[2026-06-04T18:29:43.656+0000] {processor.py:208} INFO - Processing /opt/airflow/dags/olist_pipeline_dag.py took 0.569 seconds
[2026-06-04T18:30:14.225+0000] {processor.py:186} INFO - Started process (PID=246) to work on /opt/airflow/dags/olist_pipeline_dag.py
[2026-06-04T18:30:14.229+0000] {processor.py:914} INFO - Processing file /opt/airflow/dags/olist_pipeline_dag.py for tasks to queue
[2026-06-04T18:30:14.240+0000] {logging_mixin.py:190} INFO - [2026-06-04T18:30:14.238+0000] {dagbag.py:588} INFO - Filling up the DagBag from /opt/airflow/dags/olist_pipeline_dag.py
[2026-06-04T18:30:14.278+0000] {processor.py:925} INFO - DAG(s) 'olist_master_pipeline' retrieved from /opt/airflow/dags/olist_pipeline_dag.py
[2026-06-04T18:30:14.356+0000] {logging_mixin.py:190} INFO - [2026-06-04T18:30:14.356+0000] {dag.py:3239} INFO - Sync 1 DAGs
[2026-06-04T18:30:14.402+0000] {logging_mixin.py:190} INFO - [2026-06-04T18:30:14.401+0000] {dag.py:4180} INFO - Setting next_dagrun for olist_master_pipeline to None, run_after=None
[2026-06-04T18:30:14.425+0000] {processor.py:208} INFO - Processing /opt/airflow/dags/olist_pipeline_dag.py took 0.223 seconds
[2026-06-04T18:30:44.835+0000] {processor.py:186} INFO - Started process (PID=251) to work on /opt/airflow/dags/olist_pipeline_dag.py
[2026-06-04T18:30:44.847+0000] {processor.py:914} INFO - Processing file /opt/airflow/dags/olist_pipeline_dag.py for tasks to queue
[2026-06-04T18:30:44.873+0000] {logging_mixin.py:190} INFO - [2026-06-04T18:30:44.870+0000] {dagbag.py:588} INFO - Filling up the DagBag from /opt/airflow/dags/olist_pipeline_dag.py
[2026-06-04T18:30:45.001+0000] {processor.py:925} INFO - DAG(s) 'olist_master_pipeline' retrieved from /opt/airflow/dags/olist_pipeline_dag.py
[2026-06-04T18:30:45.232+0000] {logging_mixin.py:190} INFO - [2026-06-04T18:30:45.231+0000] {dag.py:3239} INFO - Sync 1 DAGs
[2026-06-04T18:30:45.271+0000] {logging_mixin.py:190} INFO - [2026-06-04T18:30:45.271+0000] {dag.py:4180} INFO - Setting next_dagrun for olist_master_pipeline to None, run_after=None
[2026-06-04T18:30:45.313+0000] {processor.py:208} INFO - Processing /opt/airflow/dags/olist_pipeline_dag.py took 0.504 seconds
[2026-06-04T18:31:16.641+0000] {processor.py:186} INFO - Started process (PID=256) to work on /opt/airflow/dags/olist_pipeline_dag.py
[2026-06-04T18:31:16.659+0000] {processor.py:914} INFO - Processing file /opt/airflow/dags/olist_pipeline_dag.py for tasks to queue
[2026-06-04T18:31:16.675+0000] {logging_mixin.py:190} INFO - [2026-06-04T18:31:16.674+0000] {dagbag.py:588} INFO - Filling up the DagBag from /opt/airflow/dags/olist_pipeline_dag.py
[2026-06-04T18:31:16.803+0000] {processor.py:925} INFO - DAG(s) 'olist_master_pipeline' retrieved from /opt/airflow/dags/olist_pipeline_dag.py
[2026-06-04T18:31:17.146+0000] {logging_mixin.py:190} INFO - [2026-06-04T18:31:17.144+0000] {dag.py:3239} INFO - Sync 1 DAGs
[2026-06-04T18:31:17.620+0000] {logging_mixin.py:190} INFO - [2026-06-04T18:31:17.617+0000] {dag.py:4180} INFO - Setting next_dagrun for olist_master_pipeline to None, run_after=None
[2026-06-04T18:31:17.854+0000] {processor.py:208} INFO - Processing /opt/airflow/dags/olist_pipeline_dag.py took 1.302 seconds
[2026-06-04T18:31:48.680+0000] {processor.py:186} INFO - Started process (PID=261) to work on /opt/airflow/dags/olist_pipeline_dag.py
[2026-06-04T18:31:48.687+0000] {processor.py:914} INFO - Processing file /opt/airflow/dags/olist_pipeline_dag.py for tasks to queue
[2026-06-04T18:31:48.709+0000] {logging_mixin.py:190} INFO - [2026-06-04T18:31:48.705+0000] {dagbag.py:588} INFO - Filling up the DagBag from /opt/airflow/dags/olist_pipeline_dag.py
[2026-06-04T18:31:48.825+0000] {processor.py:925} INFO - DAG(s) 'olist_master_pipeline' retrieved from /opt/airflow/dags/olist_pipeline_dag.py
[2026-06-04T18:31:49.067+0000] {logging_mixin.py:190} INFO - [2026-06-04T18:31:49.066+0000] {dag.py:3239} INFO - Sync 1 DAGs
[2026-06-04T18:31:49.147+0000] {logging_mixin.py:190} INFO - [2026-06-04T18:31:49.147+0000] {dag.py:4180} INFO - Setting next_dagrun for olist_master_pipeline to None, run_after=None
[2026-06-04T18:31:49.208+0000] {processor.py:208} INFO - Processing /opt/airflow/dags/olist_pipeline_dag.py took 0.590 seconds
[2026-06-04T18:32:20.236+0000] {processor.py:186} INFO - Started process (PID=266) to work on /opt/airflow/dags/olist_pipeline_dag.py
[2026-06-04T18:32:20.262+0000] {processor.py:914} INFO - Processing file /opt/airflow/dags/olist_pipeline_dag.py for tasks to queue
[2026-06-04T18:32:20.292+0000] {logging_mixin.py:190} INFO - [2026-06-04T18:32:20.290+0000] {dagbag.py:588} INFO - Filling up the DagBag from /opt/airflow/dags/olist_pipeline_dag.py
[2026-06-04T18:32:20.433+0000] {processor.py:925} INFO - DAG(s) 'olist_master_pipeline' retrieved from /opt/airflow/dags/olist_pipeline_dag.py
[2026-06-04T18:32:20.960+0000] {logging_mixin.py:190} INFO - [2026-06-04T18:32:20.958+0000] {dag.py:3239} INFO - Sync 1 DAGs
[2026-06-04T18:32:21.114+0000] {logging_mixin.py:190} INFO - [2026-06-04T18:32:21.113+0000] {dag.py:4180} INFO - Setting next_dagrun for olist_master_pipeline to None, run_after=None
[2026-06-04T18:32:21.252+0000] {processor.py:208} INFO - Processing /opt/airflow/dags/olist_pipeline_dag.py took 1.081 seconds
[2026-06-04T18:32:52.300+0000] {processor.py:186} INFO - Started process (PID=271) to work on /opt/airflow/dags/olist_pipeline_dag.py
[2026-06-04T18:32:52.312+0000] {processor.py:914} INFO - Processing file /opt/airflow/dags/olist_pipeline_dag.py for tasks to queue
[2026-06-04T18:32:52.358+0000] {logging_mixin.py:190} INFO - [2026-06-04T18:32:52.357+0000] {dagbag.py:588} INFO - Filling up the DagBag from /opt/airflow/dags/olist_pipeline_dag.py
[2026-06-04T18:32:52.466+0000] {processor.py:925} INFO - DAG(s) 'olist_master_pipeline' retrieved from /opt/airflow/dags/olist_pipeline_dag.py
[2026-06-04T18:32:52.683+0000] {logging_mixin.py:190} INFO - [2026-06-04T18:32:52.679+0000] {dag.py:3239} INFO - Sync 1 DAGs
[2026-06-04T18:32:52.769+0000] {logging_mixin.py:190} INFO - [2026-06-04T18:32:52.768+0000] {dag.py:4180} INFO - Setting next_dagrun for olist_master_pipeline to None, run_after=None
[2026-06-04T18:32:53.002+0000] {processor.py:208} INFO - Processing /opt/airflow/dags/olist_pipeline_dag.py took 0.750 seconds
[2026-06-04T18:33:24.987+0000] {processor.py:186} INFO - Started process (PID=276) to work on /opt/airflow/dags/olist_pipeline_dag.py
[2026-06-04T18:33:25.036+0000] {processor.py:914} INFO - Processing file /opt/airflow/dags/olist_pipeline_dag.py for tasks to queue
[2026-06-04T18:33:25.132+0000] {logging_mixin.py:190} INFO - [2026-06-04T18:33:25.108+0000] {dagbag.py:588} INFO - Filling up the DagBag from /opt/airflow/dags/olist_pipeline_dag.py
[2026-06-04T18:33:25.425+0000] {processor.py:925} INFO - DAG(s) 'olist_master_pipeline' retrieved from /opt/airflow/dags/olist_pipeline_dag.py
[2026-06-04T18:33:25.975+0000] {logging_mixin.py:190} INFO - [2026-06-04T18:33:25.970+0000] {dag.py:3239} INFO - Sync 1 DAGs
[2026-06-04T18:33:26.370+0000] {logging_mixin.py:190} INFO - [2026-06-04T18:33:26.366+0000] {dag.py:4180} INFO - Setting next_dagrun for olist_master_pipeline to None, run_after=None
[2026-06-04T18:33:26.628+0000] {processor.py:208} INFO - Processing /opt/airflow/dags/olist_pipeline_dag.py took 1.846 seconds
[2026-06-04T18:33:57.795+0000] {processor.py:186} INFO - Started process (PID=281) to work on /opt/airflow/dags/olist_pipeline_dag.py
[2026-06-04T18:33:57.817+0000] {processor.py:914} INFO - Processing file /opt/airflow/dags/olist_pipeline_dag.py for tasks to queue
[2026-06-04T18:33:57.849+0000] {logging_mixin.py:190} INFO - [2026-06-04T18:33:57.847+0000] {dagbag.py:588} INFO - Filling up the DagBag from /opt/airflow/dags/olist_pipeline_dag.py
[2026-06-04T18:33:57.970+0000] {processor.py:925} INFO - DAG(s) 'olist_master_pipeline' retrieved from /opt/airflow/dags/olist_pipeline_dag.py
[2026-06-04T18:33:58.316+0000] {logging_mixin.py:190} INFO - [2026-06-04T18:33:58.314+0000] {dag.py:3239} INFO - Sync 1 DAGs
[2026-06-04T18:33:58.398+0000] {logging_mixin.py:190} INFO - [2026-06-04T18:33:58.398+0000] {dag.py:4180} INFO - Setting next_dagrun for olist_master_pipeline to None, run_after=None
[2026-06-04T18:33:58.514+0000] {processor.py:208} INFO - Processing /opt/airflow/dags/olist_pipeline_dag.py took 0.802 seconds
[2026-06-04T18:34:29.301+0000] {processor.py:186} INFO - Started process (PID=286) to work on /opt/airflow/dags/olist_pipeline_dag.py
[2026-06-04T18:34:29.308+0000] {processor.py:914} INFO - Processing file /opt/airflow/dags/olist_pipeline_dag.py for tasks to queue
[2026-06-04T18:34:29.336+0000] {logging_mixin.py:190} INFO - [2026-06-04T18:34:29.330+0000] {dagbag.py:588} INFO - Filling up the DagBag from /opt/airflow/dags/olist_pipeline_dag.py
[2026-06-04T18:34:29.435+0000] {processor.py:925} INFO - DAG(s) 'olist_master_pipeline' retrieved from /opt/airflow/dags/olist_pipeline_dag.py
[2026-06-04T18:34:29.634+0000] {logging_mixin.py:190} INFO - [2026-06-04T18:34:29.633+0000] {dag.py:3239} INFO - Sync 1 DAGs
[2026-06-04T18:34:29.691+0000] {logging_mixin.py:190} INFO - [2026-06-04T18:34:29.691+0000] {dag.py:4180} INFO - Setting next_dagrun for olist_master_pipeline to None, run_after=None
[2026-06-04T18:34:29.773+0000] {processor.py:208} INFO - Processing /opt/airflow/dags/olist_pipeline_dag.py took 0.499 seconds
[2026-06-04T18:35:00.549+0000] {processor.py:186} INFO - Started process (PID=291) to work on /opt/airflow/dags/olist_pipeline_dag.py
[2026-06-04T18:35:00.557+0000] {processor.py:914} INFO - Processing file /opt/airflow/dags/olist_pipeline_dag.py for tasks to queue
[2026-06-04T18:35:00.580+0000] {logging_mixin.py:190} INFO - [2026-06-04T18:35:00.577+0000] {dagbag.py:588} INFO - Filling up the DagBag from /opt/airflow/dags/olist_pipeline_dag.py
[2026-06-04T18:35:00.677+0000] {processor.py:925} INFO - DAG(s) 'olist_master_pipeline' retrieved from /opt/airflow/dags/olist_pipeline_dag.py
[2026-06-04T18:35:00.877+0000] {logging_mixin.py:190} INFO - [2026-06-04T18:35:00.876+0000] {dag.py:3239} INFO - Sync 1 DAGs
[2026-06-04T18:35:00.974+0000] {logging_mixin.py:190} INFO - [2026-06-04T18:35:00.973+0000] {dag.py:4180} INFO - Setting next_dagrun for olist_master_pipeline to None, run_after=None
[2026-06-04T18:35:01.060+0000] {processor.py:208} INFO - Processing /opt/airflow/dags/olist_pipeline_dag.py took 0.527 seconds
[2026-06-04T18:35:32.032+0000] {processor.py:186} INFO - Started process (PID=296) to work on /opt/airflow/dags/olist_pipeline_dag.py
[2026-06-04T18:35:32.053+0000] {processor.py:914} INFO - Processing file /opt/airflow/dags/olist_pipeline_dag.py for tasks to queue
[2026-06-04T18:35:32.076+0000] {logging_mixin.py:190} INFO - [2026-06-04T18:35:32.071+0000] {dagbag.py:588} INFO - Filling up the DagBag from /opt/airflow/dags/olist_pipeline_dag.py
[2026-06-04T18:35:32.126+0000] {processor.py:925} INFO - DAG(s) 'olist_master_pipeline' retrieved from /opt/airflow/dags/olist_pipeline_dag.py
[2026-06-04T18:35:32.232+0000] {logging_mixin.py:190} INFO - [2026-06-04T18:35:32.231+0000] {dag.py:3239} INFO - Sync 1 DAGs
[2026-06-04T18:35:32.275+0000] {logging_mixin.py:190} INFO - [2026-06-04T18:35:32.275+0000] {dag.py:4180} INFO - Setting next_dagrun for olist_master_pipeline to None, run_after=None
[2026-06-04T18:35:32.303+0000] {processor.py:208} INFO - Processing /opt/airflow/dags/olist_pipeline_dag.py took 0.307 seconds
[2026-06-04T18:36:02.579+0000] {processor.py:186} INFO - Started process (PID=301) to work on /opt/airflow/dags/olist_pipeline_dag.py
[2026-06-04T18:36:02.603+0000] {processor.py:914} INFO - Processing file /opt/airflow/dags/olist_pipeline_dag.py for tasks to queue
[2026-06-04T18:36:02.633+0000] {logging_mixin.py:190} INFO - [2026-06-04T18:36:02.631+0000] {dagbag.py:588} INFO - Filling up the DagBag from /opt/airflow/dags/olist_pipeline_dag.py
[2026-06-04T18:36:02.850+0000] {processor.py:925} INFO - DAG(s) 'olist_master_pipeline' retrieved from /opt/airflow/dags/olist_pipeline_dag.py
[2026-06-04T18:36:03.051+0000] {logging_mixin.py:190} INFO - [2026-06-04T18:36:03.050+0000] {dag.py:3239} INFO - Sync 1 DAGs
[2026-06-04T18:36:03.100+0000] {logging_mixin.py:190} INFO - [2026-06-04T18:36:03.100+0000] {dag.py:4180} INFO - Setting next_dagrun for olist_master_pipeline to None, run_after=None
[2026-06-04T18:36:03.160+0000] {processor.py:208} INFO - Processing /opt/airflow/dags/olist_pipeline_dag.py took 0.641 seconds
[2026-06-04T18:36:34.039+0000] {processor.py:186} INFO - Started process (PID=306) to work on /opt/airflow/dags/olist_pipeline_dag.py
[2026-06-04T18:36:34.054+0000] {processor.py:914} INFO - Processing file /opt/airflow/dags/olist_pipeline_dag.py for tasks to queue
[2026-06-04T18:36:34.088+0000] {logging_mixin.py:190} INFO - [2026-06-04T18:36:34.077+0000] {dagbag.py:588} INFO - Filling up the DagBag from /opt/airflow/dags/olist_pipeline_dag.py
[2026-06-04T18:36:34.230+0000] {processor.py:925} INFO - DAG(s) 'olist_master_pipeline' retrieved from /opt/airflow/dags/olist_pipeline_dag.py
[2026-06-04T18:36:34.487+0000] {logging_mixin.py:190} INFO - [2026-06-04T18:36:34.486+0000] {dag.py:3239} INFO - Sync 1 DAGs
[2026-06-04T18:36:34.626+0000] {logging_mixin.py:190} INFO - [2026-06-04T18:36:34.625+0000] {dag.py:4180} INFO - Setting next_dagrun for olist_master_pipeline to None, run_after=None
[2026-06-04T18:36:34.702+0000] {processor.py:208} INFO - Processing /opt/airflow/dags/olist_pipeline_dag.py took 0.723 seconds
[2026-06-04T18:37:06.150+0000] {processor.py:186} INFO - Started process (PID=311) to work on /opt/airflow/dags/olist_pipeline_dag.py
[2026-06-04T18:37:06.165+0000] {processor.py:914} INFO - Processing file /opt/airflow/dags/olist_pipeline_dag.py for tasks to queue
[2026-06-04T18:37:06.207+0000] {logging_mixin.py:190} INFO - [2026-06-04T18:37:06.199+0000] {dagbag.py:588} INFO - Filling up the DagBag from /opt/airflow/dags/olist_pipeline_dag.py
[2026-06-04T18:37:06.299+0000] {processor.py:925} INFO - DAG(s) 'olist_master_pipeline' retrieved from /opt/airflow/dags/olist_pipeline_dag.py
[2026-06-04T18:37:06.601+0000] {logging_mixin.py:190} INFO - [2026-06-04T18:37:06.593+0000] {dag.py:3239} INFO - Sync 1 DAGs
[2026-06-04T18:37:06.662+0000] {logging_mixin.py:190} INFO - [2026-06-04T18:37:06.661+0000] {dag.py:4180} INFO - Setting next_dagrun for olist_master_pipeline to None, run_after=None
[2026-06-04T18:37:06.745+0000] {processor.py:208} INFO - Processing /opt/airflow/dags/olist_pipeline_dag.py took 0.664 seconds
[2026-06-04T18:37:36.987+0000] {processor.py:186} INFO - Started process (PID=316) to work on /opt/airflow/dags/olist_pipeline_dag.py
[2026-06-04T18:37:36.993+0000] {processor.py:914} INFO - Processing file /opt/airflow/dags/olist_pipeline_dag.py for tasks to queue
[2026-06-04T18:37:37.003+0000] {logging_mixin.py:190} INFO - [2026-06-04T18:37:37.002+0000] {dagbag.py:588} INFO - Filling up the DagBag from /opt/airflow/dags/olist_pipeline_dag.py
[2026-06-04T18:37:37.044+0000] {processor.py:925} INFO - DAG(s) 'olist_master_pipeline' retrieved from /opt/airflow/dags/olist_pipeline_dag.py
[2026-06-04T18:37:37.111+0000] {logging_mixin.py:190} INFO - [2026-06-04T18:37:37.110+0000] {dag.py:3239} INFO - Sync 1 DAGs
[2026-06-04T18:37:37.135+0000] {logging_mixin.py:190} INFO - [2026-06-04T18:37:37.134+0000] {dag.py:4180} INFO - Setting next_dagrun for olist_master_pipeline to None, run_after=None
[2026-06-04T18:37:37.155+0000] {processor.py:208} INFO - Processing /opt/airflow/dags/olist_pipeline_dag.py took 0.192 seconds
[2026-06-04T18:38:07.954+0000] {processor.py:186} INFO - Started process (PID=321) to work on /opt/airflow/dags/olist_pipeline_dag.py
[2026-06-04T18:38:07.959+0000] {processor.py:914} INFO - Processing file /opt/airflow/dags/olist_pipeline_dag.py for tasks to queue
[2026-06-04T18:38:07.971+0000] {logging_mixin.py:190} INFO - [2026-06-04T18:38:07.971+0000] {dagbag.py:588} INFO - Filling up the DagBag from /opt/airflow/dags/olist_pipeline_dag.py
[2026-06-04T18:38:08.027+0000] {processor.py:925} INFO - DAG(s) 'olist_master_pipeline' retrieved from /opt/airflow/dags/olist_pipeline_dag.py
[2026-06-04T18:38:08.148+0000] {logging_mixin.py:190} INFO - [2026-06-04T18:38:08.148+0000] {dag.py:3239} INFO - Sync 1 DAGs
[2026-06-04T18:38:08.182+0000] {logging_mixin.py:190} INFO - [2026-06-04T18:38:08.180+0000] {dag.py:4180} INFO - Setting next_dagrun for olist_master_pipeline to None, run_after=None
[2026-06-04T18:38:08.228+0000] {processor.py:208} INFO - Processing /opt/airflow/dags/olist_pipeline_dag.py took 0.294 seconds
[2026-06-04T18:38:39.059+0000] {processor.py:186} INFO - Started process (PID=326) to work on /opt/airflow/dags/olist_pipeline_dag.py
[2026-06-04T18:38:39.067+0000] {processor.py:914} INFO - Processing file /opt/airflow/dags/olist_pipeline_dag.py for tasks to queue
[2026-06-04T18:38:39.077+0000] {logging_mixin.py:190} INFO - [2026-06-04T18:38:39.077+0000] {dagbag.py:588} INFO - Filling up the DagBag from /opt/airflow/dags/olist_pipeline_dag.py
[2026-06-04T18:38:39.131+0000] {processor.py:925} INFO - DAG(s) 'olist_master_pipeline' retrieved from /opt/airflow/dags/olist_pipeline_dag.py
[2026-06-04T18:38:39.215+0000] {logging_mixin.py:190} INFO - [2026-06-04T18:38:39.214+0000] {dag.py:3239} INFO - Sync 1 DAGs
[2026-06-04T18:38:39.253+0000] {logging_mixin.py:190} INFO - [2026-06-04T18:38:39.253+0000] {dag.py:4180} INFO - Setting next_dagrun for olist_master_pipeline to None, run_after=None
[2026-06-04T18:38:39.289+0000] {processor.py:208} INFO - Processing /opt/airflow/dags/olist_pipeline_dag.py took 0.269 seconds
[2026-06-04T18:39:09.811+0000] {processor.py:186} INFO - Started process (PID=331) to work on /opt/airflow/dags/olist_pipeline_dag.py
[2026-06-04T18:39:09.814+0000] {processor.py:914} INFO - Processing file /opt/airflow/dags/olist_pipeline_dag.py for tasks to queue
[2026-06-04T18:39:09.845+0000] {logging_mixin.py:190} INFO - [2026-06-04T18:39:09.840+0000] {dagbag.py:588} INFO - Filling up the DagBag from /opt/airflow/dags/olist_pipeline_dag.py
[2026-06-04T18:39:09.906+0000] {processor.py:925} INFO - DAG(s) 'olist_master_pipeline' retrieved from /opt/airflow/dags/olist_pipeline_dag.py
[2026-06-04T18:39:10.035+0000] {logging_mixin.py:190} INFO - [2026-06-04T18:39:10.034+0000] {dag.py:3239} INFO - Sync 1 DAGs
[2026-06-04T18:39:10.068+0000] {logging_mixin.py:190} INFO - [2026-06-04T18:39:10.067+0000] {dag.py:4180} INFO - Setting next_dagrun for olist_master_pipeline to None, run_after=None
[2026-06-04T18:39:10.135+0000] {processor.py:208} INFO - Processing /opt/airflow/dags/olist_pipeline_dag.py took 0.344 seconds
[2026-06-04T18:39:40.273+0000] {processor.py:186} INFO - Started process (PID=336) to work on /opt/airflow/dags/olist_pipeline_dag.py
[2026-06-04T18:39:40.282+0000] {processor.py:914} INFO - Processing file /opt/airflow/dags/olist_pipeline_dag.py for tasks to queue
[2026-06-04T18:39:40.336+0000] {logging_mixin.py:190} INFO - [2026-06-04T18:39:40.328+0000] {dagbag.py:588} INFO - Filling up the DagBag from /opt/airflow/dags/olist_pipeline_dag.py
[2026-06-04T18:39:40.422+0000] {processor.py:925} INFO - DAG(s) 'olist_master_pipeline' retrieved from /opt/airflow/dags/olist_pipeline_dag.py
[2026-06-04T18:39:40.553+0000] {logging_mixin.py:190} INFO - [2026-06-04T18:39:40.553+0000] {dag.py:3239} INFO - Sync 1 DAGs
[2026-06-04T18:39:40.612+0000] {logging_mixin.py:190} INFO - [2026-06-04T18:39:40.612+0000] {dag.py:4180} INFO - Setting next_dagrun for olist_master_pipeline to None, run_after=None
[2026-06-04T18:39:40.655+0000] {processor.py:208} INFO - Processing /opt/airflow/dags/olist_pipeline_dag.py took 0.414 seconds
[2026-06-04T18:40:11.676+0000] {processor.py:186} INFO - Started process (PID=341) to work on /opt/airflow/dags/olist_pipeline_dag.py
[2026-06-04T18:40:11.688+0000] {processor.py:914} INFO - Processing file /opt/airflow/dags/olist_pipeline_dag.py for tasks to queue
[2026-06-04T18:40:11.719+0000] {logging_mixin.py:190} INFO - [2026-06-04T18:40:11.715+0000] {dagbag.py:588} INFO - Filling up the DagBag from /opt/airflow/dags/olist_pipeline_dag.py
[2026-06-04T18:40:11.849+0000] {processor.py:925} INFO - DAG(s) 'olist_master_pipeline' retrieved from /opt/airflow/dags/olist_pipeline_dag.py
[2026-06-04T18:40:12.197+0000] {logging_mixin.py:190} INFO - [2026-06-04T18:40:12.195+0000] {dag.py:3239} INFO - Sync 1 DAGs
[2026-06-04T18:40:12.255+0000] {logging_mixin.py:190} INFO - [2026-06-04T18:40:12.255+0000] {dag.py:4180} INFO - Setting next_dagrun for olist_master_pipeline to None, run_after=None
[2026-06-04T18:40:12.308+0000] {processor.py:208} INFO - Processing /opt/airflow/dags/olist_pipeline_dag.py took 0.655 seconds
[2026-06-04T18:40:43.350+0000] {processor.py:186} INFO - Started process (PID=346) to work on /opt/airflow/dags/olist_pipeline_dag.py
[2026-06-04T18:40:43.372+0000] {processor.py:914} INFO - Processing file /opt/airflow/dags/olist_pipeline_dag.py for tasks to queue
[2026-06-04T18:40:43.404+0000] {logging_mixin.py:190} INFO - [2026-06-04T18:40:43.401+0000] {dagbag.py:588} INFO - Filling up the DagBag from /opt/airflow/dags/olist_pipeline_dag.py
[2026-06-04T18:40:43.550+0000] {processor.py:925} INFO - DAG(s) 'olist_master_pipeline' retrieved from /opt/airflow/dags/olist_pipeline_dag.py
[2026-06-04T18:40:43.877+0000] {logging_mixin.py:190} INFO - [2026-06-04T18:40:43.875+0000] {dag.py:3239} INFO - Sync 1 DAGs
[2026-06-04T18:40:43.953+0000] {logging_mixin.py:190} INFO - [2026-06-04T18:40:43.953+0000] {dag.py:4180} INFO - Setting next_dagrun for olist_master_pipeline to None, run_after=None
[2026-06-04T18:40:44.041+0000] {processor.py:208} INFO - Processing /opt/airflow/dags/olist_pipeline_dag.py took 0.734 seconds
[2026-06-04T18:41:15.042+0000] {processor.py:186} INFO - Started process (PID=351) to work on /opt/airflow/dags/olist_pipeline_dag.py
[2026-06-04T18:41:15.052+0000] {processor.py:914} INFO - Processing file /opt/airflow/dags/olist_pipeline_dag.py for tasks to queue
[2026-06-04T18:41:15.067+0000] {logging_mixin.py:190} INFO - [2026-06-04T18:41:15.066+0000] {dagbag.py:588} INFO - Filling up the DagBag from /opt/airflow/dags/olist_pipeline_dag.py
[2026-06-04T18:41:15.128+0000] {processor.py:925} INFO - DAG(s) 'olist_master_pipeline' retrieved from /opt/airflow/dags/olist_pipeline_dag.py
[2026-06-04T18:41:15.227+0000] {logging_mixin.py:190} INFO - [2026-06-04T18:41:15.226+0000] {dag.py:3239} INFO - Sync 1 DAGs
[2026-06-04T18:41:15.291+0000] {logging_mixin.py:190} INFO - [2026-06-04T18:41:15.291+0000] {dag.py:4180} INFO - Setting next_dagrun for olist_master_pipeline to None, run_after=None
[2026-06-04T18:41:15.388+0000] {processor.py:208} INFO - Processing /opt/airflow/dags/olist_pipeline_dag.py took 0.394 seconds
[2026-06-04T18:41:45.845+0000] {processor.py:186} INFO - Started process (PID=356) to work on /opt/airflow/dags/olist_pipeline_dag.py
[2026-06-04T18:41:45.850+0000] {processor.py:914} INFO - Processing file /opt/airflow/dags/olist_pipeline_dag.py for tasks to queue
[2026-06-04T18:41:45.871+0000] {logging_mixin.py:190} INFO - [2026-06-04T18:41:45.870+0000] {dagbag.py:588} INFO - Filling up the DagBag from /opt/airflow/dags/olist_pipeline_dag.py
[2026-06-04T18:41:45.937+0000] {processor.py:925} INFO - DAG(s) 'olist_master_pipeline' retrieved from /opt/airflow/dags/olist_pipeline_dag.py
[2026-06-04T18:41:46.091+0000] {logging_mixin.py:190} INFO - [2026-06-04T18:41:46.091+0000] {dag.py:3239} INFO - Sync 1 DAGs
[2026-06-04T18:41:46.122+0000] {logging_mixin.py:190} INFO - [2026-06-04T18:41:46.122+0000] {dag.py:4180} INFO - Setting next_dagrun for olist_master_pipeline to None, run_after=None
[2026-06-04T18:41:46.145+0000] {processor.py:208} INFO - Processing /opt/airflow/dags/olist_pipeline_dag.py took 0.335 seconds
[2026-06-04T18:42:16.550+0000] {processor.py:186} INFO - Started process (PID=361) to work on /opt/airflow/dags/olist_pipeline_dag.py
[2026-06-04T18:42:16.554+0000] {processor.py:914} INFO - Processing file /opt/airflow/dags/olist_pipeline_dag.py for tasks to queue
[2026-06-04T18:42:16.562+0000] {logging_mixin.py:190} INFO - [2026-06-04T18:42:16.561+0000] {dagbag.py:588} INFO - Filling up the DagBag from /opt/airflow/dags/olist_pipeline_dag.py
[2026-06-04T18:42:16.604+0000] {processor.py:925} INFO - DAG(s) 'olist_master_pipeline' retrieved from /opt/airflow/dags/olist_pipeline_dag.py
[2026-06-04T18:42:16.652+0000] {logging_mixin.py:190} INFO - [2026-06-04T18:42:16.652+0000] {dag.py:3239} INFO - Sync 1 DAGs
[2026-06-04T18:42:16.678+0000] {logging_mixin.py:190} INFO - [2026-06-04T18:42:16.678+0000] {dag.py:4180} INFO - Setting next_dagrun for olist_master_pipeline to None, run_after=None
[2026-06-04T18:42:16.708+0000] {processor.py:208} INFO - Processing /opt/airflow/dags/olist_pipeline_dag.py took 0.184 seconds
[2026-06-04T18:42:46.953+0000] {processor.py:186} INFO - Started process (PID=366) to work on /opt/airflow/dags/olist_pipeline_dag.py
[2026-06-04T18:42:46.960+0000] {processor.py:914} INFO - Processing file /opt/airflow/dags/olist_pipeline_dag.py for tasks to queue
[2026-06-04T18:42:46.972+0000] {logging_mixin.py:190} INFO - [2026-06-04T18:42:46.969+0000] {dagbag.py:588} INFO - Filling up the DagBag from /opt/airflow/dags/olist_pipeline_dag.py
[2026-06-04T18:42:47.001+0000] {processor.py:925} INFO - DAG(s) 'olist_master_pipeline' retrieved from /opt/airflow/dags/olist_pipeline_dag.py
[2026-06-04T18:42:47.046+0000] {logging_mixin.py:190} INFO - [2026-06-04T18:42:47.045+0000] {dag.py:3239} INFO - Sync 1 DAGs
[2026-06-04T18:42:47.084+0000] {logging_mixin.py:190} INFO - [2026-06-04T18:42:47.084+0000] {dag.py:4180} INFO - Setting next_dagrun for olist_master_pipeline to None, run_after=None
[2026-06-04T18:42:47.102+0000] {processor.py:208} INFO - Processing /opt/airflow/dags/olist_pipeline_dag.py took 0.159 seconds
[2026-06-04T18:43:17.484+0000] {processor.py:186} INFO - Started process (PID=371) to work on /opt/airflow/dags/olist_pipeline_dag.py
[2026-06-04T18:43:17.488+0000] {processor.py:914} INFO - Processing file /opt/airflow/dags/olist_pipeline_dag.py for tasks to queue
[2026-06-04T18:43:17.493+0000] {logging_mixin.py:190} INFO - [2026-06-04T18:43:17.492+0000] {dagbag.py:588} INFO - Filling up the DagBag from /opt/airflow/dags/olist_pipeline_dag.py
[2026-06-04T18:43:17.513+0000] {processor.py:925} INFO - DAG(s) 'olist_master_pipeline' retrieved from /opt/airflow/dags/olist_pipeline_dag.py
[2026-06-04T18:43:17.575+0000] {logging_mixin.py:190} INFO - [2026-06-04T18:43:17.575+0000] {dag.py:3239} INFO - Sync 1 DAGs
[2026-06-04T18:43:17.593+0000] {logging_mixin.py:190} INFO - [2026-06-04T18:43:17.592+0000] {dag.py:4180} INFO - Setting next_dagrun for olist_master_pipeline to None, run_after=None
[2026-06-04T18:43:17.617+0000] {processor.py:208} INFO - Processing /opt/airflow/dags/olist_pipeline_dag.py took 0.144 seconds
[2026-06-04T18:43:48.032+0000] {processor.py:186} INFO - Started process (PID=376) to work on /opt/airflow/dags/olist_pipeline_dag.py
[2026-06-04T18:43:48.035+0000] {processor.py:914} INFO - Processing file /opt/airflow/dags/olist_pipeline_dag.py for tasks to queue
[2026-06-04T18:43:48.040+0000] {logging_mixin.py:190} INFO - [2026-06-04T18:43:48.040+0000] {dagbag.py:588} INFO - Filling up the DagBag from /opt/airflow/dags/olist_pipeline_dag.py
[2026-06-04T18:43:48.059+0000] {processor.py:925} INFO - DAG(s) 'olist_master_pipeline' retrieved from /opt/airflow/dags/olist_pipeline_dag.py
[2026-06-04T18:43:48.102+0000] {logging_mixin.py:190} INFO - [2026-06-04T18:43:48.102+0000] {dag.py:3239} INFO - Sync 1 DAGs
[2026-06-04T18:43:48.120+0000] {logging_mixin.py:190} INFO - [2026-06-04T18:43:48.120+0000] {dag.py:4180} INFO - Setting next_dagrun for olist_master_pipeline to None, run_after=None
[2026-06-04T18:43:48.147+0000] {processor.py:208} INFO - Processing /opt/airflow/dags/olist_pipeline_dag.py took 0.137 seconds
[2026-06-04T18:44:18.861+0000] {processor.py:186} INFO - Started process (PID=381) to work on /opt/airflow/dags/olist_pipeline_dag.py
[2026-06-04T18:44:18.868+0000] {processor.py:914} INFO - Processing file /opt/airflow/dags/olist_pipeline_dag.py for tasks to queue
[2026-06-04T18:44:18.900+0000] {logging_mixin.py:190} INFO - [2026-06-04T18:44:18.899+0000] {dagbag.py:588} INFO - Filling up the DagBag from /opt/airflow/dags/olist_pipeline_dag.py
[2026-06-04T18:44:18.952+0000] {processor.py:925} INFO - DAG(s) 'olist_master_pipeline' retrieved from /opt/airflow/dags/olist_pipeline_dag.py
[2026-06-04T18:44:19.026+0000] {logging_mixin.py:190} INFO - [2026-06-04T18:44:19.025+0000] {dag.py:3239} INFO - Sync 1 DAGs
[2026-06-04T18:44:19.046+0000] {logging_mixin.py:190} INFO - [2026-06-04T18:44:19.046+0000] {dag.py:4180} INFO - Setting next_dagrun for olist_master_pipeline to None, run_after=None
[2026-06-04T18:44:19.067+0000] {processor.py:208} INFO - Processing /opt/airflow/dags/olist_pipeline_dag.py took 0.262 seconds
[2026-06-04T18:44:49.291+0000] {processor.py:186} INFO - Started process (PID=386) to work on /opt/airflow/dags/olist_pipeline_dag.py
[2026-06-04T18:44:49.295+0000] {processor.py:914} INFO - Processing file /opt/airflow/dags/olist_pipeline_dag.py for tasks to queue
[2026-06-04T18:44:49.300+0000] {logging_mixin.py:190} INFO - [2026-06-04T18:44:49.300+0000] {dagbag.py:588} INFO - Filling up the DagBag from /opt/airflow/dags/olist_pipeline_dag.py
[2026-06-04T18:44:49.328+0000] {processor.py:925} INFO - DAG(s) 'olist_master_pipeline' retrieved from /opt/airflow/dags/olist_pipeline_dag.py
[2026-06-04T18:44:49.374+0000] {logging_mixin.py:190} INFO - [2026-06-04T18:44:49.374+0000] {dag.py:3239} INFO - Sync 1 DAGs
[2026-06-04T18:44:49.391+0000] {logging_mixin.py:190} INFO - [2026-06-04T18:44:49.391+0000] {dag.py:4180} INFO - Setting next_dagrun for olist_master_pipeline to None, run_after=None
[2026-06-04T18:44:49.412+0000] {processor.py:208} INFO - Processing /opt/airflow/dags/olist_pipeline_dag.py took 0.145 seconds
[2026-06-04T18:45:19.852+0000] {processor.py:186} INFO - Started process (PID=391) to work on /opt/airflow/dags/olist_pipeline_dag.py
[2026-06-04T18:45:19.857+0000] {processor.py:914} INFO - Processing file /opt/airflow/dags/olist_pipeline_dag.py for tasks to queue
[2026-06-04T18:45:19.871+0000] {logging_mixin.py:190} INFO - [2026-06-04T18:45:19.869+0000] {dagbag.py:588} INFO - Filling up the DagBag from /opt/airflow/dags/olist_pipeline_dag.py
[2026-06-04T18:45:19.919+0000] {processor.py:925} INFO - DAG(s) 'olist_master_pipeline' retrieved from /opt/airflow/dags/olist_pipeline_dag.py
[2026-06-04T18:45:20.138+0000] {logging_mixin.py:190} INFO - [2026-06-04T18:45:20.138+0000] {dag.py:3239} INFO - Sync 1 DAGs
[2026-06-04T18:45:20.165+0000] {logging_mixin.py:190} INFO - [2026-06-04T18:45:20.164+0000] {dag.py:4180} INFO - Setting next_dagrun for olist_master_pipeline to None, run_after=None
[2026-06-04T18:45:20.226+0000] {processor.py:208} INFO - Processing /opt/airflow/dags/olist_pipeline_dag.py took 0.411 seconds
